probe,scene,N,g0,g1,g2,g3,g4,g_min_over_max
A,00f7c6d95b7d4c359681cc3b93f8a077,5,0.0007621540571562946,0.0007621542317792773,0.0007621541735716164,0.0007621541735716164,0.0007621539407409728,0.9999996181372582
A,00ff6c772dce4e84bf66544ada6093a0,5,0.000783997995313257,0.0007839975296519697,0.0007839978788979352,0.0007839972386136651,0.0007839974132366478,0.9999990348194812
A,0104f4b9bd3c476d949785e03f2ff7c6,5,0.0007549148285761476,0.0007549147703684866,0.0007549147121608257,0.0007549147703684866,0.0007549147121608257,0.9999998457901244
A,0109cde49c664b408e6a95a82d235070,5,0.0008120505372062325,0.0008120501297526062,0.0008120508282445371,0.0008120507118292153,0.0008120507118292153,0.9999991398421051
A,01f2d9c189f5404c97f696d022b0ad81,5,0.0007564531406387687,0.0007564531988464296,0.0007564531988464296,0.0007564531406387687,0.0007564531406387687,0.9999999230518676
A,024bfdbc8f1c4a75bdbaaecb905e04e8,5,0.0007643543067388237,0.0007643543067388237,0.0007643543067388237,0.0007643542485311627,0.0007643543067388237,0.9999999238472782
A,027e8e8787bf40689bdd8e795636a106,5,0.0008012507460080087,0.0008012501639313996,0.0008012505131773651,0.0008012500475160778,0.0008012503385543823,0.9999991282480117
A,02c1619333c74000886bee7b9667e1d6,5,0.0007916567847132683,0.0007916567847132683,0.0007916571921668947,0.000791656959336251,0.000791656959336251,0.9999994853155755
A,02fc000a981e416386d8cc51c858de5b,5,0.0007709198980592191,0.000770920014474541,0.0007709211786277592,0.0007709196070209146,0.000770920654758811,0.9999979613910108
A,03ba54375bcb45d1a92a5dcb9e8e3a59,5,0.0008391343289986253,0.0008391343872062862,0.0008391354349441826,0.0008391346782445908,0.0008391348528675735,0.9999986820416451
A,0437089225fb4b8496c6c4a824d370e6,5,0.0007508839480578899,0.0007508839480578899,0.0007508839480578899,0.0007508839480578899,0.0007508839480578899,1.0
A,048002dcad254cf8b57d51d84ad84435,5,0.0007559437653981149,0.0007559437653981149,0.0007559437653981149,0.0007559437653981149,0.0007559437653981149,1.0
A,04dbe2471a134bd68f5b8d8d4af95aae,5,0.0008159203571267426,0.000815921404864639,0.0008159206481650472,0.0008159208227880299,0.0008159205317497253,0.9999987158837969
A,04e43ff1195e45029a03b6cdc53f9aa8,5,0.0007648134487681091,0.0007648135651834309,0.00076481350697577,0.0007648134487681091,0.0007648134487681091,0.9999998477860134
A,04e5ee9a0baa446e9ab973cce0153bc8,5,0.0008008683216758072,0.0008008683216758072,0.0008008683216758072,0.0008008683216758072,0.0008008683216758072,1.0
A,05703932eb2c45c0918d4f91c875d064,5,0.0007499903440475464,0.0007499901112169027,0.0007499903440475464,0.0007499899948015809,0.0007499900530092418,0.9999995343327174
A,060c9e87a01b4fd08f87578d63e4961e,5,0.0008535299566574395,0.0008535307133570313,0.0008535308879800141,0.0008535311790183187,0.0008535308879800141,0.9999985678778828
A,062ad5b97bf34d75b7c7003b9b6f2cb0,5,0.0008258867892436683,0.0008258866146206856,0.0008258867892436683,0.0008258862653747201,0.0008258866146206856,0.9999993656891537
A,069044476a7f49b9b83f6364654c85c3,5,0.0007580845849588513,0.0007580844103358686,0.0007580842939205468,0.0007580844103358686,0.0007580844103358686,0.9999996160872938
A,0692e0ff0ef34b21b1f3659270d2e558,5,0.0007509079878218472,0.0007509078714065254,0.0007509076385758817,0.0007509076967835426,0.0007509078714065254,0.9999995349017841
A,06dd0877eb584e569d1bc9070e42baa2,5,0.0007961347582750022,0.0007961345254443586,0.0007961348746903241,0.000796134234406054,0.0007961344090290368,0.9999991957590474
A,07a81928f67f4aa2ad0d59a057ae374e,5,0.0007548611611127853,0.0007548612775281072,0.0007548611029051244,0.0007548611611127853,0.0007548612193204463,0.9999997686687767
A,07c2642631f947a5ac799dddeea39eb9,5,0.0007681979914195836,0.0007681981078349054,0.0007681981660425663,0.0007681979914195836,0.0007681981660425663,0.9999997726849783
A,086be698bca14d7791d9032884909954,5,0.0007767457864247262,0.0007767457864247262,0.0007767456700094044,0.0007767457864247262,0.0007767456700094044,0.9999998501242957
A,087ca366dee64594bba4189b31dd7a45,5,0.0007540522492490709,0.0007540518417954445,0.0007540518417954445,0.0007540519582107663,0.0007540520164184272,0.9999994596480194
A,08aab5b01d384e0082c56c17fc9f2245,5,0.0008346185204572976,0.0008346183458343148,0.0008346186950802803,0.0008346185204572976,0.0008346186950802803,0.9999995815502726
A,08bc3a0eec7042389949e2c5ad9bf700,5,0.000821667374111712,0.0008216669084504247,0.0008216667338274419,0.0008216666174121201,0.0008216662681661546,0.9999986540227929
A,099450527f614a3e81baf1fe4fe087ab,5,0.0007730796351097524,0.0007730798679403961,0.0007730798679403961,0.000773079926148057,0.0007730798097327352,0.9999996235340037
A,09fb340c826c402683eca48320936aec,5,0.0007591315661557019,0.0007591316825710237,0.0007591316825710237,0.00075913144974038,0.0007591313915327191,0.9999996166168383
A,0a354259149c4930bac9bab65ce89cdd,5,0.0007691655191592872,0.0007691655773669481,0.0007691657519899309,0.0007691657519899309,0.0007691657519899309,0.9999996972945778
A,0a39c8c2a2df48b6a072da1d9306cf36,5,0.0007659300463274121,0.000765930104535073,0.0007659294060431421,0.0007659302209503949,0.0007659300463274121,0.9999989360554911
A,0ae2a05bf20c4b028b86c33e26aa9e0c,5,0.000757530564442277,0.000757530506234616,0.0007575309136882424,0.0007575309136882424,0.0007575309136882424,0.9999994621293745
A,0af17e65f26647cc99709f7d15944994,5,0.0007809072267264128,0.0007809074013493955,0.0007809075759723783,0.0007809074595570564,0.0007809069938957691,0.9999992546152361
A,0b1cc5fa9d8744ddabb84d3ec55b9a97,5,0.0007517970516346395,0.0007517968770116568,0.0007517970516346395,0.0007517969352193177,0.0007517969352193177,0.999999767725901
A,0b6168841a3f46bdaa56947d469c79da,5,0.000789698155131191,0.0007896982133388519,0.0007896982133388519,0.0007896982133388519,0.0007896983297541738,0.9999997788738102
A,0bba5774d2bd40e48a2d246fdd0b92f5,5,0.0008620211738161743,0.0008620219305157661,0.0008620208245702088,0.0008620214066468179,0.0008620200678706169,0.9999978392137331
A,0c5eb9cedea94e2180187a07cb661ceb,5,0.0008548168698325753,0.0008548173937015235,0.0008548173937015235,0.0008548173937015235,0.0008548171608708799,0.9999993871568921
A,0c87b9d50c7f4a2292e337ceb54ec36a,5,0.0007602674886584282,0.0007602674886584282,0.00076026760507375,0.0007602676632814109,0.0007602673140354455,0.9999995406276205
A,0cc862bb5d9f41269631ff62504cfdf9,5,0.0007500002975575626,0.0007500002975575626,0.0007500002975575626,0.0007500002975575626,0.0007500002975575626,1.0
A,0e63e1ef419b49278ddc45ec63f69979,5,0.0007587214349769056,0.0007587215513922274,0.0007587215513922274,0.0007587216095998883,0.0007587216095998883,0.9999997698457768
A,0e92245b9cac4423810aece64743decd,5,0.000755989458411932,0.0007559895166195929,0.000755989458411932,0.0007559896330349147,0.0007559893419966102,0.9999996150234185
A,0f3d54f4b2b74580a2c1891c1116dc5f,5,0.0007848668028600514,0.000784867093898356,0.0007848666864447296,0.0007848668028600514,0.0007848668028600514,0.9999994808629008
A,0f48025ff969419582312f9a02fd7af0,5,0.0007565041887573898,0.0007564934785477817,0.0007564445259049535,0.000756444176658988,0.0007564627449028194,0.999920671822716
A,10edcd93ffa94c2a8cc0bc2e9bcf7eae,5,0.000760649039875716,0.0007606489234603941,0.0007606489234603941,0.0007606489816680551,0.0007606489816680551,0.9999998469526474
A,1175f68a974a45f5b9b6e51c08f1a432,5,0.0007702615112066269,0.0007702611619606614,0.0007702609873376787,0.0007702609291300178,0.0007702609291300178,0.9999992443130019
A,11940acb7fe34046ae965ed2fc1a3359,5,0.0007483434746973217,0.0007483434746973217,0.0007483434746973217,0.0007483434746973217,0.0007483434164896607,0.9999999222179883
A,1199736697cb491a899f77c0b75112dd,5,0.0008037465740926564,0.0008037465740926564,0.0008037464576773345,0.0008037464576773345,0.0008037464576773345,0.9999998551591689
A,11b4c003677148478409d6a66a65eb0e,5,0.0007746300543658435,0.0007746300543658435,0.0007746300543658435,0.0007746302871964872,0.0007746302871964872,0.9999996994299765
A,12aef634af8944ff86f9a967ccb1608b,5,0.0007960619404911995,0.0007960618822835386,0.0007960619404911995,0.0007960622315295041,0.0007960619404911995,0.9999995612830861
A,1397ff3d60e04d9aa7b0524d022cf5cf,5,0.0007846968364901841,0.0007857669261284173,0.000787822064012289,0.0007894361624494195,0.0007913000881671906,0.9916551864763457
A,13c868d7ccfa48288730c0e6334a288c,5,0.0007756249397061765,0.0007756284903734922,0.0007756307604722679,0.0007756228442303836,0.0007756245322525501,0.9999897938010099
A,13d4e5021ab84f30afd31f35c213cccb,5,0.0008033820777200162,0.000803382252342999,0.0008033821359276772,0.0008033819613046944,0.0008033819613046944,0.9999996377337143
A,1420fb72273245db90f1e90ab0bc1724,5,0.0007561770617030561,0.000756177119910717,0.0007561770617030561,0.0007561770617030561,0.0007561770617030561,0.9999999230237739
A,15db5f6f195c4995898af1b0ce431f80,5,0.0007886387757025659,0.0007886390085332096,0.0007886385428719223,0.0007886389503255486,0.0007886387757025659,0.9999994095381001
A,1603ccd8b72e49c1a7074f124b212f0e,5,0.00074889010284096,0.0007488899864256382,0.0007488899864256382,0.00074889010284096,0.00074889010284096,0.9999998445495255
A,16ffa17d84c8467f89403df9ad894301,5,0.0008517917594872415,0.0008517915266565979,0.0008517911774106324,0.0008517910027876496,0.0008517913520336151,0.9999991116378112
A,17092add79b24457ba29f0b35d660072,5,0.000769958773162216,0.0007699586567468941,0.0007699590642005205,0.000769958714954555,0.0007699589477851987,0.9999994708113128
A,179832b0585c415d979f90dced97ae71,5,0.0007568289875052869,0.0007568288710899651,0.0007568287546746433,0.0007568288710899651,0.0007568288710899651,0.9999996923602987
A,17bc5de2691b43cfb873091778a8de52,5,0.000752801715862006,0.000752801657654345,0.000752801715862006,0.000752801715862006,0.000752801715862006,0.9999999226786288
A,18b0f54db566476fb861c8fa187cd8d8,5,0.0007559225778095424,0.0007559220539405942,0.0007559225196018815,0.0007559221121482551,0.0007559221121482551,0.9999993069806835
A,1907da7461054e5ba6885302c08c2677,5,0.0007787444046698511,0.0007786370697431266,0.0007786420756019652,0.0007786384667269886,0.0007786396308802068,0.9998621692482401
A,191df4fa5f48453d81ede86ed863a3c2,5,0.0007804298074916005,0.0007796180434525013,0.000779548950958997,0.0007797462749294937,0.000779643130954355,0.9988713186962519
A,193c0e81efc74ed0bd5834586cf3fe8f,5,0.0007590293535031378,0.0007590294699184597,0.0007590292952954769,0.0007590294699184597,0.000759029237087816,0.9999996932521689
A,195a37929e644c3dbfbe25de252b0969,5,0.0007546301349066198,0.000754630018491298,0.0007546301349066198,0.0007546300766989589,0.000754630018491298,0.9999998457319468
A,1ada36a1a86a4bdaaa106bee7d9ac67d,5,0.0007839546888135374,0.0007839547470211983,0.0007839546888135374,0.0007839547470211983,0.000783954281359911,0.9999994060099909
A,1b98302c1ed9406a8343b3d39d6c5095,5,0.0007819047314114869,0.000781904614996165,0.0007819047314114869,0.0007819047314114869,0.0007819047314114869,0.9999998511131636
A,1bbd90606751424ca876f2c94e183784,5,0.0007516096229664981,0.0007516093901358545,0.0007516089244745672,0.0007516091573052108,0.0007516105542890728,0.9999978315704905
A,1bc61e7f64a54ccc9f3942b874779522,5,0.0007995373453013599,0.0007995373453013599,0.0007995376363396645,0.0007995377527549863,0.0007995371124707162,0.9999991991819425
A,1d29f591697e493387d51a116b895934,5,0.0007925745449028909,0.0007925734971649945,0.0007925754762254655,0.0007925773388706148,0.0007925772224552929,0.9999951528949519
A,1dbcb5f847804c75822615e161505d83,5,0.0007507907575927675,0.0007507907575927675,0.0007507907575927675,0.0007507907575927675,0.0007507907575927675,1.0
A,1e5929958e9d4fd5b0b8cdeaf2752d01,5,0.0007503184024244547,0.0007503183442167938,0.0007503184024244547,0.0007503184024244547,0.0007503183442167938,0.9999999224227198
A,1ea9f54daa68475d867243576d94e9b5,5,0.0008441071258857846,0.0008440680685453117,0.0008440610254183412,0.0008440531673841178,0.0008440532837994397,0.9999360762396003
A,1eeefd2d22dd4b6c8ec6fbfa1f885d01,5,0.0007733529200777411,0.000773353036493063,0.0007733527454547584,0.000773353036493063,0.000773353036493063,0.999999623666953
A,1f6c403e514e4d259ecb329543003c3d,5,0.0008328512194566429,0.0008328512194566429,0.0008328512194566429,0.0008328509866259992,0.0008328516269102693,0.9999992312144812
A,1f899649bb9f4e51a031668b0a97d438,5,0.001033375388942659,0.0010333756217733026,0.0010333772515878081,0.0010333743412047625,0.0010333743412047625,0.9999971836199789
A,202304220aef4cac84572ec4a072bf68,5,0.0008184138569049537,0.0008194839465431869,0.0008244416094385087,0.000809747667517513,0.0007936613983474672,0.9626653837716844
A,210f600a968c47e4abeed9c8d25f36bd,5,0.000748631835449487,0.000748631835449487,0.000748631835449487,0.000748631835449487,0.000748631835449487,1.0
A,21228b0cf30745efbf0842c86f34e584,5,0.0009645812097005546,0.0009645807440392673,0.0009645805694162846,0.0009645816753618419,0.0009645814425311983,0.9999988534453996
A,2242ba8057ed45c998208ca71cd13b3e,5,0.0007741684094071388,0.0007741685840301216,0.0007741687004454434,0.0007741688168607652,0.0007741688168607652,0.9999994736889196
A,229df31da28c4d3390d6ae1fef2867e0,5,0.0008693870040588081,0.0008693881682120264,0.0008693888667039573,0.0008693875861354172,0.0008693877607584,0.9999978575235772
A,22a62914e48948cbb93a08364e3d650c,5,0.0007584284176118672,0.0007582827238366008,0.0007579567027278244,0.0007575344643555582,0.0007579108350910246,0.9988213083324015
A,2408f7b6d1d64b9ca70b14a84dee8d84,5,0.000783194787800312,0.0007831992697902024,0.000783199560828507,0.0007831989205442369,0.0007832017145119607,0.9999911559033638
A,24a0d4520d444db7980f3737950f2a5c,5,0.000789068581070751,0.000789068581070751,0.0007890687556937337,0.0007890686392784119,0.0007890679989941418,0.9999990410219814
A,2570d5ef94e740e9bd85d42e6b8c59f6,5,0.0007546941633336246,0.0007546941051259637,0.0007546941051259637,0.0007546941051259637,0.0007546941051259637,0.9999999228725175
A,25b1735633484414aef07006a0099c26,5,0.0007581496611237526,0.0007581509416922927,0.0007581508252769709,0.0007581517565995455,0.000758152105845511,0.9999967754204736
A,25b74c8c02ef41f6bdb3dc2b097c6eee,5,0.0007702961447648704,0.0007702430593781173,0.0007702421280555427,0.0007702430593781173,0.0007703485316596925,0.9998618760213372
A,260151f2360c484e8c0a5034ff391021,5,0.0007851131376810372,0.0007849675021134317,0.0007848911336623132,0.0007849380490370095,0.0007849411922506988,0.9997172330864572
A,273a3aa035784eacb89db08c1a0710bf,5,0.0007952158339321613,0.0007952162995934486,0.0007952160085551441,0.0007952160085551441,0.0007952158339321613,0.9999994144218528
A,276f390b0cfc475898b445466d387cf6,5,0.0007555148913525045,0.0007555148913525045,0.0007555147749371827,0.0007555148913525045,0.0007555149495601654,0.9999997688689246
A,27b4f79643cb40ae8cdde5d5a9adebf1,5,0.0007542535895481706,0.0007542534149251878,0.0007542534149251878,0.0007542536477558315,0.0007542534149251878,0.9999996913098871
A,285fbc3ac47c47dead4bae4f21dbf966,5,0.000916305638384074,0.0009163065697066486,0.0009163065114989877,0.0009163070353679359,0.0009163066861219704,0.9999984754194741
A,28e9c03735124472877f9f4741a74d78,5,0.0007844174397177994,0.0007844180217944086,0.0007844177889637649,0.0007844174397177994,0.0007844181964173913,0.9999990353365139
A,28f3639867884b1ab9357e990899d9d6,5,0.0008029047749005258,0.0008029048331081867,0.0008029047749005258,0.000802904658485204,0.0008029047749005258,0.9999997825109832
A,2989fed94cf84cc8bddefad13d208932,5,0.0007929863641038537,0.0007929871790111065,0.0007929867133498192,0.0007929868879728019,0.0007929871208034456,0.9999989723575937
A,29bc29d28a574da5a81e51a7bdccc563,5,0.0007509550778195262,0.000751001643948257,0.0007510750438086689,0.0007508354028686881,0.0007507051341235638,0.9995074930419345
A,29dd1b62f2a74a1f85cad5fede2fc423,5,0.0008230485254898667,0.0008230485836975276,0.0008230487001128495,0.0008230485254898667,0.0008230487001128495,0.9999997878339608
A,29dfbc6436484061ba94690407c5f8fd,5,0.0008635576232336462,0.0008635569247417152,0.0008635573321953416,0.0008635578560642898,0.0008635579724796116,0.9999987867196762
A,2a37df8f84254af1aa4fca1efdbc4fe7,5,0.0007938875933177769,0.0007938875933177769,0.0007938874769024551,0.0007938877679407597,0.0007938869530335069,0.9999989735233547
A,2b59a3b183004c3c860337ceb41750c8,5,0.0007843429339118302,0.000784343050327152,0.0007843438652344048,0.0007843432831577957,0.0007843435159884393,0.9999988126093466
A,2be296fc2d684166b4e0dcbe84d92337,5,0.0007934644818305969,0.0007934643072076142,0.0007934641325846314,0.0007934643072076142,0.000793463725131005,0.9999990463346385
A,2c0aa3bfb16540fba4ba538a8c67f3b3,5,0.0007491811411455274,0.0007491811411455274,0.0007491811411455274,0.0007491811411455274,0.0007491811411455274,1.0
A,2c3da301c24245ce9b25ce41e44a5b35,5,0.0007722368463873863,0.0007726614712737501,0.000772675673943013,0.0007724493625573814,0.0007726133917458355,0.9994320675926197
A,2c60afeb98c3492f8007ac509de7698b,5,0.0007507709669880569,0.0007507710834033787,0.0007507709669880569,0.000750770908780396,0.0007507710251957178,0.9999997674084863
A,2c6ce38f887f4373ae8f065210b7e9ee,5,0.0007613091147504747,0.0007613091729581356,0.0007613092893734574,0.0007613092893734574,0.0007613092893734574,0.9999997706280678
A,2c886582d8a94d5d9994de58b51911eb,5,0.0008919203537516296,0.000891921401489526,0.0008919226238504052,0.0008919216925278306,0.0008919224492274225,0.9999974548254356
A,2cdb6470844d4daba89365be8ad30f14,5,0.0007503334782086313,0.0007503418601118028,0.0007503498927690089,0.0007503365050069988,0.0007503379019908607,0.9999781241251104
A,2cf849fec80647928b7638ef08e602f4,5,0.0008498802781105042,0.0008498801034875214,0.0008498801034875214,0.0008498798124492168,0.0008498799288645387,0.9999994520860181
A,2d0280394a11463a9bf5b6ef8a1659a1,5,0.0008428883156739175,0.0008428894216194749,0.0008428894798271358,0.0008428892469964921,0.0008428883156739175,0.9999986188542553
A,2d514ed8cabb4519b0e376bd0950115e,5,0.0007975086919032037,0.0007975085754878819,0.0007974843611009419,0.0007974302279762924,0.0007974371546879411,0.9999016137031383
A,2d6cf5ded8634930b65314a62150bc6f,5,0.0007554986514151096,0.0007554985932074487,0.0007554985932074487,0.0007554985932074487,0.0007554986514151096,0.9999999229546461
A,2d8059066be34f61af4776f23f00640c,5,0.0008026836439967155,0.0008026832947507501,0.0008026825380511582,0.00080268265446648,0.0008026831201277673,0.9999986221899928
A,2d82e08ea31549a99aa03ac6511613c6,5,0.0007749255164526403,0.0007749141077511013,0.0007749266223981977,0.0007749103242531419,0.0007749148062430322,0.9999789681440995
A,2dfa3a4d58a442bb9abbf1f7beb2e5e6,5,0.0009330204920843244,0.0009330205502919853,0.0009330204920843244,0.0009330207831226289,0.0009330205502919853,0.999999688068787
A,2f761f9165384a0e8f51abafd1247e35,5,0.0007885919767431915,0.0007885903469286859,0.0007885938393883407,0.000788597040809691,0.0007885922095738351,0.9999915116584788
A,2fd7a41706254e6cb2c24467a5ca0370,5,0.0007516983896493912,0.0007516905898228288,0.0007516854093410075,0.0007516818004660308,0.0007516765035688877,0.9999708844919654
A,3050967715914e7791ae4a1d47551822,5,0.0008195079280994833,0.0008195074624381959,0.0008195074624381959,0.0008195076370611787,0.0008195074624381959,0.9999994317793991
A,308472c7daa94a4fbb44be3a345a879a,5,0.0007959235808812082,0.0007959234644658864,0.0007959235808812082,0.0007959236390888691,0.0007959235808812082,0.9999997806033466
A,3098fe550c534448adf2e2844e06950d,5,0.0007591828471049666,0.0007591829053126276,0.0007591829635202885,0.0007591828471049666,0.0007591829053126276,0.999999846657094
A,31260ec93c914a0ea7835850db66e445,5,0.0008514332585036755,0.0008514332002960145,0.0008514329674653709,0.0008514329674653709,0.0008514337241649628,0.9999991112642471
A,319376f14ac644759cc5f8fae239d6be,5,0.0007842760533094406,0.0007842760533094406,0.0007842761697247624,0.0007842763443477452,0.0007842761697247624,0.999999628908475
A,31aa0fb227cb47b1897084a9d23aa10f,5,0.0007496257312595844,0.0007496257894672453,0.0007496256730519235,0.0007496257312595844,0.0007496257312595844,0.9999998447020854
A,322dc0a758414cd2932ad3bd3d78c678,5,0.0007998814107850194,0.0007998812361620367,0.0007998812943696976,0.0007998818764463067,0.0007998818764463067,0.999999199526469
A,3338cda4fe694bc8869b7c587c078246,5,0.0007825710927136242,0.0007825482753105462,0.0007824923959560692,0.0007823863998055458,0.0007822660845704377,0.9996102486457442
A,3354476a318444a88d29eb0105f69289,5,0.0007707612821832299,0.0007707618060521781,0.0007707612821832299,0.0007707616896368563,0.0007707615732215345,0.9999993203231606
B,00f7c6d95b7d4c359681cc3b93f8a077,5,0.0005642048781737685,0.0005641807219944894,0.0005641895695589483,0.0005641948664560914,0.0005641742027364671,0.9999456306769259
B,00ff6c772dce4e84bf66544ada6093a0,5,0.0005672036204487085,0.0005672772531397641,0.0005672547267749906,0.0005672819097526371,0.000567238952498883,0.9998619922430406
B,0104f4b9bd3c476d949785e03f2ff7c6,5,0.0005621613818220794,0.0005621980526484549,0.0005622061435133219,0.0005621928139589727,0.0005621961317956448,0.9999203820666869
B,0109cde49c664b408e6a95a82d235070,5,0.0005747202667407691,0.0005747121176682413,0.0005746649112552404,0.0005746743991039693,0.0005746347596868873,0.9998512196996866
B,01f2d9c189f5404c97f696d022b0ad81,5,0.0005622732569463551,0.0005622732569463551,0.000562273315154016,0.0005622732569463551,0.0005622732569463551,0.999999896477995
B,024bfdbc8f1c4a75bdbaaecb905e04e8,5,0.0005649721133522689,0.0005649709491990507,0.0005649725790135562,0.0005649709491990507,0.0005649725790135562,0.9999971152325509
B,027e8e8787bf40689bdd8e795636a106,5,0.0005732806166633964,0.0005732948775403202,0.0005733015714213252,0.0005733076832257211,0.0005732810241170228,0.9999527887675036
B,02c1619333c74000886bee7b9667e1d6,5,0.0005697778542526066,0.0005697828019037843,0.0005697786691598594,0.0005697982269339263,0.0005697898450307548,0.9999642457972723
B,02fc000a981e416386d8cc51c858de5b,5,0.0005656197899952531,0.000565754366107285,0.00056557881180197,0.0005657574511133134,0.0005656022112816572,0.9996842475322386
B,03ba54375bcb45d1a92a5dcb9e8e3a59,5,0.0005796419573016465,0.0005796484765596688,0.0005796081386506557,0.0005796398036181927,0.0005796565092168748,0.9999165530526269
B,0437089225fb4b8496c6c4a824d370e6,5,0.0005609234212897718,0.0005609243526123464,0.0005609305808320642,0.0005608838400803506,0.0005608838400803506,0.9999166728409705
B,048002dcad254cf8b57d51d84ad84435,5,0.0005621738964691758,0.0005621564923785627,0.0005621738964691758,0.0005621793097816408,0.0005621793097816408,0.9999594125883307
B,04dbe2471a134bd68f5b8d8d4af95aae,5,0.0005744147929362953,0.0005743507645092905,0.0005744001246057451,0.000574365898501128,0.0005744219524785876,0.999876070249422
B,04e43ff1195e45029a03b6cdc53f9aa8,5,0.0005641495808959007,0.0005641501629725099,0.0005641545867547393,0.0005641691386699677,0.0005641697789542377,0.9999641986169936
B,04e5ee9a0baa446e9ab973cce0153bc8,5,0.0005728007527068257,0.0005728008109144866,0.0005728033720515668,0.0005728041869588196,0.0005728007527068257,0.9999940044921597
B,05703932eb2c45c0918d4f91c875d064,5,0.0005606693448498845,0.0005606600898317993,0.0005606699851341546,0.0005606826161965728,0.00056066969409585,0.9999598233222811
B,060c9e87a01b4fd08f87578d63e4961e,5,0.0005783084197901189,0.0005782716907560825,0.0005782589432783425,0.0005782443913631141,0.0005782702355645597,0.9998892832529949
B,062ad5b97bf34d75b7c7003b9b6f2cb0,5,0.0005784965469501913,0.0005785449175164104,0.0005785283865407109,0.0005785603425465524,0.0005785432294942439,0.9998897338934771
B,069044476a7f49b9b83f6364654c85c3,5,0.000562938570510596,0.0005629188381135464,0.0005629255319945514,0.0005629644729197025,0.000562902947422117,0.9998907115803126
B,0692e0ff0ef34b21b1f3659270d2e558,5,0.0005609003128483891,0.0005608978681266308,0.0005609485669992864,0.0005609338986687362,0.0005609437939710915,0.9999096193917977
B,06dd0877eb584e569d1bc9070e42baa2,5,0.0005724067450501025,0.0005724215880036354,0.000572473683860153,0.0005724296788685024,0.0005724164075218141,0.9998830709394375
B,07a81928f67f4aa2ad0d59a057ae374e,5,0.000561799795832485,0.0005617934511974454,0.0005618133000098169,0.0005618040449917316,0.0005617932765744627,0.9999643592713916
B,07c2642631f947a5ac799dddeea39eb9,5,0.0005647664074786007,0.0005647516227327287,0.0005647645448334515,0.000564747431781143,0.0005647465586662292,0.9999648548282818
B,086be698bca14d7791d9032884909954,5,0.0005676198052242398,0.0005676412838511169,0.000567663402762264,0.0005676375585608184,0.0005676141590811312,0.9999132519713387
B,087ca366dee64594bba4189b31dd7a45,5,0.0005615607369691133,0.0005615842528641224,0.0005615921691060066,0.0005615866975858808,0.0005615910631604493,0.9999440303148398
B,08aab5b01d384e0082c56c17fc9f2245,5,0.0005783336237072945,0.0005783591768704355,0.0005783344968222082,0.0005783407832495868,0.0005783303640782833,0.9999501818362975
B,08bc3a0eec7042389949e2c5ad9bf700,5,0.0005779603379778564,0.0005779917701147497,0.0005780203500762582,0.0005780134233646095,0.0005780453211627901,0.9998529817960248
B,099450527f614a3e81baf1fe4fe087ab,5,0.0005660137394443154,0.0005659949965775013,0.0005660010501742363,0.000566002621781081,0.0005660085007548332,0.9999668861981468
B,09fb340c826c402683eca48320936aec,5,0.000562931876629591,0.0005629360093735158,0.0005629360675811768,0.0005629534716717899,0.0005629670922644436,0.9999374463706022
B,0a354259149c4930bac9bab65ce89cdd,5,0.0005665115313604474,0.000566504371818155,0.0005664899363182485,0.0005664901691488922,0.0005664874333888292,0.9999574625223244
B,0a39c8c2a2df48b6a072da1d9306cf36,5,0.0005648396909236908,0.000564753485377878,0.0005649900413118303,0.0005647686193697155,0.0005648533697240055,0.9995813095512214
B,0ae2a05bf20c4b028b86c33e26aa9e0c,5,0.0005627277423627675,0.0005627148202620447,0.0005626749480143189,0.000562672212254256,0.0005626489291898906,0.999859944397719
B,0af17e65f26647cc99709f7d15944994,5,0.0005682835471816361,0.0005683025810867548,0.0005682645132765174,0.0005682666087523103,0.0005682993796654046,0.9999330148911789
B,0b1cc5fa9d8744ddabb84d3ec55b9a97,5,0.0005611823289655149,0.0005611826200038195,0.0005611807573586702,0.0005611843662336469,0.0005612066015601158,0.999953948864155
B,0b6168841a3f46bdaa56947d469c79da,5,0.0005689928657375276,0.0005689866957254708,0.0005689866957254708,0.0005689923418685794,0.0005689913523383439,0.9999891562576118
B,0bba5774d2bd40e48a2d246fdd0b92f5,5,0.000583044660743326,0.000583027780521661,0.0005830695736221969,0.0005829982692375779,0.0005831080488860607,0.9998117336080465
B,0c5eb9cedea94e2180187a07cb661ceb,5,0.0005804013344459236,0.0005802647792734206,0.0005802678060717881,0.0005802760715596378,0.0005802665837109089,0.9997647228488312
B,0c87b9d50c7f4a2292e337ceb54ec36a,5,0.0005629070219583809,0.0005629177903756499,0.0005629037623293698,0.0005628741928376257,0.0005629180814139545,0.9999220338131287
B,0cc862bb5d9f41269631ff62504cfdf9,5,0.0005606947233900428,0.000560697284527123,0.0005606940831057727,0.0005606854683719575,0.0005607057246379554,0.9999638736237071
B,0e63e1ef419b49278ddc45ec63f69979,5,0.0005629452061839402,0.0005629651132039726,0.0005629541119560599,0.0005629720399156213,0.0005629592924378812,0.9999523355872432
B,0e92245b9cac4423810aece64743decd,5,0.0005620596348308027,0.0005620596348308027,0.0005620480515062809,0.0005620102747343481,0.000562057364732027,0.9999121799656197
B,0f3d54f4b2b74580a2c1891c1116dc5f,5,0.0005684890202246606,0.0005684774369001389,0.0005685383221134543,0.0005684967036359012,0.0005685496143996716,0.9998730497784104
B,0f48025ff969419582312f9a02fd7af0,5,0.0005564805469475687,0.0005588039639405906,0.0005673409323208034,0.0005671859835274518,0.0005636918358504772,0.9808573914651134
B,10edcd93ffa94c2a8cc0bc2e9bcf7eae,5,0.0005639063310809433,0.0005639456794597208,0.0005638973088935018,0.0005638928269036114,0.0005639083101414144,0.9999062807677505
B,1175f68a974a45f5b9b6e51c08f1a432,5,0.0005662263138219714,0.0005662904004566371,0.0005663386546075344,0.0005663554184138775,0.0005663920310325921,0.9997074160624779
B,11940acb7fe34046ae965ed2fc1a3359,5,0.0005601741140708327,0.0005601740558631718,0.0005601744633167982,0.0005601741140708327,0.0005601713783107698,0.999994492776393
B,1199736697cb491a899f77c0b75112dd,5,0.0005756273167207837,0.0005756192840635777,0.0005756129394285381,0.0005756068858318031,0.0005756213795393705,0.9999645067417978
B,11b4c003677148478409d6a66a65eb0e,5,0.0005659500020556152,0.0005659447051584721,0.0005659596063196659,0.0005659260787069798,0.0005659080343320966,0.9999088769110137
B,12aef634af8944ff86f9a967ccb1608b,5,0.0005678892484866083,0.0005679152091033757,0.0005678892484866083,0.0005678962334059179,0.0005678892484866083,0.9999542878648938
B,1397ff3d60e04d9aa7b0524d022cf5cf,5,0.0006003539892844856,0.0005884254933334887,0.000572653952986002,0.0005549637135118246,0.0005289812688715756,0.881115605647972
B,13c868d7ccfa48288730c0e6334a288c,5,0.0005672559491358697,0.0005670110695064068,0.0005668178200721741,0.0005674386629834771,0.0005672857514582574,0.9989058854255035
B,13d4e5021ab84f30afd31f35c213cccb,5,0.0005704541108570993,0.0005704411887563765,0.0005704487557522953,0.0005704539944417775,0.0005704539944417775,0.9999773476946229
B,1420fb72273245db90f1e90ab0bc1724,5,0.000562138098757714,0.000562138098757714,0.0005621383315883577,0.0005621234886348248,0.0005621412419714034,0.9999684183702368
B,15db5f6f195c4995898af1b0ce431f80,5,0.0005697320448234677,0.0005697539309039712,0.0005697844899259508,0.0005697646993212402,0.000569780939258635,0.999907956247651
B,1603ccd8b72e49c1a7074f124b212f0e,5,0.0005603344179689884,0.0005603398312814534,0.0005603308090940118,0.0005603370955213904,0.000560329295694828,0.9999811978623735
B,16ffa17d84c8467f89403df9ad894301,5,0.0005785417160950601,0.0005785526009276509,0.0005785530083812773,0.000578541774302721,0.0005785442772321403,0.99998048184686
B,17092add79b24457ba29f0b35d660072,5,0.0005657305591739714,0.0005657511064782739,0.0005657618748955429,0.0005657276487909257,0.000565722060855478,0.9999296275662404
B,179832b0585c415d979f90dced97ae71,5,0.0005623095203191042,0.0005623280303552747,0.000562319706659764,0.0005622958997264504,0.0005623038741759956,0.9999428614134637
B,17bc5de2691b43cfb873091778a8de52,5,0.0005612376262433827,0.0005612293025478721,0.0005612164968624711,0.0005612222594209015,0.000561232038307935,0.999962352166135
B,18b0f54db566476fb861c8fa187cd8d8,5,0.00056177016813308,0.0005618009017780423,0.0005617852439172566,0.0005617788410745561,0.0005617879214696586,0.9999452944186009
B,1907da7461054e5ba6885302c08c2677,5,0.0005614882684312761,0.0005672783590853214,0.0005670614773407578,0.0005672494880855083,0.0005671872640959918,0.9897932107556839
B,191df4fa5f48453d81ede86ed863a3c2,5,0.0005213622935116291,0.0005797275225631893,0.0005866821738891304,0.0005753134610131383,0.0005803498788736761,0.8886622377760446
B,193c0e81efc74ed0bd5834586cf3fe8f,5,0.0005630084197036922,0.0005629800725728273,0.0005630123778246343,0.0005630017258226871,0.0005630322848446667,0.9999072659361731
B,195a37929e644c3dbfbe25de252b0969,5,0.0005616152775473893,0.0005616284324787557,0.0005616480484604836,0.0005616411799564958,0.0005616727285087109,0.9998977145259053
B,1ada36a1a86a4bdaaa106bee7d9ac67d,5,0.0005686537479050457,0.0005685787764377892,0.0005686618387699127,0.0005686559597961605,0.00056871009292081,0.9997690976744472
B,1b98302c1ed9406a8343b3d39d6c5095,5,0.0005687190569005907,0.0005687053198926151,0.0005687340744771063,0.0005687388475053012,0.0005687388475053012,0.9999410491953675
B,1bbd90606751424ca876f2c94e183784,5,0.0005611157394014299,0.0005611983360722661,0.0005612549721263349,0.0005611862288787961,0.000560946180485189,0.9994498193219098
B,1bc61e7f64a54ccc9f3942b874779522,5,0.0005729179829359055,0.0005729513941332698,0.0005729161784984171,0.0005728743271902204,0.0005729351541958749,0.9998654913072234
B,1d29f591697e493387d51a116b895934,5,0.000570420001167804,0.0005705329240299761,0.000570270698517561,0.0005699186585843563,0.0005699129542335868,0.9989133496591044
B,1dbcb5f847804c75822615e161505d83,5,0.0005609061918221414,0.000560907123144716,0.0005609085783362389,0.0005609052604995668,0.0005609043291769922,0.999992424506576
B,1e5929958e9d4fd5b0b8cdeaf2752d01,5,0.0005608138744719326,0.0005608193459920585,0.0005608266801573336,0.0005608267383649945,0.0005608024075627327,0.999956616187144
B,1ea9f54daa68475d867243576d94e9b5,5,0.0005768770934082568,0.0005798594211228192,0.0005802470841445029,0.0005808709538541734,0.0005808915011584759,0.9930892296716114
B,1eeefd2d22dd4b6c8ec6fbfa1f885d01,5,0.0005650055827572942,0.0005649965605698526,0.0005649885861203074,0.0005650019738823175,0.0005649997619912028,0.9999699177539029
B,1f6c403e514e4d259ecb329543003c3d,5,0.0005766481044702232,0.0005766432732343674,0.0005766432732343674,0.0005766274989582598,0.0005766201647929847,0.9999515481330435
B,1f899649bb9f4e51a031668b0a97d438,5,0.0006106551154516637,0.0006106466171331704,0.000610571529250592,0.0006106506334617734,0.0006106552900746465,0.9998628345231493
B,202304220aef4cac84572ec4a072bf68,5,0.000591455667745322,0.0005788435228168964,0.0005346375983208418,0.0005737901083193719,0.0006382172578014433,0.8377047028821863
B,210f600a968c47e4abeed9c8d25f36bd,5,0.0005602663150057197,0.0005602662567980587,0.0005602656165137887,0.0005602680030278862,0.0005602663150057197,0.9999957404062261
B,21228b0cf30745efbf0842c86f34e584,5,0.0005906893056817353,0.0005907152662985027,0.00059071637224406,0.0005906802252866328,0.0005906716687604785,0.9999243232697077
B,2242ba8057ed45c998208ca71cd13b3e,5,0.0005676937289535999,0.0005676489672623575,0.0005676636355929077,0.0005676415748894215,0.0005676549626514316,0.9999081299272504
B,229df31da28c4d3390d6ae1fef2867e0,5,0.0005795190227217972,0.0005794818862341344,0.000579453248064965,0.0005795506294816732,0.0005794985336251557,0.999831970820573
B,22a62914e48948cbb93a08364e3d650c,5,0.0005520760314539075,0.0005605175392702222,0.0005675239372067153,0.000577587925363332,0.0005585778853856027,0.9558302852446642
B,2408f7b6d1d64b9ca70b14a84dee8d84,5,0.0005691628321073949,0.0005684482748620212,0.0005684589268639684,0.0005684361676685512,0.0005681841284967959,0.9982804505927148
B,24a0d4520d444db7980f3737950f2a5c,5,0.0005676722503267229,0.0005676722503267229,0.0005676613072864711,0.0005676599103026092,0.0005677001317963004,0.9999291501068285
B,2570d5ef94e740e9bd85d42e6b8c59f6,5,0.0005619150470010936,0.0005618974100798368,0.0005619036382995546,0.0005619056755676866,0.0005618957802653313,0.9999657123690402
B,25b1735633484414aef07006a0099c26,5,0.0005634365952573717,0.0005631984095089138,0.0005631996318697929,0.0005630750092677772,0.0005629707011394203,0.9991731205926754
B,25b74c8c02ef41f6bdb3dc2b097c6eee,5,0.000565656169783324,0.0005657817237079144,0.0005659022717736661,0.0005657817237079144,0.0005639441078528762,0.9965397489664556
B,260151f2360c484e8c0a5034ff391021,5,0.0005580622819252312,0.0005700235487893224,0.0005767730763182044,0.0005726438830606639,0.0005723502836190164,0.9675595218271761
B,273a3aa035784eacb89db08c1a0710bf,5,0.0005716124433092773,0.0005716137820854783,0.0005716215819120407,0.0005716118030250072,0.0005716329906135798,0.9999629349794004
B,276f390b0cfc475898b445466d387cf6,5,0.0005621365271508694,0.0005621277960017323,0.0005621053860522807,0.0005620819865725935,0.0005620905430987477,0.9999029762777517
B,27b4f79643cb40ae8cdde5d5a9adebf1,5,0.0005618532304652035,0.0005618549766950309,0.0005619106232188642,0.0005618151626549661,0.0005618693539872766,0.9998301143278779
B,285fbc3ac47c47dead4bae4f21dbf966,5,0.000589891744311899,0.0005898489616811275,0.0005898270756006241,0.0005898126401007175,0.000589846633374691,0.9998659004606453
B,28e9c03735124472877f9f4741a74d78,5,0.0005700533511117101,0.000570006959605962,0.0005700403708033264,0.0005700600449927151,0.0005700173787772655,0.9999068775522519
B,28f3639867884b1ab9357e990899d9d6,5,0.0005707327509298921,0.0005707218660973012,0.0005707327509298921,0.0005707255331799388,0.000570726057048887,0.9999809283196504
B,2989fed94cf84cc8bddefad13d208932,5,0.0005715140141546726,0.0005715367733500898,0.0005715784500353038,0.0005715339793823659,0.0005714852595701814,0.9998369594495441
B,29bc29d28a574da5a81e51a7bdccc563,5,0.0005632610991597176,0.0005631226231344044,0.0005548159242607653,0.0005631943349726498,0.000561897293664515,0.9850066427247489
B,29dd1b62f2a74a1f85cad5fede2fc423,5,0.0005752213182859123,0.0005751829012297094,0.0005751823191531003,0.0005751829012297094,0.0005751712596975267,0.9999129750814265
B,29dfbc6436484061ba94690407c5f8fd,5,0.0005847133579663932,0.0005847906577400863,0.000584736408200115,0.0005847179563716054,0.0005847407737746835,0.9998678163327851
B,2a37df8f84254af1aa4fca1efdbc4fe7,5,0.000571186188608408,0.0005711588892154396,0.000571178097743541,0.0005711654084734619,0.0005712243728339672,0.9998853627022202
B,2b59a3b183004c3c860337ceb41750c8,5,0.0005689685349352658,0.0005689867539331317,0.0005689314566552639,0.0005689561367034912,0.0005689404788427055,0.9999028144724187
B,2be296fc2d684166b4e0dcbe84d92337,5,0.0005705413059331477,0.0005705428193323314,0.0005705602816306055,0.0005705454386770725,0.0005705787916667759,0.9999343022660924
B,2c0aa3bfb16540fba4ba538a8c67f3b3,5,0.0005604460602626204,0.0005604460602626204,0.0005604460602626204,0.0005604460602626204,0.0005604460602626204,1.0
B,2c3da301c24245ce9b25ce41e44a5b35,5,0.0005834278999827802,0.000559965439606458,0.0005596525152213871,0.0005654282867908478,0.0005642074393108487,0.959248803901742
B,2c60afeb98c3492f8007ac509de7698b,5,0.0005607540952041745,0.0005607251077890396,0.0005607064231298864,0.0005607234197668731,0.0005606940831057727,0.9998929796520167
B,2c6ce38f887f4373ae8f065210b7e9ee,5,0.0005641134921461344,0.0005641304887831211,0.0005640948074869812,0.0005640948074869812,0.0005640948074869812,0.999936749924265
B,2c886582d8a94d5d9994de58b51911eb,5,0.0005827317945659161,0.0005827299319207668,0.0005826805718243122,0.0005827021086588502,0.000582704262342304,0.9999120989414315
B,2cdb6470844d4daba89365be8ad30f14,5,0.0005632216925732791,0.0005585175240412354,0.0005570193752646446,0.0005611299420706928,0.0005616202834062278,0.9889877868867284
B,2cf849fec80647928b7638ef08e602f4,5,0.0005798544152639806,0.0005798634374514222,0.0005798634374514222,0.0005798407946713269,0.000579849467612803,0.999960951529907
B,2d0280394a11463a9bf5b6ef8a1659a1,5,0.0005797648918814957,0.0005797396297566593,0.0005796739715151489,0.0005797212943434715,0.0005797421326860785,0.9998431771781631
B,2d514ed8cabb4519b0e376bd0950115e,5,0.0005690537509508431,0.000569069292396307,0.00057095882948488,0.0005732300924137235,0.0005725454539060593,0.9927143715618716
B,2d6cf5ded8634930b65314a62150bc6f,5,0.0005618992145173252,0.000561895256396383,0.0005618817522190511,0.0005618477007374167,0.0005618302966468036,0.9998773483415869
B,2d8059066be34f61af4776f23f00640c,5,0.0005743312067352235,0.0005743787041865289,0.0005744496593251824,0.0005744089721702039,0.0005743717192672193,0.999793798136989
B,2d82e08ea31549a99aa03ac6511613c6,5,0.000566051050554961,0.0005665713106282055,0.0005656482535414398,0.0005668795784004033,0.0005666967481374741,0.9978278898978192
B,2dfa3a4d58a442bb9abbf1f7beb2e5e6,5,0.00059152563335374,0.0005915227229706943,0.0005915284855291247,0.0005915217916481197,0.0005915186484344304,0.9999833700406067
B,2f761f9165384a0e8f51abafd1247e35,5,0.0005712514976039529,0.0005714428261853755,0.0005710126715712249,0.0005707173841074109,0.0005712712300010026,0.9987305080320857
B,2fd7a41706254e6cb2c24467a5ca0370,5,0.0005596934934146702,0.0005604826146736741,0.0005613250541500747,0.0005622049211524427,0.0005625017802231014,0.9950075059187949
B,3050967715914e7791ae4a1d47551822,5,0.0005736450548283756,0.0005736831808462739,0.0005736930179409683,0.0005737086175940931,0.0005737137980759144,0.9998801785005531
B,308472c7daa94a4fbb44be3a345a879a,5,0.0005706699448637664,0.0005706764641217887,0.0005706693627871573,0.0005706645315513015,0.0005706826341338456,0.9999682790723576
B,3098fe550c534448adf2e2844e06950d,5,0.0005633573164232075,0.0005633531836792827,0.0005633432301692665,0.0005633586551994085,0.0005633619730360806,0.9999667303302118
B,31260ec93c914a0ea7835850db66e445,5,0.0005819696234539151,0.0005819673533551395,0.0005819782963953912,0.0005819825455546379,0.0005819388898089528,0.9999249878780411
B,319376f14ac644759cc5f8fae239d6be,5,0.0005680378526449203,0.0005680378526449203,0.000568024639505893,0.0005680128815583885,0.0005679987370967865,0.9999311391873769
B,31aa0fb227cb47b1897084a9d23aa10f,5,0.0005605703336186707,0.0005605928017757833,0.0005605872720479965,0.000560570799279958,0.0005605746409855783,0.9999599207177805
B,322dc0a758414cd2932ad3bd3d78c678,5,0.000572520715650171,0.0005725549999624491,0.0005725447554141283,0.0005724969669245183,0.0005725072114728391,0.9998986419856004
B,3338cda4fe694bc8869b7c587c078246,5,0.0005662554176524282,0.0005669913371093571,0.000567702401895076,0.0005687541561201215,0.0005687063676305115,0.9956066457874541
B,3354476a318444a88d29eb0105f69289,5,0.0005661585601046681,0.0005661313189193606,0.0005661455797962844,0.0005660585011355579,0.0005661530885845423,0.9998232668793495
C,00f7c6d95b7d4c359681cc3b93f8a077,5,0.0607486329972744,0.06074876710772514,0.060748375952243805,0.060748614370822906,0.060748469084501266,0.9999935610959702
C,00ff6c772dce4e84bf66544ada6093a0,5,0.04454684257507324,0.044546566903591156,0.04454673454165459,0.044546790421009064,0.04454671964049339,0.9999938116493526
C,0104f4b9bd3c476d949785e03f2ff7c6,5,0.03338171914219856,0.03338148817420006,0.033381473273038864,0.03338158130645752,0.03338155150413513,0.99999263461661
C,0109cde49c664b408e6a95a82d235070,5,0.05382440239191055,0.05382498726248741,0.053825028240680695,0.05382497236132622,0.05382521077990532,0.9999849812386602
C,01f2d9c189f5404c97f696d022b0ad81,5,0.04150339215993881,0.041503388434648514,0.04150339215993881,0.041503388434648514,0.04150339215993881,0.9999999102413055
C,024bfdbc8f1c4a75bdbaaecb905e04e8,5,0.06366174668073654,0.06366191804409027,0.06366189569234848,0.06366191804409027,0.06366189569234848,0.9999973082282313
C,027e8e8787bf40689bdd8e795636a106,5,0.0589185431599617,0.05891841650009155,0.05891827493906021,0.058917999267578125,0.05891836807131767,0.9999907687401215
C,02c1619333c74000886bee7b9667e1d6,5,0.05282425880432129,0.052824247628450394,0.05282404646277428,0.05282410979270935,0.05282402038574219,0.9999954865702899
C,02fc000a981e416386d8cc51c858de5b,5,0.06602545082569122,0.0660240575671196,0.06602628529071808,0.06602607667446136,0.06602653861045837,0.99996242354376
C,03ba54375bcb45d1a92a5dcb9e8e3a59,5,0.03473709151148796,0.0347372405230999,0.03473704680800438,0.0347372330725193,0.034737225621938705,0.999994423417272
C,0437089225fb4b8496c6c4a824d370e6,5,0.02320828288793564,0.0232082586735487,0.0232083760201931,0.023208772763609886,0.023208772763609886,0.9999778493216154
C,048002dcad254cf8b57d51d84ad84435,5,0.039317548274993896,0.03931785747408867,0.039317548274993896,0.039317499846220016,0.039317499846220016,0.9999909041872669
C,04dbe2471a134bd68f5b8d8d4af95aae,5,0.03605371341109276,0.036053456366062164,0.03605371341109276,0.03605363890528679,0.03605370968580246,0.9999928704977581
C,04e43ff1195e45029a03b6cdc53f9aa8,5,0.06089739128947258,0.06089738756418228,0.060897231101989746,0.06089804321527481,0.060897935181856155,0.9999866643779967
C,04e5ee9a0baa446e9ab973cce0153bc8,5,0.05748319625854492,0.05748319625854492,0.05748319253325462,0.05748319625854492,0.05748319625854492,0.9999999351934036
C,05703932eb2c45c0918d4f91c875d064,5,0.02095075137913227,0.02095005474984646,0.020950736477971077,0.020949816331267357,0.02095000632107258,0.9999553692443773
C,060c9e87a01b4fd08f87578d63e4961e,5,0.018837105482816696,0.01883709989488125,0.0188370980322361,0.01883709989488125,0.018837137147784233,0.9999979234876389
C,062ad5b97bf34d75b7c7003b9b6f2cb0,5,0.047741521149873734,0.04774140194058418,0.04774150252342224,0.04774155095219612,0.047741424292325974,0.9999968787856915
C,069044476a7f49b9b83f6364654c85c3,5,0.04537954181432724,0.045379456132650375,0.04537941887974739,0.04537962004542351,0.04537922143936157,0.9999912161877614
C,0692e0ff0ef34b21b1f3659270d2e558,5,0.023816389963030815,0.023815829306840897,0.02381553314626217,0.023815689608454704,0.02381577156484127,0.9999640240703995
C,06dd0877eb584e569d1bc9070e42baa2,5,0.07090147584676743,0.07090063393115997,0.07090055197477341,0.07090070098638535,0.07090102881193161,0.9999869696366263
C,07a81928f67f4aa2ad0d59a057ae374e,5,0.037277158349752426,0.03727739676833153,0.037277545779943466,0.03727719932794571,0.03727738931775093,0.9999896068750521
C,07c2642631f947a5ac799dddeea39eb9,5,0.05713677033782005,0.05713699385523796,0.05713697150349617,0.05713696405291557,0.057137127965688705,0.9999937408847559
C,086be698bca14d7791d9032884909954,5,0.07522322982549667,0.07522287219762802,0.07522276043891907,0.07522328943014145,0.0752229243516922,0.9999929677201517
C,087ca366dee64594bba4189b31dd7a45,5,0.03134463354945183,0.03134432062506676,0.031344249844551086,0.03134430944919586,0.03134463354945183,0.9999877585137457
C,08aab5b01d384e0082c56c17fc9f2245,5,0.03414079174399376,0.03414080664515495,0.03414079546928406,0.034140776842832565,0.03414078429341316,0.9999991270762083
C,08bc3a0eec7042389949e2c5ad9bf700,5,0.05434465408325195,0.054344575852155685,0.05434435233473778,0.05434446409344673,0.05434434488415718,0.9999943104045838
C,099450527f614a3e81baf1fe4fe087ab,5,0.06505244970321655,0.06505268812179565,0.06505244970321655,0.06505266577005386,0.06505260616540909,0.9999963349926654
C,09fb340c826c402683eca48320936aec,5,0.05283390358090401,0.05283450707793236,0.052834510803222656,0.05283386632800102,0.05283355712890625,0.9999819497842999
C,0a354259149c4930bac9bab65ce89cdd,5,0.0756646990776062,0.07566596567630768,0.07566684484481812,0.07566595077514648,0.07566647976636887,0.9999716419097914
C,0a39c8c2a2df48b6a072da1d9306cf36,5,0.06694944947957993,0.06695040315389633,0.06694674491882324,0.0669507309794426,0.06694956123828888,0.9999404627767159
C,0ae2a05bf20c4b028b86c33e26aa9e0c,5,0.04362107440829277,0.04362073540687561,0.04362202435731888,0.04362190142273903,0.043622102588415146,0.9999686585134964
C,0af17e65f26647cc99709f7d15944994,5,0.07756499201059341,0.07756387442350388,0.07756520807743073,0.07756458967924118,0.07756396383047104,0.9999828060291476
C,0b1cc5fa9d8744ddabb84d3ec55b9a97,5,0.025649840012192726,0.02564970962703228,0.025649799033999443,0.025649791583418846,0.02564951218664646,0.9999872191972305
C,0b6168841a3f46bdaa56947d469c79da,5,0.042757511138916016,0.04275749996304512,0.042757537215948105,0.04275750741362572,0.04275750741362572,0.9999991287406756
C,0bba5774d2bd40e48a2d246fdd0b92f5,5,0.028391480445861816,0.028391486033797264,0.028391608968377113,0.028391534462571144,0.028391608968377113,0.9999954732218438
C,0c5eb9cedea94e2180187a07cb661ceb,5,0.023480532690882683,0.023480722680687904,0.023480704054236412,0.023480717092752457,0.0234807338565588,0.9999914327347116
C,0c87b9d50c7f4a2292e337ceb54ec36a,5,0.046571142971515656,0.0465708002448082,0.04657090827822685,0.046571727842092514,0.04657061770558357,0.999976162866177
C,0cc862bb5d9f41269631ff62504cfdf9,5,0.020860394462943077,0.02086038701236248,0.020860420539975166,0.02086041495203972,0.02086038514971733,0.9999983034734239
C,0e63e1ef419b49278ddc45ec63f69979,5,0.048743464052677155,0.048743363469839096,0.048743635416030884,0.04874391481280327,0.04874423146247864,0.9999821929156846
C,0e92245b9cac4423810aece64743decd,5,0.040676217526197433,0.04067622125148773,0.040676094591617584,0.04067664593458176,0.04067592695355415,0.9999823244760947
C,0f3d54f4b2b74580a2c1891c1116dc5f,5,0.05543322488665581,0.055433161556720734,0.05543266609311104,0.055432915687561035,0.055432554334402084,0.9999879034233513
C,0f48025ff969419582312f9a02fd7af0,5,0.03727898746728897,0.037239592522382736,0.03708842024207115,0.037088438868522644,0.03715113550424576,0.9948880793668273
C,10edcd93ffa94c2a8cc0bc2e9bcf7eae,5,0.052288223057985306,0.05228767916560173,0.05228792503476143,0.052288204431533813,0.052288174629211426,0.9999895981857526
C,1175f68a974a45f5b9b6e51c08f1a432,5,0.08670008182525635,0.08669931441545486,0.08669839054346085,0.08669830858707428,0.08669731765985489,0.9999681180762087
C,11940acb7fe34046ae965ed2fc1a3359,5,0.01701137237250805,0.01701137237250805,0.01701137237250805,0.01701137237250805,0.017011374235153198,0.9999998905058978
C,1199736697cb491a899f77c0b75112dd,5,0.08512891829013824,0.08512888103723526,0.08512893319129944,0.08512905985116959,0.08512892574071884,0.9999978994959579
C,11b4c003677148478409d6a66a65eb0e,5,0.054031264036893845,0.054031409323215485,0.05403151735663414,0.05403192713856697,0.05403183028101921,0.9999877275953637
C,12aef634af8944ff86f9a967ccb1608b,5,0.027024883776903152,0.02702478878200054,0.027024883776903152,0.02702479436993599,0.027024883776903152,0.9999964849098558
C,1397ff3d60e04d9aa7b0524d022cf5cf,5,0.03980618342757225,0.04114833101630211,0.04403772950172424,0.046003103256225586,0.04874448850750923,0.8166294210152598
C,13c868d7ccfa48288730c0e6334a288c,5,0.08370310068130493,0.08370359241962433,0.08370813727378845,0.08370019495487213,0.08370070904493332,0.99990511891466
C,13d4e5021ab84f30afd31f35c213cccb,5,0.03232932090759277,0.032329291105270386,0.03232917934656143,0.032329197973012924,0.032329197973012924,0.9999956212803929
C,1420fb72273245db90f1e90ab0bc1724,5,0.03887695074081421,0.03887695074081421,0.038876939564943314,0.038876891136169434,0.03887680545449257,0.9999962629188023
C,15db5f6f195c4995898af1b0ce431f80,5,0.05448120832443237,0.05448053032159805,0.05448087677359581,0.05448029190301895,0.05448024347424507,0.999982290220482
C,1603ccd8b72e49c1a7074f124b212f0e,5,0.018248556181788445,0.018248580396175385,0.018248548731207848,0.01824856363236904,0.01824861206114292,0.9999965296026425
C,16ffa17d84c8467f89403df9ad894301,5,0.0229189395904541,0.02291896753013134,0.022918948903679848,0.02291894517838955,0.022918937727808952,0.9999986996655784
C,17092add79b24457ba29f0b35d660072,5,0.07373856753110886,0.07373855262994766,0.07373833656311035,0.0737394466996193,0.07373886555433273,0.9999849451472905
C,179832b0585c415d979f90dced97ae71,5,0.041098661720752716,0.04109833762049675,0.04109844192862511,0.04109860584139824,0.041098445653915405,0.999992114092226
C,17bc5de2691b43cfb873091778a8de52,5,0.03033807873725891,0.030337972566485405,0.030338255688548088,0.03033805452287197,0.03033805452287197,0.9999906678200096
C,18b0f54db566476fb861c8fa187cd8d8,5,0.0348394513130188,0.03483948856592178,0.03483923152089119,0.03483973816037178,0.0348394438624382,0.9999854579997628
C,1907da7461054e5ba6885302c08c2677,5,0.04262128472328186,0.04243408143520355,0.04244180768728256,0.04243464395403862,0.04243726655840874,0.9956077511671991
C,191df4fa5f48453d81ede86ed863a3c2,5,0.09763866662979126,0.0941358134150505,0.09362523257732391,0.09422769397497177,0.09404131025075912,0.9588950342011043
C,193c0e81efc74ed0bd5834586cf3fe8f,5,0.04914497956633568,0.04914513975381851,0.049144815653562546,0.049145396798849106,0.0491444431245327,0.9999805948394249
C,195a37929e644c3dbfbe25de252b0969,5,0.03480831906199455,0.034808121621608734,0.0348079614341259,0.034807998687028885,0.03480799123644829,0.9999897257931929
C,1ada36a1a86a4bdaaa106bee7d9ac67d,5,0.0667349249124527,0.06673499941825867,0.06673511117696762,0.06673480570316315,0.0667341947555542,0.9999862677772277
C,1b98302c1ed9406a8343b3d39d6c5095,5,0.07787986099720001,0.07788040488958359,0.07788021117448807,0.07788004726171494,0.07788004726171494,0.9999930163128409
C,1bbd90606751424ca876f2c94e183784,5,0.025027215480804443,0.025026066228747368,0.025025252252817154,0.025025928393006325,0.02503011003136635,0.9998059226050902
C,1bc61e7f64a54ccc9f3942b874779522,5,0.05810078606009483,0.058101292699575424,0.058101363480091095,0.05810105800628662,0.0581008605659008,0.9999900618511912
C,1d29f591697e493387d51a116b895934,5,0.04707277938723564,0.04706726595759392,0.04707736894488335,0.047088172286748886,0.0470879040658474,0.9995560174001307
C,1dbcb5f847804c75822615e161505d83,5,0.022752849385142326,0.022752873599529266,0.0227527916431427,0.022752901539206505,0.02275284193456173,0.9999951700198054
C,1e5929958e9d4fd5b0b8cdeaf2752d01,5,0.021719498559832573,0.02171962521970272,0.021719712764024734,0.021719712764024734,0.02171962894499302,0.9999901377981151
C,1ea9f54daa68475d867243576d94e9b5,5,0.03598957508802414,0.035979148000478745,0.035982031375169754,0.0359787717461586,0.03597823157906532,0.9996848112562854
C,1eeefd2d22dd4b6c8ec6fbfa1f885d01,5,0.04587051272392273,0.04587036371231079,0.04587050899863243,0.045870427042245865,0.04587049037218094,0.9999967514727198
C,1f6c403e514e4d259ecb329543003c3d,5,0.028153354302048683,0.028153354302048683,0.02815335802733898,0.028153395280241966,0.028153380379080772,0.9999985444670927
C,1f899649bb9f4e51a031668b0a97d438,5,0.0027805506251752377,0.0027805499266833067,0.002780547132715583,0.002780549693852663,0.0027805508580058813,0.9999986602329939
C,202304220aef4cac84572ec4a072bf68,5,0.04348836466670036,0.041725803166627884,0.0473879799246788,0.03894896060228348,0.02432260289788246,0.513265240184161
C,210f600a968c47e4abeed9c8d25f36bd,5,0.01759357564151287,0.01759357564151287,0.01759357564151287,0.017593596130609512,0.01759357564151287,0.9999988354230431
C,21228b0cf30745efbf0842c86f34e584,5,0.0067849415354430676,0.006784915924072266,0.0067849489860236645,0.0067849354818463326,0.0067849368788301945,0.999995127162862
C,2242ba8057ed45c998208ca71cd13b3e,5,0.08933844417333603,0.08933917433023453,0.08934000134468079,0.08934056758880615,0.0893397331237793,0.9999762323485575
C,229df31da28c4d3390d6ae1fef2867e0,5,0.014689761213958263,0.014689698815345764,0.014689686708152294,0.01468972023576498,0.014689723029732704,0.9999949280451272
C,22a62914e48948cbb93a08364e3d650c,5,0.04479220137000084,0.04408997297286987,0.04272989556193352,0.04155976325273514,0.04203984886407852,0.92783480118415
C,2408f7b6d1d64b9ca70b14a84dee8d84,5,0.06581159681081772,0.06583477556705475,0.06583400070667267,0.06583349406719208,0.06584043800830841,0.9995619531345303
C,24a0d4520d444db7980f3737950f2a5c,5,0.036646824330091476,0.036646824330091476,0.03664693981409073,0.03664695844054222,0.03664659708738327,0.9999901396139181
C,2570d5ef94e740e9bd85d42e6b8c59f6,5,0.03483638912439346,0.03483623266220093,0.03483589366078377,0.03483615443110466,0.034836236387491226,0.9999857774120066
C,25b1735633484414aef07006a0099c26,5,0.044112518429756165,0.04411495476961136,0.04411589726805687,0.04411822557449341,0.044119078665971756,0.999851306137527
C,25b74c8c02ef41f6bdb3dc2b097c6eee,5,0.06930901855230331,0.06927717477083206,0.0692727118730545,0.06927718222141266,0.06933766603469849,0.9990632196703668
C,260151f2360c484e8c0a5034ff391021,5,0.07920827716588974,0.07889759540557861,0.07879862934350967,0.0788540467619896,0.07885603606700897,0.9948282195114265
C,273a3aa035784eacb89db08c1a0710bf,5,0.05988279730081558,0.05988314375281334,0.05988265201449394,0.059882938861846924,0.05988284572958946,0.9999917883683357
C,276f390b0cfc475898b445466d387cf6,5,0.03892822563648224,0.0389283113181591,0.03892834857106209,0.03892833739519119,0.03892766684293747,0.9999824876176452
C,27b4f79643cb40ae8cdde5d5a9adebf1,5,0.033275336027145386,0.03327541425824165,0.03327522426843643,0.03327595815062523,0.03327542915940285,0.9999779455730328
C,285fbc3ac47c47dead4bae4f21dbf966,5,0.012574465945363045,0.01257444079965353,0.012574436143040657,0.012574444524943829,0.012574448250234127,0.9999976299333493
C,28e9c03735124472877f9f4741a74d78,5,0.09294737875461578,0.09295085817575455,0.09294786304235458,0.09294839203357697,0.09295061230659485,0.9999625670896746
C,28f3639867884b1ab9357e990899d9d6,5,0.03569456562399864,0.03569452837109566,0.035694558173418045,0.035694606602191925,0.03569451719522476,0.9999974952247503
C,2989fed94cf84cc8bddefad13d208932,5,0.06867358088493347,0.06867413222789764,0.0686735287308693,0.06867363303899765,0.06867413222789764,0.9999912121637541
C,29bc29d28a574da5a81e51a7bdccc563,5,0.02510748617351055,0.02561243809759617,0.02632061578333378,0.024688810110092163,0.02388555370271206,0.9074846082376385
C,29dd1b62f2a74a1f85cad5fede2fc423,5,0.039185937494039536,0.03918621689081192,0.03918619081377983,0.03918621689081192,0.03918619081377983,0.9999928700243464
C,29dfbc6436484061ba94690407c5f8fd,5,0.026718629524111748,0.02671877108514309,0.026718664914369583,0.02671865187585354,0.026718610897660255,0.9999940046837362
C,2a37df8f84254af1aa4fca1efdbc4fe7,5,0.05743904039263725,0.057439036667346954,0.05743872746825218,0.0574389211833477,0.05743890628218651,0.9999945520610558
C,2b59a3b183004c3c860337ceb41750c8,5,0.07831572741270065,0.07831570506095886,0.0783168151974678,0.07831571996212006,0.07831617444753647,0.9999858250554987
C,2be296fc2d684166b4e0dcbe84d92337,5,0.05382518842816353,0.053824808448553085,0.05382416397333145,0.05382473021745682,0.053824540227651596,0.999980966999615
C,2c0aa3bfb16540fba4ba538a8c67f3b3,5,0.01899532601237297,0.01899532601237297,0.01899532601237297,0.01899532414972782,0.01899532601237297,0.9999999019419226
C,2c3da301c24245ce9b25ce41e44a5b35,5,0.07895797491073608,0.0815378949046135,0.0815357118844986,0.079974465072155,0.08131752163171768,0.9683592518926873
C,2c60afeb98c3492f8007ac509de7698b,5,0.02399309165775776,0.023992864415049553,0.023993799462914467,0.023993918672204018,0.023995017632842064,0.9999102639629002
C,2c6ce38f887f4373ae8f065210b7e9ee,5,0.04846452921628952,0.04846452549099922,0.04846537113189697,0.04846537113189697,0.04846537113189697,0.9999825516471245
C,2c886582d8a94d5d9994de58b51911eb,5,0.013172212056815624,0.013172193430364132,0.013172166422009468,0.013172171078622341,0.013172130100429058,0.9999937780847884
C,2cdb6470844d4daba89365be8ad30f14,5,0.02426443062722683,0.024356842041015625,0.024379204958677292,0.024305468425154686,0.024293014779686928,0.9952921216403486
C,2cf849fec80647928b7638ef08e602f4,5,0.03067745640873909,0.030677301809191704,0.030677303671836853,0.03067726455628872,0.03067724220454693,0.9999930175373959
C,2d0280394a11463a9bf5b6ef8a1659a1,5,0.03275935724377632,0.03275876119732857,0.03275919705629349,0.032758988440036774,0.032759059220552444,0.9999818053070053
C,2d514ed8cabb4519b0e376bd0950115e,5,0.05092935636639595,0.050929199904203415,0.05092867836356163,0.0509088896214962,0.05088851973414421,0.999198171051722
C,2d6cf5ded8634930b65314a62150bc6f,5,0.03689179569482803,0.036891449242830276,0.03689168021082878,0.03689219057559967,0.03689262643456459,0.9999680914088239
C,2d8059066be34f61af4776f23f00640c,5,0.0666029080748558,0.06660221517086029,0.06660156697034836,0.06660173088312149,0.06660269945859909,0.9999798641749105
C,2d82e08ea31549a99aa03ac6511613c6,5,0.06696294993162155,0.06695052981376648,0.06695473939180374,0.0669490322470665,0.06694298982620239,0.9997019231464632
C,2dfa3a4d58a442bb9abbf1f7beb2e5e6,5,0.007808525115251541,0.007808524649590254,0.007808527443557978,0.007808521389961243,0.007808523718267679,0.9999992247454109
C,2f761f9165384a0e8f51abafd1247e35,5,0.0951409563422203,0.09513715654611588,0.09514432400465012,0.09514999389648438,0.0951399952173233,0.9998650830142726
C,2fd7a41706254e6cb2c24467a5ca0370,5,0.02504342794418335,0.0250186026096344,0.024992328137159348,0.02496298775076866,0.02495400421321392,0.996429253568292
C,3050967715914e7791ae4a1d47551822,5,0.03256307914853096,0.0325629822909832,0.03256281837821007,0.0325627438724041,0.032562773674726486,0.9999897037953527
C,308472c7daa94a4fbb44be3a345a879a,5,0.047401197254657745,0.047400932759046555,0.04740108177065849,0.04740084707736969,0.047400787472724915,0.999991355029903
C,3098fe550c534448adf2e2844e06950d,5,0.04920703172683716,0.049207355827093124,0.04920750483870506,0.04920700937509537,0.04920731112360954,0.9999899311373068
C,31260ec93c914a0ea7835850db66e445,5,0.03396332263946533,0.03396330773830414,0.03396327793598175,0.03396330401301384,0.03396331146359444,0.9999986837717836
C,319376f14ac644759cc5f8fae239d6be,5,0.051121246069669724,0.051121246069669724,0.05112108215689659,0.05112114176154137,0.05112140253186226,0.9999937330560235
C,31aa0fb227cb47b1897084a9d23aa10f,5,0.019939059391617775,0.019939208403229713,0.019939159974455833,0.019939199090003967,0.019939256832003593,0.9999900979064825
C,322dc0a758414cd2932ad3bd3d78c678,5,0.05178878456354141,0.051789309829473495,0.051789503544569016,0.05178932100534439,0.0517893023788929,0.99998611724426
C,3338cda4fe694bc8869b7c587c078246,5,0.04500247910618782,0.04494336247444153,0.04484439268708229,0.0447264239192009,0.04465653374791145,0.9923127488718994
C,3354476a318444a88d29eb0105f69289,5,0.0799364522099495,0.0799383744597435,0.07993810623884201,0.07994115352630615,0.07993830740451813,0.9999411902862383
