domain,scene,E_S3,E_S3_new,E_S3_dup,d_new,d_dup
analytic_noisy_sh,00f7c6d95b7d4c359681cc3b93f8a077,0.0019648829475045204,0.001974336104467511,0.001990510383620858,-9.45315696299076e-06,-2.5627436116337776e-05
analytic_noisy_sh,00ff6c772dce4e84bf66544ada6093a0,0.01638798788189888,0.0165752861648798,0.016024760901927948,-0.00018729828298091888,0.000363226979970932
analytic_noisy_sh,0104f4b9bd3c476d949785e03f2ff7c6,0.00014741328777745366,0.0001474129530834034,0.000147413564263843,3.346940502524376e-10,-2.764863893389702e-10
analytic_noisy_sh,0109cde49c664b408e6a95a82d235070,0.07322464883327484,0.08079306781291962,0.07683615386486053,-0.007568418979644775,-0.0036115050315856934
analytic_noisy_sh,01f2d9c189f5404c97f696d022b0ad81,0.0008758274489082396,0.0008758536423556507,0.0008759276242926717,-2.6193447411060333e-08,-1.0017538443207741e-07
analytic_noisy_sh,024bfdbc8f1c4a75bdbaaecb905e04e8,0.033253397792577744,0.03566529601812363,0.033751439303159714,-0.002411898225545883,-0.0004980415105819702
analytic_noisy_sh,027e8e8787bf40689bdd8e795636a106,0.024546554312109947,0.024943947792053223,0.024604829028248787,-0.00039739347994327545,-5.827471613883972e-05
analytic_noisy_sh,02c1619333c74000886bee7b9667e1d6,0.0001478834601584822,0.00014788379485253245,0.00014788399857934564,-3.346940502524376e-10,-5.384208634495735e-10
analytic_noisy_sh,02fc000a981e416386d8cc51c858de5b,0.05226797237992287,0.05673929303884506,0.0549454428255558,-0.0044713206589221954,-0.0026774704456329346
analytic_noisy_sh,03ba54375bcb45d1a92a5dcb9e8e3a59,0.03264760598540306,0.03400116413831711,0.0330507718026638,-0.0013535581529140472,-0.0004031658172607422
analytic_noisy_sh,0437089225fb4b8496c6c4a824d370e6,0.035443663597106934,0.038866277784109116,0.035316385328769684,-0.003422614187002182,0.00012727826833724976
analytic_noisy_sh,048002dcad254cf8b57d51d84ad84435,0.025328749790787697,0.026524178683757782,0.025455720722675323,-0.0011954288929700851,-0.00012697093188762665
analytic_noisy_sh,04dbe2471a134bd68f5b8d8d4af95aae,0.023822106420993805,0.02510806918144226,0.024011092260479927,-0.0012859627604484558,-0.00018898583948612213
analytic_noisy_sh,04e43ff1195e45029a03b6cdc53f9aa8,0.00014698394807055593,0.0001469744893256575,0.0001469869166612625,9.458744898438454e-09,-2.9685907065868378e-09
analytic_noisy_sh,04e5ee9a0baa446e9ab973cce0153bc8,0.00014720730541739613,0.00014720771287102252,0.00014720774197485298,-4.0745362639427185e-10,-4.3655745685100555e-10
analytic_noisy_sh,05703932eb2c45c0918d4f91c875d064,0.012771662324666977,0.013186274096369743,0.01282565575093031,-0.0004146117717027664,-5.399342626333237e-05
analytic_noisy_sh,060c9e87a01b4fd08f87578d63e4961e,0.012019826099276543,0.01320243813097477,0.011823217384517193,-0.001182612031698227,0.00019660871475934982
analytic_noisy_sh,062ad5b97bf34d75b7c7003b9b6f2cb0,0.003934703767299652,0.0038668550550937653,0.00404865387827158,6.784871220588684e-05,-0.00011395011097192764
analytic_noisy_sh,069044476a7f49b9b83f6364654c85c3,0.03659530356526375,0.03935273736715317,0.037276871502399445,-0.0027574338018894196,-0.0006815679371356964
analytic_noisy_sh,0692e0ff0ef34b21b1f3659270d2e558,0.02946767956018448,0.030444342643022537,0.02979169227182865,-0.0009766630828380585,-0.00032401271164417267
analytic_noisy_sh,06dd0877eb584e569d1bc9070e42baa2,0.06636558473110199,0.06781495362520218,0.06686405837535858,-0.0014493688941001892,-0.0004984736442565918
analytic_noisy_sh,07a81928f67f4aa2ad0d59a057ae374e,0.040760524570941925,0.04274243861436844,0.042917486280202866,-0.0019819140434265137,-0.0021569617092609406
analytic_noisy_sh,07c2642631f947a5ac799dddeea39eb9,0.02138959802687168,0.022472647950053215,0.021532509475946426,-0.0010830499231815338,-0.00014291144907474518
analytic_noisy_sh,086be698bca14d7791d9032884909954,0.013236903585493565,0.015050457790493965,0.01392521895468235,-0.0018135542050004005,-0.0006883153691887856
analytic_noisy_sh,087ca366dee64594bba4189b31dd7a45,0.015023598447442055,0.01623285934329033,0.014844914898276329,-0.0012092608958482742,0.0001786835491657257
analytic_noisy_sh,08aab5b01d384e0082c56c17fc9f2245,0.0001469177077524364,0.00014691826072521508,0.0001469174021622166,-5.529727786779404e-10,3.055902197957039e-10
analytic_noisy_sh,08bc3a0eec7042389949e2c5ad9bf700,0.01006065122783184,0.01046199444681406,0.010204063728451729,-0.0004013432189822197,-0.0001434125006198883
analytic_noisy_sh,099450527f614a3e81baf1fe4fe087ab,0.023428793996572495,0.024561423808336258,0.02387923188507557,-0.0011326298117637634,-0.00045043788850307465
analytic_noisy_sh,09fb340c826c402683eca48320936aec,0.00014792925503570586,0.00014793084119446576,0.00014793033187743276,-1.5861587598919868e-09,-1.076841726899147e-09
analytic_noisy_sh,0a354259149c4930bac9bab65ce89cdd,0.013286850415170193,0.013991786167025566,0.013335094787180424,-0.0007049357518553734,-4.824437201023102e-05
analytic_noisy_sh,0a39c8c2a2df48b6a072da1d9306cf36,0.01876470260322094,0.02093568816781044,0.019391577690839767,-0.0021709855645895004,-0.0006268750876188278
analytic_noisy_sh,0ae2a05bf20c4b028b86c33e26aa9e0c,0.02591795101761818,0.02799294888973236,0.025697266682982445,-0.0020749978721141815,0.00022068433463573456
analytic_noisy_sh,0af17e65f26647cc99709f7d15944994,0.044003892689943314,0.04634224995970726,0.044132109731435776,-0.0023383572697639465,-0.00012821704149246216
analytic_noisy_sh,0b1cc5fa9d8744ddabb84d3ec55b9a97,0.020801972597837448,0.023097507655620575,0.01901332102715969,-0.002295535057783127,0.0017886515706777573
analytic_noisy_sh,0b6168841a3f46bdaa56947d469c79da,0.00014688089140690863,0.00014688317605759948,0.00014687996008433402,-2.2846506908535957e-09,9.313225746154785e-10
analytic_noisy_sh,0bba5774d2bd40e48a2d246fdd0b92f5,0.029876435175538063,0.031116535887122154,0.03038022108376026,-0.0012401007115840912,-0.0005037859082221985
analytic_noisy_sh,0c5eb9cedea94e2180187a07cb661ceb,0.01063450425863266,0.010938011109828949,0.010552002117037773,-0.00030350685119628906,8.250214159488678e-05
analytic_noisy_sh,0c87b9d50c7f4a2292e337ceb54ec36a,0.034796085208654404,0.03609951585531235,0.03503374010324478,-0.0013034306466579437,-0.0002376548945903778
analytic_noisy_sh,0cc862bb5d9f41269631ff62504cfdf9,0.012123296968638897,0.01279844157397747,0.01213530357927084,-0.0006751446053385735,-1.2006610631942749e-05
analytic_noisy_sh,0e63e1ef419b49278ddc45ec63f69979,0.007861088961362839,0.008141627535223961,0.007913424633443356,-0.00028053857386112213,-5.2335672080516815e-05
analytic_noisy_sh,0e92245b9cac4423810aece64743decd,0.05440085753798485,0.05448714271187782,0.05439664423465729,-8.628517389297485e-05,4.213303327560425e-06
analytic_noisy_sh,0f3d54f4b2b74580a2c1891c1116dc5f,0.029250696301460266,0.029866524040699005,0.029524631798267365,-0.000615827739238739,-0.0002739354968070984
analytic_noisy_sh,0f48025ff969419582312f9a02fd7af0,0.04330073297023773,0.04453008994460106,0.04338216781616211,-0.001229356974363327,-8.143484592437744e-05
analytic_noisy_sh,10edcd93ffa94c2a8cc0bc2e9bcf7eae,0.00014732973068021238,0.0001473299489589408,0.00014733007992617786,-2.1827872842550278e-10,-3.4924596548080444e-10
analytic_noisy_sh,1175f68a974a45f5b9b6e51c08f1a432,0.02126379683613777,0.022459635511040688,0.02138165757060051,-0.001195838674902916,-0.00011786073446273804
analytic_noisy_sh,11940acb7fe34046ae965ed2fc1a3359,0.0002893933851737529,0.00028939248295500875,0.0002893927739933133,9.022187441587448e-10,6.111804395914078e-10
analytic_noisy_sh,1199736697cb491a899f77c0b75112dd,0.0001473969896323979,0.00014739730977453291,0.0001473970914958045,-3.2014213502407074e-10,-1.0186340659856796e-10
analytic_noisy_sh,11b4c003677148478409d6a66a65eb0e,0.009907986037433147,0.009909314103424549,0.0098972637206316,-1.3280659914016724e-06,1.0722316801548004e-05
analytic_noisy_sh,12aef634af8944ff86f9a967ccb1608b,0.013992655090987682,0.014113898389041424,0.013951051980257034,-0.00012124329805374146,4.160311073064804e-05
analytic_noisy_sh,1397ff3d60e04d9aa7b0524d022cf5cf,0.00014802916848566383,0.00014802851364947855,0.00014802924124523997,6.548361852765083e-10,-7.275957614183426e-11
analytic_noisy_sh,13c868d7ccfa48288730c0e6334a288c,0.028896348550915718,0.030847104266285896,0.02977256290614605,-0.0019507557153701782,-0.0008762143552303314
analytic_noisy_sh,13d4e5021ab84f30afd31f35c213cccb,0.008776829577982426,0.008764263242483139,0.008722501806914806,1.2566335499286652e-05,5.4327771067619324e-05
analytic_noisy_sh,1420fb72273245db90f1e90ab0bc1724,0.01635369472205639,0.01737731136381626,0.016857365146279335,-0.0010236166417598724,-0.0005036704242229462
analytic_noisy_sh,15db5f6f195c4995898af1b0ce431f80,0.010768860578536987,0.011186966672539711,0.010936594568192959,-0.0004181060940027237,-0.00016773398965597153
analytic_noisy_sh,1603ccd8b72e49c1a7074f124b212f0e,0.00014745834050700068,0.00014745838416274637,0.00014745899534318596,-4.3655745685100555e-11,-6.548361852765083e-10
analytic_noisy_sh,16ffa17d84c8467f89403df9ad894301,0.008982330560684204,0.008849851787090302,0.009078125469386578,0.0001324787735939026,-9.57949087023735e-05
analytic_noisy_sh,17092add79b24457ba29f0b35d660072,0.025497330352663994,0.027544720098376274,0.025754131376743317,-0.0020473897457122803,-0.0002568010240793228
analytic_noisy_sh,179832b0585c415d979f90dced97ae71,0.03771557658910751,0.04054784029722214,0.038802310824394226,-0.002832263708114624,-0.0010867342352867126
analytic_noisy_sh,17bc5de2691b43cfb873091778a8de52,0.00014618525165133178,0.00014618334535043687,0.00014618514978792518,1.9063008949160576e-09,1.0186340659856796e-10
analytic_noisy_sh,18b0f54db566476fb861c8fa187cd8d8,0.04957855865359306,0.0540209598839283,0.0499836802482605,-0.004442401230335236,-0.0004051215946674347
analytic_noisy_sh,1907da7461054e5ba6885302c08c2677,0.01223520003259182,0.01276309322565794,0.012507096864283085,-0.0005278931930661201,-0.0002718968316912651
analytic_noisy_sh,191df4fa5f48453d81ede86ed863a3c2,0.053835298866033554,0.056205619126558304,0.05368553474545479,-0.0023703202605247498,0.00014976412057876587
analytic_noisy_sh,193c0e81efc74ed0bd5834586cf3fe8f,0.04941817745566368,0.05437496304512024,0.049708981066942215,-0.004956785589456558,-0.00029080361127853394
analytic_noisy_sh,195a37929e644c3dbfbe25de252b0969,0.04922499135136604,0.05269422009587288,0.054122444242239,-0.003469228744506836,-0.004897452890872955
analytic_noisy_sh,1ada36a1a86a4bdaaa106bee7d9ac67d,0.04317205771803856,0.04630552604794502,0.04362855479121208,-0.0031334683299064636,-0.00045649707317352295
analytic_noisy_sh,1b98302c1ed9406a8343b3d39d6c5095,0.00014744917280040681,0.00014744917280040681,0.00014744904183316976,0.0,1.3096723705530167e-10
analytic_noisy_sh,1bbd90606751424ca876f2c94e183784,0.017350688576698303,0.017428364604711533,0.01721237041056156,-7.767602801322937e-05,0.00013831816613674164
analytic_noisy_sh,1bc61e7f64a54ccc9f3942b874779522,0.034090425819158554,0.036418307572603226,0.034557536244392395,-0.0023278817534446716,-0.00046711042523384094
analytic_noisy_sh,1d29f591697e493387d51a116b895934,0.018367949873209,0.019150005653500557,0.018168605864048004,-0.0007820557802915573,0.00019934400916099548
analytic_noisy_sh,1dbcb5f847804c75822615e161505d83,0.00014709336392115802,0.00014709436800330877,0.00014709231618326157,-1.0040821507573128e-09,1.0477378964424133e-09
analytic_noisy_sh,1e5929958e9d4fd5b0b8cdeaf2752d01,0.01685161143541336,0.017851412296295166,0.01704963482916355,-0.0009998008608818054,-0.00019802339375019073
analytic_noisy_sh,1ea9f54daa68475d867243576d94e9b5,0.03580288216471672,0.037958621978759766,0.03647502139210701,-0.002155739814043045,-0.0006721392273902893
analytic_noisy_sh,1eeefd2d22dd4b6c8ec6fbfa1f885d01,0.022155331447720528,0.023569634184241295,0.022871021181344986,-0.0014143027365207672,-0.0007156897336244583
analytic_noisy_sh,1f6c403e514e4d259ecb329543003c3d,0.01610991545021534,0.016388896852731705,0.01632060296833515,-0.00027898140251636505,-0.000210687518119812
analytic_noisy_sh,1f899649bb9f4e51a031668b0a97d438,0.0054319147020578384,0.005394022911787033,0.005520911887288094,3.789179027080536e-05,-8.899718523025513e-05
analytic_noisy_sh,202304220aef4cac84572ec4a072bf68,0.016560588032007217,0.0168977789580822,0.016919132322072983,-0.0003371909260749817,-0.0003585442900657654
analytic_noisy_sh,210f600a968c47e4abeed9c8d25f36bd,0.0001476060424465686,0.0001476063916925341,0.00014760642079636455,-3.4924596548080444e-10,-3.7834979593753815e-10
analytic_noisy_sh,21228b0cf30745efbf0842c86f34e584,0.013850461691617966,0.013732763938605785,0.01456157211214304,0.00011769775301218033,-0.000711110420525074
analytic_noisy_sh,2242ba8057ed45c998208ca71cd13b3e,0.017084771767258644,0.018168380483984947,0.01729741506278515,-0.001083608716726303,-0.00021264329552650452
analytic_noisy_sh,229df31da28c4d3390d6ae1fef2867e0,0.014760173857212067,0.015198169276118279,0.014858279377222061,-0.00043799541890621185,-9.810552000999451e-05
analytic_noisy_sh,22a62914e48948cbb93a08364e3d650c,0.034194350242614746,0.03654319420456886,0.03507610037922859,-0.002348843961954117,-0.0008817501366138458
analytic_noisy_sh,2408f7b6d1d64b9ca70b14a84dee8d84,0.046237096190452576,0.04926299676299095,0.04727289453148842,-0.003025900572538376,-0.001035798341035843
analytic_noisy_sh,24a0d4520d444db7980f3737950f2a5c,0.013829384930431843,0.013692336156964302,0.013688994571566582,0.00013704877346754074,0.00014039035886526108
analytic_noisy_sh,2570d5ef94e740e9bd85d42e6b8c59f6,0.015781233087182045,0.01635035127401352,0.016007158905267715,-0.0005691181868314743,-0.00022592581808567047
analytic_noisy_sh,25b1735633484414aef07006a0099c26,0.021734200417995453,0.021792536601424217,0.02200145274400711,-5.833618342876434e-05,-0.0002672523260116577
analytic_noisy_sh,25b74c8c02ef41f6bdb3dc2b097c6eee,0.02732570469379425,0.028594927862286568,0.027561523020267487,-0.0012692231684923172,-0.00023581832647323608
analytic_noisy_sh,260151f2360c484e8c0a5034ff391021,0.024414341896772385,0.024653727188706398,0.0242728590965271,-0.00023938529193401337,0.00014148280024528503
analytic_noisy_sh,273a3aa035784eacb89db08c1a0710bf,0.035383909940719604,0.03760453313589096,0.03586609661579132,-0.002220623195171356,-0.0004821866750717163
analytic_noisy_sh,276f390b0cfc475898b445466d387cf6,0.05975516140460968,0.06272158771753311,0.060732461512088776,-0.0029664263129234314,-0.0009773001074790955
analytic_noisy_sh,27b4f79643cb40ae8cdde5d5a9adebf1,0.060206737369298935,0.06278491765260696,0.061096955090761185,-0.002578180283308029,-0.0008902177214622498
analytic_noisy_sh,285fbc3ac47c47dead4bae4f21dbf966,0.005227964837104082,0.005251170136034489,0.005512432660907507,-2.320529893040657e-05,-0.00028446782380342484
analytic_noisy_sh,28e9c03735124472877f9f4741a74d78,0.01420289371162653,0.015710851177573204,0.014676668681204319,-0.0015079574659466743,-0.0004737749695777893
analytic_noisy_sh,28f3639867884b1ab9357e990899d9d6,0.008120166137814522,0.008263936266303062,0.00803307630121708,-0.00014377012848854065,8.708983659744263e-05
analytic_noisy_sh,2989fed94cf84cc8bddefad13d208932,0.04494590684771538,0.045066140592098236,0.044915199279785156,-0.00012023374438285828,3.070756793022156e-05
analytic_noisy_sh,29bc29d28a574da5a81e51a7bdccc563,0.018546488136053085,0.018693430349230766,0.019196409732103348,-0.00014694221317768097,-0.0006499215960502625
analytic_noisy_sh,29dd1b62f2a74a1f85cad5fede2fc423,0.010035672225058079,0.010219249874353409,0.010336834006011486,-0.00018357764929533005,-0.0003011617809534073
analytic_noisy_sh,29dfbc6436484061ba94690407c5f8fd,0.00392279913648963,0.003869835287332535,0.003996198996901512,5.2963849157094955e-05,-7.33998604118824e-05
analytic_noisy_sh,2a37df8f84254af1aa4fca1efdbc4fe7,0.005710673984140158,0.005735557526350021,0.005831678863614798,-2.4883542209863663e-05,-0.00012100487947463989
analytic_noisy_sh,2b59a3b183004c3c860337ceb41750c8,0.021575409919023514,0.023114275187253952,0.022734900936484337,-0.0015388652682304382,-0.001159491017460823
analytic_noisy_sh,2be296fc2d684166b4e0dcbe84d92337,0.00014718878082931042,0.00014718926104251295,0.00014718878082931042,-4.802132025361061e-10,0.0
analytic_noisy_sh,2c0aa3bfb16540fba4ba538a8c67f3b3,0.00014658182044513524,0.0001465829263906926,0.00014658432337455451,-1.1059455573558807e-09,-2.5029294192790985e-09
analytic_noisy_sh,2c3da301c24245ce9b25ce41e44a5b35,0.0421101450920105,0.04508499056100845,0.04270724952220917,-0.0029748454689979553,-0.0005971044301986694
analytic_noisy_sh,2c60afeb98c3492f8007ac509de7698b,0.020305698737502098,0.021128209307789803,0.020687947049736977,-0.0008225105702877045,-0.00038224831223487854
analytic_noisy_sh,2c6ce38f887f4373ae8f065210b7e9ee,0.0261275265365839,0.026342075318098068,0.02614823915064335,-0.00021454878151416779,-2.0712614059448242e-05
analytic_noisy_sh,2c886582d8a94d5d9994de58b51911eb,0.057808369398117065,0.06376025825738907,0.06013990193605423,-0.005951888859272003,-0.0023315325379371643
analytic_noisy_sh,2cdb6470844d4daba89365be8ad30f14,0.00014669704250991344,0.00014669616939499974,0.0001466969115426764,8.731149137020111e-10,1.3096723705530167e-10
analytic_noisy_sh,2cf849fec80647928b7638ef08e602f4,0.007048602681607008,0.007110001053661108,0.007023099344223738,-6.139837205410004e-05,2.5503337383270264e-05
analytic_noisy_sh,2d0280394a11463a9bf5b6ef8a1659a1,0.03871642425656319,0.040982767939567566,0.0397719144821167,-0.0022663436830043793,-0.0010554902255535126
analytic_noisy_sh,2d514ed8cabb4519b0e376bd0950115e,0.036491185426712036,0.03756827116012573,0.03686938062310219,-0.0010770857334136963,-0.000378195196390152
analytic_noisy_sh,2d6cf5ded8634930b65314a62150bc6f,0.0042306180112063885,0.004279974848031998,0.004156220238655806,-4.935683682560921e-05,7.439777255058289e-05
analytic_noisy_sh,2d8059066be34f61af4776f23f00640c,0.028280066326260567,0.029263433068990707,0.028624780476093292,-0.0009833667427301407,-0.0003447141498327255
analytic_noisy_sh,2d82e08ea31549a99aa03ac6511613c6,0.023213228210806847,0.025064602494239807,0.023618893697857857,-0.0018513742834329605,-0.00040566548705101013
analytic_noisy_sh,2dfa3a4d58a442bb9abbf1f7beb2e5e6,0.050598084926605225,0.0506591796875,0.050521548837423325,-6.109476089477539e-05,7.653608918190002e-05
analytic_noisy_sh,2f761f9165384a0e8f51abafd1247e35,0.029805248603224754,0.030590416863560677,0.03005017526447773,-0.0007851682603359222,-0.00024492666125297546
analytic_noisy_sh,2fd7a41706254e6cb2c24467a5ca0370,0.015092844143509865,0.016313349828124046,0.015252559445798397,-0.0012205056846141815,-0.00015971530228853226
analytic_noisy_sh,3050967715914e7791ae4a1d47551822,0.04663543775677681,0.04977903142571449,0.047934629023075104,-0.003143593668937683,-0.001299191266298294
analytic_noisy_sh,308472c7daa94a4fbb44be3a345a879a,0.024922195822000504,0.026151815429329872,0.025445260107517242,-0.0012296196073293686,-0.0005230642855167389
analytic_noisy_sh,3098fe550c534448adf2e2844e06950d,0.03881058096885681,0.04217555373907089,0.04000844806432724,-0.003364972770214081,-0.0011978670954704285
analytic_noisy_sh,31260ec93c914a0ea7835850db66e445,0.01792771741747856,0.019784923642873764,0.018566463142633438,-0.0018572062253952026,-0.0006387457251548767
analytic_noisy_sh,319376f14ac644759cc5f8fae239d6be,0.0806880071759224,0.08254660665988922,0.07963670045137405,-0.0018585994839668274,0.0010513067245483398
analytic_noisy_sh,31aa0fb227cb47b1897084a9d23aa10f,0.006814431399106979,0.007141367066651583,0.006996474228799343,-0.00032693566754460335,-0.00018204282969236374
analytic_noisy_sh,322dc0a758414cd2932ad3bd3d78c678,0.026550626382231712,0.028527408838272095,0.026848256587982178,-0.0019767824560403824,-0.0002976302057504654
analytic_noisy_sh,3338cda4fe694bc8869b7c587c078246,0.040479082614183426,0.044958312064409256,0.04171954467892647,-0.00447922945022583,-0.001240462064743042
analytic_noisy_sh,3354476a318444a88d29eb0105f69289,0.0249920766800642,0.026035146787762642,0.02504827454686165,-0.0010430701076984406,-5.6197866797447205e-05
