domain,model,scene,N,si_mae_A,light_dir_err,light_shape_err
analytic15_sh,sh,00f7c6d95b7d4c359681cc3b93f8a077,1,0.007140833418816328,22.530877012411956,0.6154073001673404
analytic15_sh,sh,00f7c6d95b7d4c359681cc3b93f8a077,2,0.008700122125446796,16.870797073157767,0.4873656829782649
analytic15_sh,sh,00f7c6d95b7d4c359681cc3b93f8a077,3,0.0020764172077178955,16.795494320179333,0.5069994218248352
analytic15_sh,sh,00f7c6d95b7d4c359681cc3b93f8a077,5,0.0019067947287112474,12.5446275535557,0.4388625360340657
analytic15_sh,sh,00f7c6d95b7d4c359681cc3b93f8a077,7,0.002108524087816477,17.03872894373183,0.49332514906643876
analytic15_sh,sh,00f7c6d95b7d4c359681cc3b93f8a077,10,0.0019278395920991898,12.027247952976868,0.4035766945906792
analytic15_sh,sh,00f7c6d95b7d4c359681cc3b93f8a077,15,0.0019439568277448416,12.72633219623758,0.41950232259419773
analytic15_sh,sh,00ff6c772dce4e84bf66544ada6093a0,1,0.04738304764032364,1.884011365797523,0.1631170272864914
analytic15_sh,sh,00ff6c772dce4e84bf66544ada6093a0,2,0.026833942160010338,4.375487818038825,0.22892112097387374
analytic15_sh,sh,00ff6c772dce4e84bf66544ada6093a0,3,0.01641872525215149,2.6254824767492244,0.2588591559740064
analytic15_sh,sh,00ff6c772dce4e84bf66544ada6093a0,5,0.016820766031742096,1.4700330002509145,0.2310029883718951
analytic15_sh,sh,00ff6c772dce4e84bf66544ada6093a0,7,0.016199609264731407,5.447437618432657,0.27107125289533934
analytic15_sh,sh,00ff6c772dce4e84bf66544ada6093a0,10,0.016852976754307747,2.1878185932556824,0.23844079725809428
analytic15_sh,sh,00ff6c772dce4e84bf66544ada6093a0,15,0.01676071621477604,3.6672347076566987,0.24676444732780076
analytic15_sh,sh,0104f4b9bd3c476d949785e03f2ff7c6,1,0.00014741226914338768,46.7302853106646,1.0141958509226656
analytic15_sh,sh,0104f4b9bd3c476d949785e03f2ff7c6,2,0.00014741328777745366,54.37514633058909,0.9154070744117495
analytic15_sh,sh,0104f4b9bd3c476d949785e03f2ff7c6,3,0.00014741241466253996,88.3390741587499,0.962902692680012
analytic15_sh,sh,0104f4b9bd3c476d949785e03f2ff7c6,5,0.00014741292397957295,118.84869531714155,1.006913805987057
analytic15_sh,sh,0104f4b9bd3c476d949785e03f2ff7c6,7,0.00014741263294126838,77.57409852414244,1.0034447250674923
analytic15_sh,sh,0104f4b9bd3c476d949785e03f2ff7c6,10,0.00014741317136213183,103.89334959656844,1.0504344010287174
analytic15_sh,sh,0104f4b9bd3c476d949785e03f2ff7c6,15,0.0001474128948757425,86.73520881896121,1.0669014581639475
analytic15_sh,sh,0109cde49c664b408e6a95a82d235070,1,0.21647615730762482,22.99021810974963,0.6512520625331658
analytic15_sh,sh,0109cde49c664b408e6a95a82d235070,2,0.222211092710495,15.22703787143899,0.4946882612181706
analytic15_sh,sh,0109cde49c664b408e6a95a82d235070,3,0.08024631440639496,13.405877598208763,0.44024564783579717
analytic15_sh,sh,0109cde49c664b408e6a95a82d235070,5,0.056164100766181946,10.609762408088399,0.39732233707587367
analytic15_sh,sh,0109cde49c664b408e6a95a82d235070,7,0.09182427823543549,14.267950917715492,0.46863638757244164
analytic15_sh,sh,0109cde49c664b408e6a95a82d235070,10,0.0642184242606163,9.427467454500913,0.3635590399963425
analytic15_sh,sh,0109cde49c664b408e6a95a82d235070,15,0.06561948359012604,9.992546221112425,0.38417564509800306
analytic15_sh,sh,01f2d9c189f5404c97f696d022b0ad81,1,0.0008761948556639254,33.94194650103034,0.9933934520050547
analytic15_sh,sh,01f2d9c189f5404c97f696d022b0ad81,2,0.0008761853096075356,26.566951654483727,0.7476219578271028
analytic15_sh,sh,01f2d9c189f5404c97f696d022b0ad81,3,0.0008758819312788546,23.159857301773737,0.7381922182718736
analytic15_sh,sh,01f2d9c189f5404c97f696d022b0ad81,5,0.0008751358254812658,25.440949509614278,0.7446126432781732
analytic15_sh,sh,01f2d9c189f5404c97f696d022b0ad81,7,0.0008760079508647323,22.44265716816,0.7099622128213515
analytic15_sh,sh,01f2d9c189f5404c97f696d022b0ad81,10,0.0008755453745834529,24.882714816778357,0.7740840638979101
analytic15_sh,sh,01f2d9c189f5404c97f696d022b0ad81,15,0.0008756141178309917,28.17928173214047,0.8319258144934245
analytic15_sh,sh,024bfdbc8f1c4a75bdbaaecb905e04e8,1,0.06353157758712769,7.598665591931675,0.371275287768546
analytic15_sh,sh,024bfdbc8f1c4a75bdbaaecb905e04e8,2,0.06194555014371872,10.217370506888543,0.48625977274911736
analytic15_sh,sh,024bfdbc8f1c4a75bdbaaecb905e04e8,3,0.03774107247591019,10.645757723695583,0.5029201267013795
analytic15_sh,sh,024bfdbc8f1c4a75bdbaaecb905e04e8,5,0.0298269372433424,7.570532655286354,0.41592342824896783
analytic15_sh,sh,024bfdbc8f1c4a75bdbaaecb905e04e8,7,0.04161205142736435,11.074921538098137,0.48736481689272254
analytic15_sh,sh,024bfdbc8f1c4a75bdbaaecb905e04e8,10,0.0328298956155777,7.866904945931411,0.393874586409199
analytic15_sh,sh,024bfdbc8f1c4a75bdbaaecb905e04e8,15,0.03319485858082771,10.120532942889223,0.426121885094349
analytic15_sh,sh,027e8e8787bf40689bdd8e795636a106,1,0.06370608508586884,1.884011365797523,0.3842943236640536
analytic15_sh,sh,027e8e8787bf40689bdd8e795636a106,2,0.07739464938640594,8.377256559915281,0.36172007401171624
analytic15_sh,sh,027e8e8787bf40689bdd8e795636a106,3,0.02478695474565029,5.182622780490717,0.3106855437715572
analytic15_sh,sh,027e8e8787bf40689bdd8e795636a106,5,0.02315300703048706,6.317625501505963,0.3286215000466376
analytic15_sh,sh,027e8e8787bf40689bdd8e795636a106,7,0.02527298592031002,7.082926804273534,0.3548912287924418
analytic15_sh,sh,027e8e8787bf40689bdd8e795636a106,10,0.023828785866498947,6.370513487908749,0.3116771688133654
analytic15_sh,sh,027e8e8787bf40689bdd8e795636a106,15,0.023915356025099754,6.372442470065764,0.32759946982039007
analytic15_sh,sh,02c1619333c74000886bee7b9667e1d6,1,0.00014788379485253245,54.45032338488342,1.083553432184327
analytic15_sh,sh,02c1619333c74000886bee7b9667e1d6,2,0.00014788370754104108,65.25303233751912,1.0099205788354086
analytic15_sh,sh,02c1619333c74000886bee7b9667e1d6,3,0.00014788420230615884,93.14910583574658,1.0624216612065436
analytic15_sh,sh,02c1619333c74000886bee7b9667e1d6,5,0.0001478829508414492,119.67824144187611,1.083043548845616
analytic15_sh,sh,02c1619333c74000886bee7b9667e1d6,7,0.0001478841295465827,81.43670417108784,1.0794529714400078
analytic15_sh,sh,02c1619333c74000886bee7b9667e1d6,10,0.00014788364933338016,98.38218319598539,1.110359133408259
analytic15_sh,sh,02c1619333c74000886bee7b9667e1d6,15,0.00014788303815294057,83.01815682493263,1.1166354394424693
analytic15_sh,sh,02fc000a981e416386d8cc51c858de5b,1,0.17389315366744995,13.10203442307698,0.400305940114446
analytic15_sh,sh,02fc000a981e416386d8cc51c858de5b,2,0.16557322442531586,11.611467307564272,0.37650251174787774
analytic15_sh,sh,02fc000a981e416386d8cc51c858de5b,3,0.06031815707683563,11.756134940421338,0.4541001797671862
analytic15_sh,sh,02fc000a981e416386d8cc51c858de5b,5,0.04619825631380081,13.556901289519857,0.49833314066894036
analytic15_sh,sh,02fc000a981e416386d8cc51c858de5b,7,0.06960655003786087,13.32237726039943,0.46088721160135193
analytic15_sh,sh,02fc000a981e416386d8cc51c858de5b,10,0.05178886651992798,10.882327616237154,0.44091713349234674
analytic15_sh,sh,02fc000a981e416386d8cc51c858de5b,15,0.052663180977106094,12.835769773219992,0.4525674279123816
analytic15_sh,sh,03ba54375bcb45d1a92a5dcb9e8e3a59,1,0.09088937938213348,21.150945958668608,0.6458857339273882
analytic15_sh,sh,03ba54375bcb45d1a92a5dcb9e8e3a59,2,0.11322876811027527,16.18378099787636,0.4703976636237075
analytic15_sh,sh,03ba54375bcb45d1a92a5dcb9e8e3a59,3,0.03336428850889206,23.64071089452321,0.6174781202621563
analytic15_sh,sh,03ba54375bcb45d1a92a5dcb9e8e3a59,5,0.027918903157114983,15.98099683383496,0.5097598785951968
analytic15_sh,sh,03ba54375bcb45d1a92a5dcb9e8e3a59,7,0.03563455492258072,20.569355442511714,0.5828917329725065
analytic15_sh,sh,03ba54375bcb45d1a92a5dcb9e8e3a59,10,0.029708633199334145,13.98366306521448,0.4548179957867817
analytic15_sh,sh,03ba54375bcb45d1a92a5dcb9e8e3a59,15,0.03002602979540825,15.02716760129408,0.48559312630122337
analytic15_sh,sh,0437089225fb4b8496c6c4a824d370e6,1,0.06267587840557098,0.7103760244038191,0.38352977501986063
analytic15_sh,sh,0437089225fb4b8496c6c4a824d370e6,2,0.05744253844022751,4.449217489243545,0.3343437002264852
analytic15_sh,sh,0437089225fb4b8496c6c4a824d370e6,3,0.040591251105070114,12.1143470268352,0.49823910363348967
analytic15_sh,sh,0437089225fb4b8496c6c4a824d370e6,5,0.03583560883998871,13.456636930612259,0.5008914867553182
analytic15_sh,sh,0437089225fb4b8496c6c4a824d370e6,7,0.04257487878203392,11.532457742118202,0.4609035157709003
analytic15_sh,sh,0437089225fb4b8496c6c4a824d370e6,10,0.038223616778850555,10.90071705637814,0.43827787613346575
analytic15_sh,sh,0437089225fb4b8496c6c4a824d370e6,15,0.03865618258714676,12.742417454730502,0.46421417243756213
analytic15_sh,sh,048002dcad254cf8b57d51d84ad84435,1,0.08283501118421555,19.126031902779037,0.6167695303281027
analytic15_sh,sh,048002dcad254cf8b57d51d84ad84435,2,0.07426705956459045,12.994192520478542,0.45096009433898876
analytic15_sh,sh,048002dcad254cf8b57d51d84ad84435,3,0.027506642043590546,26.62601404469197,0.6671880228731686
analytic15_sh,sh,048002dcad254cf8b57d51d84ad84435,5,0.023038238286972046,25.373465076022953,0.730360615925586
analytic15_sh,sh,048002dcad254cf8b57d51d84ad84435,7,0.02902732789516449,24.10518547776814,0.6100752833096309
analytic15_sh,sh,048002dcad254cf8b57d51d84ad84435,10,0.02465669810771942,26.010735669463678,0.669736668342156
analytic15_sh,sh,048002dcad254cf8b57d51d84ad84435,15,0.0249126348644495,23.635589764652853,0.6364868836873545
analytic15_sh,sh,04dbe2471a134bd68f5b8d8d4af95aae,1,0.07363193482160568,24.388286506298392,0.6530316087743194
analytic15_sh,sh,04dbe2471a134bd68f5b8d8d4af95aae,2,0.08688216656446457,17.082879686867717,0.4802532976580493
analytic15_sh,sh,04dbe2471a134bd68f5b8d8d4af95aae,3,0.024234669283032417,20.081636349613888,0.575098865267694
analytic15_sh,sh,04dbe2471a134bd68f5b8d8d4af95aae,5,0.02043883129954338,16.877792473198454,0.5468249098435235
analytic15_sh,sh,04dbe2471a134bd68f5b8d8d4af95aae,7,0.025936229154467583,23.24349237892989,0.6019562540482811
analytic15_sh,sh,04dbe2471a134bd68f5b8d8d4af95aae,10,0.022068137302994728,14.713819267901593,0.4983681456678496
analytic15_sh,sh,04dbe2471a134bd68f5b8d8d4af95aae,15,0.022225743159651756,15.727123132269883,0.5243281884876357
analytic15_sh,sh,04e43ff1195e45029a03b6cdc53f9aa8,1,0.00014698969607707113,66.15439923214193,1.0447943716831465
analytic15_sh,sh,04e43ff1195e45029a03b6cdc53f9aa8,2,0.00014698719314765185,49.624101017896734,0.9293890329230343
analytic15_sh,sh,04e43ff1195e45029a03b6cdc53f9aa8,3,0.00014698668383061886,79.12231318152604,1.0245841241576574
analytic15_sh,sh,04e43ff1195e45029a03b6cdc53f9aa8,5,0.00014698800805490464,112.44721127489306,1.0719550013134131
analytic15_sh,sh,04e43ff1195e45029a03b6cdc53f9aa8,7,0.0001469895796617493,70.43726685589016,1.021908583626745
analytic15_sh,sh,04e43ff1195e45029a03b6cdc53f9aa8,10,0.00014698808081448078,95.29702015847452,1.0797246396276559
analytic15_sh,sh,04e43ff1195e45029a03b6cdc53f9aa8,15,0.00014698866289108992,87.60666723260783,1.0872596851803615
analytic15_sh,sh,04e5ee9a0baa446e9ab973cce0153bc8,1,0.00014720814942847937,47.798864743731926,1.0327550118888087
analytic15_sh,sh,04e5ee9a0baa446e9ab973cce0153bc8,2,0.00014720727631356567,51.136890781905464,0.9811008977958624
analytic15_sh,sh,04e5ee9a0baa446e9ab973cce0153bc8,3,0.0001472079020459205,81.00691725102774,1.0593675828844533
analytic15_sh,sh,04e5ee9a0baa446e9ab973cce0153bc8,5,0.00014720830949954689,109.19459310019052,1.082333703298792
analytic15_sh,sh,04e5ee9a0baa446e9ab973cce0153bc8,7,0.00014720814942847937,69.53227532099649,1.09752079769705
analytic15_sh,sh,04e5ee9a0baa446e9ab973cce0153bc8,10,0.00014720761100761592,89.631449332641,1.1189903606269502
analytic15_sh,sh,04e5ee9a0baa446e9ab973cce0153bc8,15,0.00014720819308422506,77.92890225623255,1.1232614329479431
analytic15_sh,sh,05703932eb2c45c0918d4f91c875d064,1,0.01669267565011978,19.99844610341299,0.5063292138598022
analytic15_sh,sh,05703932eb2c45c0918d4f91c875d064,2,0.016423674300312996,15.464288370523192,0.4221884923683754
analytic15_sh,sh,05703932eb2c45c0918d4f91c875d064,3,0.013368143700063229,17.119534100610135,0.5237642908145936
analytic15_sh,sh,05703932eb2c45c0918d4f91c875d064,5,0.012220815755426884,14.97597703672028,0.49279919723803156
analytic15_sh,sh,05703932eb2c45c0918d4f91c875d064,7,0.013918173499405384,19.820809696454155,0.5445556631604314
analytic15_sh,sh,05703932eb2c45c0918d4f91c875d064,10,0.012619894929230213,17.15403998194786,0.5093696936281725
analytic15_sh,sh,05703932eb2c45c0918d4f91c875d064,15,0.012695197016000748,17.69153325816624,0.5263800722088742
analytic15_sh,sh,060c9e87a01b4fd08f87578d63e4961e,1,0.08788733929395676,23.954514092694716,0.6821870003772899
analytic15_sh,sh,060c9e87a01b4fd08f87578d63e4961e,2,0.10577989369630814,9.799403206623467,0.41822404134584046
analytic15_sh,sh,060c9e87a01b4fd08f87578d63e4961e,3,0.010767024010419846,12.85004604789618,0.43530833087324733
analytic15_sh,sh,060c9e87a01b4fd08f87578d63e4961e,5,0.009853067807853222,8.99008138816358,0.3875676759771638
analytic15_sh,sh,060c9e87a01b4fd08f87578d63e4961e,7,0.01160502154380083,13.56837222013226,0.44367860516413743
analytic15_sh,sh,060c9e87a01b4fd08f87578d63e4961e,10,0.010436206124722958,8.514209951815449,0.34209084791661526
analytic15_sh,sh,060c9e87a01b4fd08f87578d63e4961e,15,0.010407306253910065,9.414422473648733,0.35499443660146107
analytic15_sh,sh,062ad5b97bf34d75b7c7003b9b6f2cb0,1,0.09380311518907547,2.700275409895088,0.47016529813024216
analytic15_sh,sh,062ad5b97bf34d75b7c7003b9b6f2cb0,2,0.11296705901622772,6.05017850022944,0.40532412019556263
analytic15_sh,sh,062ad5b97bf34d75b7c7003b9b6f2cb0,3,0.005422218237072229,1.9196154510818266,0.2703321942040418
analytic15_sh,sh,062ad5b97bf34d75b7c7003b9b6f2cb0,5,0.0038076122291386127,2.3924651118049565,0.29057141885109994
analytic15_sh,sh,062ad5b97bf34d75b7c7003b9b6f2cb0,7,0.006631258875131607,4.533210014920058,0.2925265760217422
analytic15_sh,sh,062ad5b97bf34d75b7c7003b9b6f2cb0,10,0.0039022997952997684,2.856374397787826,0.25231590451060826
analytic15_sh,sh,062ad5b97bf34d75b7c7003b9b6f2cb0,15,0.003988267388194799,4.132889012232463,0.26156469859677883
analytic15_sh,sh,069044476a7f49b9b83f6364654c85c3,1,0.1211252212524414,24.388286506298392,0.6516910212591954
analytic15_sh,sh,069044476a7f49b9b83f6364654c85c3,2,0.12161849439144135,19.874645614617087,0.5636118976865813
analytic15_sh,sh,069044476a7f49b9b83f6364654c85c3,3,0.04158668592572212,20.306709408726885,0.642285975602123
analytic15_sh,sh,069044476a7f49b9b83f6364654c85c3,5,0.03231211006641388,13.017669176800045,0.44123995580781933
analytic15_sh,sh,069044476a7f49b9b83f6364654c85c3,7,0.04681658744812012,19.552479439195576,0.6280661337473595
analytic15_sh,sh,069044476a7f49b9b83f6364654c85c3,10,0.03559276461601257,11.445424978441348,0.41933841418860307
analytic15_sh,sh,069044476a7f49b9b83f6364654c85c3,15,0.03610917180776596,13.255426527697463,0.4666345032266346
analytic15_sh,sh,0692e0ff0ef34b21b1f3659270d2e558,1,0.037083759903907776,5.0167865009925965,0.6059956581742991
analytic15_sh,sh,0692e0ff0ef34b21b1f3659270d2e558,2,0.03656105697154999,7.325037734227919,0.46461082096494755
analytic15_sh,sh,0692e0ff0ef34b21b1f3659270d2e558,3,0.02981714904308319,8.02689705583579,0.46270794250166336
analytic15_sh,sh,0692e0ff0ef34b21b1f3659270d2e558,5,0.027018673717975616,14.525470426915296,0.6281180884812843
analytic15_sh,sh,0692e0ff0ef34b21b1f3659270d2e558,7,0.030999111011624336,9.408556141034605,0.4217635088703409
analytic15_sh,sh,0692e0ff0ef34b21b1f3659270d2e558,10,0.028233792632818222,11.352641917415577,0.504620414930715
analytic15_sh,sh,0692e0ff0ef34b21b1f3659270d2e558,15,0.028361542150378227,13.556788920909733,0.5373473266358072
analytic15_sh,sh,06dd0877eb584e569d1bc9070e42baa2,1,0.08326207846403122,11.084086578607838,0.42092342185858567
analytic15_sh,sh,06dd0877eb584e569d1bc9070e42baa2,2,0.0851169228553772,8.882341009526428,0.3933095420180527
analytic15_sh,sh,06dd0877eb584e569d1bc9070e42baa2,3,0.0676867663860321,10.691398346753138,0.5638206297113059
analytic15_sh,sh,06dd0877eb584e569d1bc9070e42baa2,5,0.05510175973176956,7.914731207744133,0.42843336929571524
analytic15_sh,sh,06dd0877eb584e569d1bc9070e42baa2,7,0.06966107338666916,14.699022702679484,0.6094212207730535
analytic15_sh,sh,06dd0877eb584e569d1bc9070e42baa2,10,0.061040520668029785,10.97372953507168,0.5408596415026236
analytic15_sh,sh,06dd0877eb584e569d1bc9070e42baa2,15,0.06187509745359421,11.138268157783157,0.5313858941581401
analytic15_sh,sh,07a81928f67f4aa2ad0d59a057ae374e,1,0.1001739427447319,19.126031902779037,0.49515511708847976
analytic15_sh,sh,07a81928f67f4aa2ad0d59a057ae374e,2,0.10436008125543594,15.676754908944627,0.4270246575936234
analytic15_sh,sh,07a81928f67f4aa2ad0d59a057ae374e,3,0.044285427778959274,19.64149584915934,0.5272243130283024
analytic15_sh,sh,07a81928f67f4aa2ad0d59a057ae374e,5,0.03519885241985321,11.2894296227531,0.4360767447466727
analytic15_sh,sh,07a81928f67f4aa2ad0d59a057ae374e,7,0.049334567040205,19.725262999905205,0.52912954295457
analytic15_sh,sh,07a81928f67f4aa2ad0d59a057ae374e,10,0.03830626234412193,11.31532378314925,0.4103151244504681
analytic15_sh,sh,07a81928f67f4aa2ad0d59a057ae374e,15,0.03875736892223358,12.560256012444125,0.4302738616359593
analytic15_sh,sh,07c2642631f947a5ac799dddeea39eb9,1,0.058421049267053604,26.68441086254964,0.6971120861033222
analytic15_sh,sh,07c2642631f947a5ac799dddeea39eb9,2,0.0606134757399559,18.737551961717056,0.5135949913936991
analytic15_sh,sh,07c2642631f947a5ac799dddeea39eb9,3,0.021862125024199486,15.357659012684998,0.48677212651774376
analytic15_sh,sh,07c2642631f947a5ac799dddeea39eb9,5,0.01910797320306301,16.933590790850246,0.5352518107314482
analytic15_sh,sh,07c2642631f947a5ac799dddeea39eb9,7,0.023581795394420624,15.318824979758611,0.4763625115769376
analytic15_sh,sh,07c2642631f947a5ac799dddeea39eb9,10,0.020274247974157333,13.149751404684974,0.44356302660890234
analytic15_sh,sh,07c2642631f947a5ac799dddeea39eb9,15,0.020367812365293503,13.072688671181204,0.43738877493004125
analytic15_sh,sh,086be698bca14d7791d9032884909954,1,0.09399830549955368,18.583996460915046,0.6210439857057697
analytic15_sh,sh,086be698bca14d7791d9032884909954,2,0.09962780773639679,14.488592994431311,0.48433245967506655
analytic15_sh,sh,086be698bca14d7791d9032884909954,3,0.019345885142683983,13.38471477580903,0.4710189694500771
analytic15_sh,sh,086be698bca14d7791d9032884909954,5,0.011915634386241436,11.214714797670272,0.429496609167927
analytic15_sh,sh,086be698bca14d7791d9032884909954,7,0.023846473544836044,13.784056782222068,0.46637822578506266
analytic15_sh,sh,086be698bca14d7791d9032884909954,10,0.014122436754405499,8.803137648929694,0.3954371655958967
analytic15_sh,sh,086be698bca14d7791d9032884909954,15,0.01453282218426466,10.614855642750852,0.42680076321522953
analytic15_sh,sh,087ca366dee64594bba4189b31dd7a45,1,0.025682153180241585,19.99844610341299,0.5750712754322056
analytic15_sh,sh,087ca366dee64594bba4189b31dd7a45,2,0.02800164371728897,16.070422658922933,0.4834482276895815
analytic15_sh,sh,087ca366dee64594bba4189b31dd7a45,3,0.01703067310154438,20.853100840607066,0.5782102826359802
analytic15_sh,sh,087ca366dee64594bba4189b31dd7a45,5,0.014012984000146389,26.200427452678486,0.6753898969589031
analytic15_sh,sh,087ca366dee64594bba4189b31dd7a45,7,0.018665587529540062,19.517279806951244,0.5692083691027372
analytic15_sh,sh,087ca366dee64594bba4189b31dd7a45,10,0.01515858806669712,18.99728559491566,0.5804533664492866
analytic15_sh,sh,087ca366dee64594bba4189b31dd7a45,15,0.015317576937377453,18.738313197090672,0.574021150972333
analytic15_sh,sh,08aab5b01d384e0082c56c17fc9f2245,1,0.00014691866817884147,43.36313075041548,0.9986181801368522
analytic15_sh,sh,08aab5b01d384e0082c56c17fc9f2245,2,0.00014691856631543487,44.67632957699581,0.9483873599262335
analytic15_sh,sh,08aab5b01d384e0082c56c17fc9f2245,3,0.00014691843534819782,80.61524949168921,1.0299757503879736
analytic15_sh,sh,08aab5b01d384e0082c56c17fc9f2245,5,0.0001469182752771303,110.26033500349108,1.0653327838979347
analytic15_sh,sh,08aab5b01d384e0082c56c17fc9f2245,7,0.0001469190901843831,72.31730647992086,1.0684395792100607
analytic15_sh,sh,08aab5b01d384e0082c56c17fc9f2245,10,0.0001469188428018242,90.15387171254297,1.1050168982846202
analytic15_sh,sh,08aab5b01d384e0082c56c17fc9f2245,15,0.0001469181152060628,76.55144327219718,1.1111329205364482
analytic15_sh,sh,08bc3a0eec7042389949e2c5ad9bf700,1,0.05881756916642189,11.680362567926359,0.5232692218333891
analytic15_sh,sh,08bc3a0eec7042389949e2c5ad9bf700,2,0.06788624823093414,10.696568298480905,0.3914282382676604
analytic15_sh,sh,08bc3a0eec7042389949e2c5ad9bf700,3,0.010795118287205696,9.09877373101528,0.43263347918333245
analytic15_sh,sh,08bc3a0eec7042389949e2c5ad9bf700,5,0.008769720792770386,9.764754970578743,0.4309918322234731
analytic15_sh,sh,08bc3a0eec7042389949e2c5ad9bf700,7,0.011790398508310318,9.159870659753517,0.39773161806143725
analytic15_sh,sh,08bc3a0eec7042389949e2c5ad9bf700,10,0.00928569957613945,8.03934063078825,0.3781516812979705
analytic15_sh,sh,08bc3a0eec7042389949e2c5ad9bf700,15,0.009458618238568306,9.336218109930737,0.3864994729348858
analytic15_sh,sh,099450527f614a3e81baf1fe4fe087ab,1,0.10274754464626312,0.7103760244038191,0.3436672327527357
analytic15_sh,sh,099450527f614a3e81baf1fe4fe087ab,2,0.12073834240436554,7.113556672039155,0.33391162280323183
analytic15_sh,sh,099450527f614a3e81baf1fe4fe087ab,3,0.02398754097521305,5.028615580893169,0.2868140455673293
analytic15_sh,sh,099450527f614a3e81baf1fe4fe087ab,5,0.02028467133641243,4.795372954518329,0.29582264133109243
analytic15_sh,sh,099450527f614a3e81baf1fe4fe087ab,7,0.02552974224090576,7.31387110258848,0.32335487654522377
analytic15_sh,sh,099450527f614a3e81baf1fe4fe087ab,10,0.021363908424973488,4.499643739292294,0.2714207064741129
analytic15_sh,sh,099450527f614a3e81baf1fe4fe087ab,15,0.02168925479054451,6.037267581185847,0.2939973245351608
analytic15_sh,sh,09fb340c826c402683eca48320936aec,1,0.00014792977890465409,51.182922573108115,1.0360204657404484
analytic15_sh,sh,09fb340c826c402683eca48320936aec,2,0.00014793011359870434,43.33791073760929,0.9347165648130309
analytic15_sh,sh,09fb340c826c402683eca48320936aec,3,0.00014793046284466982,81.09984260449862,0.9908782573254026
analytic15_sh,sh,09fb340c826c402683eca48320936aec,5,0.00014792964793741703,116.07065649451654,1.0452276114219403
analytic15_sh,sh,09fb340c826c402683eca48320936aec,7,0.00014792931324336678,70.4472178328125,1.013710814752299
analytic15_sh,sh,09fb340c826c402683eca48320936aec,10,0.00014793021546211094,96.87688970828819,1.0710539215410404
analytic15_sh,sh,09fb340c826c402683eca48320936aec,15,0.0001479306083638221,84.24018284482402,1.0853759383183084
analytic15_sh,sh,0a354259149c4930bac9bab65ce89cdd,1,0.021945927292108536,27.6230727687037,0.6637945853432791
analytic15_sh,sh,0a354259149c4930bac9bab65ce89cdd,2,0.02385381981730461,15.397874783055983,0.4275435812422447
analytic15_sh,sh,0a354259149c4930bac9bab65ce89cdd,3,0.013907522894442081,13.941031905380749,0.5700429942618793
analytic15_sh,sh,0a354259149c4930bac9bab65ce89cdd,5,0.011841317638754845,21.44353000886744,0.7702096864000418
analytic15_sh,sh,0a354259149c4930bac9bab65ce89cdd,7,0.015049274079501629,13.764236135825495,0.5110802789268787
analytic15_sh,sh,0a354259149c4930bac9bab65ce89cdd,10,0.012750163674354553,14.942690193450627,0.6799895463026846
analytic15_sh,sh,0a354259149c4930bac9bab65ce89cdd,15,0.012809914536774158,15.416816329674727,0.6677925980370519
analytic15_sh,sh,0a39c8c2a2df48b6a072da1d9306cf36,1,0.09283387660980225,19.99844610341299,0.6916172721565252
analytic15_sh,sh,0a39c8c2a2df48b6a072da1d9306cf36,2,0.09070800989866257,13.406385735566346,0.5303830763142057
analytic15_sh,sh,0a39c8c2a2df48b6a072da1d9306cf36,3,0.02461565099656582,7.5283595104680385,0.3727245488279512
analytic15_sh,sh,0a39c8c2a2df48b6a072da1d9306cf36,5,0.016189828515052795,9.724085325951558,0.3756174265019402
analytic15_sh,sh,0a39c8c2a2df48b6a072da1d9306cf36,7,0.029536979272961617,10.630588320317452,0.4092063561637591
analytic15_sh,sh,0a39c8c2a2df48b6a072da1d9306cf36,10,0.019132500514388084,6.886201137245257,0.3663697429112536
analytic15_sh,sh,0a39c8c2a2df48b6a072da1d9306cf36,15,0.019591331481933594,8.570078376914648,0.35328518375469187
analytic15_sh,sh,0ae2a05bf20c4b028b86c33e26aa9e0c,1,0.08502047508955002,19.99844610341299,0.6083011090652378
analytic15_sh,sh,0ae2a05bf20c4b028b86c33e26aa9e0c,2,0.08601422607898712,15.676754908944627,0.47335636142349796
analytic15_sh,sh,0ae2a05bf20c4b028b86c33e26aa9e0c,3,0.02863318659365177,15.672837825622437,0.5131342000051906
analytic15_sh,sh,0ae2a05bf20c4b028b86c33e26aa9e0c,5,0.023693496361374855,17.03340612434435,0.5343259378704261
analytic15_sh,sh,0ae2a05bf20c4b028b86c33e26aa9e0c,7,0.030944477766752243,15.840176918412444,0.5110271194650983
analytic15_sh,sh,0ae2a05bf20c4b028b86c33e26aa9e0c,10,0.025052916258573532,14.950548726710483,0.49216546627889474
analytic15_sh,sh,0ae2a05bf20c4b028b86c33e26aa9e0c,15,0.025527210906147957,14.787824276710486,0.485697887589492
analytic15_sh,sh,0af17e65f26647cc99709f7d15944994,1,0.07309466600418091,19.31929046624347,0.5186122570688697
analytic15_sh,sh,0af17e65f26647cc99709f7d15944994,2,0.06993691623210907,15.028081270206215,0.39403364544680103
analytic15_sh,sh,0af17e65f26647cc99709f7d15944994,3,0.044658441096544266,28.807992123480293,0.7348156700186136
analytic15_sh,sh,0af17e65f26647cc99709f7d15944994,5,0.0401771105825901,30.829324273666135,0.9331513082943481
analytic15_sh,sh,0af17e65f26647cc99709f7d15944994,7,0.04730173200368881,30.206620964131837,0.6907365894909471
analytic15_sh,sh,0af17e65f26647cc99709f7d15944994,10,0.041647687554359436,37.72620317744625,0.933574803157609
analytic15_sh,sh,0af17e65f26647cc99709f7d15944994,15,0.041810043156147,32.27213049786635,0.8391300683615529
analytic15_sh,sh,0b1cc5fa9d8744ddabb84d3ec55b9a97,1,0.025965901091694832,8.86023153665842,0.7083604103046566
analytic15_sh,sh,0b1cc5fa9d8744ddabb84d3ec55b9a97,2,0.029820600524544716,14.63043049892105,0.6309185058851601
analytic15_sh,sh,0b1cc5fa9d8744ddabb84d3ec55b9a97,3,0.028566056862473488,19.914337045567077,0.8146702013826131
analytic15_sh,sh,0b1cc5fa9d8744ddabb84d3ec55b9a97,5,0.02703157253563404,36.1406846880059,0.6657663216344483
analytic15_sh,sh,0b1cc5fa9d8744ddabb84d3ec55b9a97,7,0.028521284461021423,23.08211892337894,0.7418080719615926
analytic15_sh,sh,0b1cc5fa9d8744ddabb84d3ec55b9a97,10,0.028010033071041107,26.75324630500536,0.6447322786557742
analytic15_sh,sh,0b1cc5fa9d8744ddabb84d3ec55b9a97,15,0.028490372002124786,28.48300461218265,0.7243090292593801
analytic15_sh,sh,0b6168841a3f46bdaa56947d469c79da,1,0.00014688365627080202,124.75273432045671,0.9144772153365313
analytic15_sh,sh,0b6168841a3f46bdaa56947d469c79da,2,0.0001468838454457,110.3013381988385,0.928390088038396
analytic15_sh,sh,0b6168841a3f46bdaa56947d469c79da,3,0.00014688639203086495,125.69134277751466,0.9713885133178687
analytic15_sh,sh,0b6168841a3f46bdaa56947d469c79da,5,0.0001468843111069873,133.42561610233372,1.0163980101188383
analytic15_sh,sh,0b6168841a3f46bdaa56947d469c79da,7,0.00014688455848954618,106.2802520203393,1.0311416972802907
analytic15_sh,sh,0b6168841a3f46bdaa56947d469c79da,10,0.00014688454393763095,141.13150314609348,1.0648319558096673
analytic15_sh,sh,0b6168841a3f46bdaa56947d469c79da,15,0.00014688432565890253,137.61400678569964,1.0730027735751841
analytic15_sh,sh,0bba5774d2bd40e48a2d246fdd0b92f5,1,0.10225256532430649,21.150945958668608,0.6259770958914809
analytic15_sh,sh,0bba5774d2bd40e48a2d246fdd0b92f5,2,0.13282085955142975,14.838912984894808,0.4472046991569344
analytic15_sh,sh,0bba5774d2bd40e48a2d246fdd0b92f5,3,0.030997715890407562,11.256121136581662,0.4139025758470187
analytic15_sh,sh,0bba5774d2bd40e48a2d246fdd0b92f5,5,0.02568943239748478,8.78059130004219,0.39745481197538546
analytic15_sh,sh,0bba5774d2bd40e48a2d246fdd0b92f5,7,0.03350489214062691,13.802607475054275,0.4455614410470841
analytic15_sh,sh,0bba5774d2bd40e48a2d246fdd0b92f5,10,0.027345925569534302,8.41025439436785,0.36244033122585617
analytic15_sh,sh,0bba5774d2bd40e48a2d246fdd0b92f5,15,0.02766204997897148,9.909498599181866,0.3907688519565268
analytic15_sh,sh,0c5eb9cedea94e2180187a07cb661ceb,1,0.20216681063175201,6.135428263472286,0.2679547193194442
analytic15_sh,sh,0c5eb9cedea94e2180187a07cb661ceb,2,0.20693917572498322,7.376320196703729,0.29266890941105017
analytic15_sh,sh,0c5eb9cedea94e2180187a07cb661ceb,3,0.01274328213185072,1.4020130600876335,0.20705285730995013
analytic15_sh,sh,0c5eb9cedea94e2180187a07cb661ceb,5,0.009547625668346882,2.162259856510158,0.24410350986790047
analytic15_sh,sh,0c5eb9cedea94e2180187a07cb661ceb,7,0.01604822278022766,3.895511659181341,0.2491164370363648
analytic15_sh,sh,0c5eb9cedea94e2180187a07cb661ceb,10,0.010718016885221004,2.7712524243528174,0.23138743403823608
analytic15_sh,sh,0c5eb9cedea94e2180187a07cb661ceb,15,0.010617031715810299,3.663364774033946,0.2363892593269611
analytic15_sh,sh,0c87b9d50c7f4a2292e337ceb54ec36a,1,0.05104033276438713,19.126031902779037,0.5266194730778477
analytic15_sh,sh,0c87b9d50c7f4a2292e337ceb54ec36a,2,0.06185203790664673,13.237541127464574,0.4411216572379838
analytic15_sh,sh,0c87b9d50c7f4a2292e337ceb54ec36a,3,0.034949641674757004,17.047534582086044,0.4913469467702749
analytic15_sh,sh,0c87b9d50c7f4a2292e337ceb54ec36a,5,0.03105173259973526,24.045155592122477,0.662906760679548
analytic15_sh,sh,0c87b9d50c7f4a2292e337ceb54ec36a,7,0.03695479780435562,16.085843876612792,0.4718393709679588
analytic15_sh,sh,0c87b9d50c7f4a2292e337ceb54ec36a,10,0.03261138126254082,17.08015154805184,0.5072959709022015
analytic15_sh,sh,0c87b9d50c7f4a2292e337ceb54ec36a,15,0.03283357247710228,17.054906473715103,0.5104315026099406
analytic15_sh,sh,0cc862bb5d9f41269631ff62504cfdf9,1,0.016459766775369644,5.0167865009925965,0.23666441375659142
analytic15_sh,sh,0cc862bb5d9f41269631ff62504cfdf9,2,0.015665145590901375,5.141170073595719,0.25805891333226877
analytic15_sh,sh,0cc862bb5d9f41269631ff62504cfdf9,3,0.014065184630453587,10.150466064855811,0.4488805311946831
analytic15_sh,sh,0cc862bb5d9f41269631ff62504cfdf9,5,0.01201661117374897,14.588212018107635,0.6102496839478113
analytic15_sh,sh,0cc862bb5d9f41269631ff62504cfdf9,7,0.015300137922167778,11.145675429661155,0.39449836045819625
analytic15_sh,sh,0cc862bb5d9f41269631ff62504cfdf9,10,0.013038929551839828,12.85798923557419,0.5160255942804638
analytic15_sh,sh,0cc862bb5d9f41269631ff62504cfdf9,15,0.012980622239410877,11.6756119240284,0.48395779483315915
analytic15_sh,sh,0e63e1ef419b49278ddc45ec63f69979,1,0.015475310385227203,22.99021810974963,0.6075595542454599
analytic15_sh,sh,0e63e1ef419b49278ddc45ec63f69979,2,0.014975599013268948,13.701417341727515,0.4414446937425739
analytic15_sh,sh,0e63e1ef419b49278ddc45ec63f69979,3,0.008096984587609768,9.088457245471462,0.3592725327449295
analytic15_sh,sh,0e63e1ef419b49278ddc45ec63f69979,5,0.007139342837035656,8.698587768021785,0.37630621547456516
analytic15_sh,sh,0e63e1ef419b49278ddc45ec63f69979,7,0.008466550149023533,12.220493595430522,0.40628575091244296
analytic15_sh,sh,0e63e1ef419b49278ddc45ec63f69979,10,0.0075247762724757195,9.571667338018738,0.35394773447895533
analytic15_sh,sh,0e63e1ef419b49278ddc45ec63f69979,15,0.007569149136543274,10.240125615782773,0.36361615723019786
analytic15_sh,sh,0e92245b9cac4423810aece64743decd,1,0.06096421182155609,21.827221543594526,0.550420791946916
analytic15_sh,sh,0e92245b9cac4423810aece64743decd,2,0.053896214812994,19.902997660290648,0.5151472886737113
analytic15_sh,sh,0e92245b9cac4423810aece64743decd,3,0.05439705029129982,16.530478471449047,0.5280625785566943
analytic15_sh,sh,0e92245b9cac4423810aece64743decd,5,0.05450466647744179,18.18547120944248,0.5341973466194035
analytic15_sh,sh,0e92245b9cac4423810aece64743decd,7,0.05430743843317032,19.66822865096795,0.5467542538112945
analytic15_sh,sh,0e92245b9cac4423810aece64743decd,10,0.05449749529361725,18.164873683618243,0.5217004631526396
analytic15_sh,sh,0e92245b9cac4423810aece64743decd,15,0.05449753627181053,19.127451772579615,0.5371843395270426
analytic15_sh,sh,0f3d54f4b2b74580a2c1891c1116dc5f,1,0.14910496771335602,3.221214094141567,0.4339963988087016
analytic15_sh,sh,0f3d54f4b2b74580a2c1891c1116dc5f,2,0.16236621141433716,5.622334311695495,0.39204063521098315
analytic15_sh,sh,0f3d54f4b2b74580a2c1891c1116dc5f,3,0.030041778460144997,9.082934939706208,0.40259490660134745
analytic15_sh,sh,0f3d54f4b2b74580a2c1891c1116dc5f,5,0.02690797485411167,8.450777055023384,0.4231652823034013
analytic15_sh,sh,0f3d54f4b2b74580a2c1891c1116dc5f,7,0.030995482578873634,9.716136375329555,0.4068176478012013
analytic15_sh,sh,0f3d54f4b2b74580a2c1891c1116dc5f,10,0.027802791446447372,8.097591399536562,0.3893302027662952
analytic15_sh,sh,0f3d54f4b2b74580a2c1891c1116dc5f,15,0.02807694301009178,9.252329961297692,0.410264460224596
analytic15_sh,sh,0f48025ff969419582312f9a02fd7af0,1,0.0868341252207756,21.150945958668608,0.6305490338085775
analytic15_sh,sh,0f48025ff969419582312f9a02fd7af0,2,0.08637996762990952,8.558557621533692,0.42854653190133896
analytic15_sh,sh,0f48025ff969419582312f9a02fd7af0,3,0.045146163552999496,7.688240284907166,0.35576321131610583
analytic15_sh,sh,0f48025ff969419582312f9a02fd7af0,5,0.04087989032268524,9.358293916887904,0.39390564433036607
analytic15_sh,sh,0f48025ff969419582312f9a02fd7af0,7,0.04737408459186554,10.520807073435934,0.3818158385047513
analytic15_sh,sh,0f48025ff969419582312f9a02fd7af0,10,0.04224837198853493,8.213362944127155,0.34636464661381494
analytic15_sh,sh,0f48025ff969419582312f9a02fd7af0,15,0.04257836565375328,9.598572197029096,0.36536911372327935
analytic15_sh,sh,10edcd93ffa94c2a8cc0bc2e9bcf7eae,1,0.00014732961426489055,48.91170866002571,1.0618746680927589
analytic15_sh,sh,10edcd93ffa94c2a8cc0bc2e9bcf7eae,2,0.00014732961426489055,36.34026281833174,0.9869174551481756
analytic15_sh,sh,10edcd93ffa94c2a8cc0bc2e9bcf7eae,3,0.00014732986164744943,69.06347311360047,1.0772154420996838
analytic15_sh,sh,10edcd93ffa94c2a8cc0bc2e9bcf7eae,5,0.00014732996351085603,104.33682417063764,1.1099294850237769
analytic15_sh,sh,10edcd93ffa94c2a8cc0bc2e9bcf7eae,7,0.0001473294832976535,63.46232297003978,1.118302347480497
analytic15_sh,sh,10edcd93ffa94c2a8cc0bc2e9bcf7eae,10,0.0001473295851610601,80.00338584114444,1.1374678934969675
analytic15_sh,sh,10edcd93ffa94c2a8cc0bc2e9bcf7eae,15,0.00014732973068021238,74.35080467298106,1.1432930770017
analytic15_sh,sh,1175f68a974a45f5b9b6e51c08f1a432,1,0.037193238735198975,2.0981926522349665,0.36441785735139987
analytic15_sh,sh,1175f68a974a45f5b9b6e51c08f1a432,2,0.037882979959249496,4.336161409729138,0.28951908391793246
analytic15_sh,sh,1175f68a974a45f5b9b6e51c08f1a432,3,0.022821644321084023,4.976963988730856,0.283308070615814
analytic15_sh,sh,1175f68a974a45f5b9b6e51c08f1a432,5,0.019146764650940895,3.938815614913434,0.30512543358552274
analytic15_sh,sh,1175f68a974a45f5b9b6e51c08f1a432,7,0.024744736030697823,6.405380310463486,0.31782029001582485
analytic15_sh,sh,1175f68a974a45f5b9b6e51c08f1a432,10,0.020574836060404778,4.634956850202356,0.29399218044894493
analytic15_sh,sh,1175f68a974a45f5b9b6e51c08f1a432,15,0.02070731483399868,5.883364754295687,0.3058408111800575
analytic15_sh,sh,11940acb7fe34046ae965ed2fc1a3359,1,0.00028939053299836814,53.588979795468155,1.0833817393782466
analytic15_sh,sh,11940acb7fe34046ae965ed2fc1a3359,2,0.0002893931232392788,91.77881089597153,1.0197837524351283
analytic15_sh,sh,11940acb7fe34046ae965ed2fc1a3359,3,0.0002893925120588392,68.97740694649067,0.9102509782446443
analytic15_sh,sh,11940acb7fe34046ae965ed2fc1a3359,5,0.00028939449111931026,36.09977236036874,0.9194291390883403
analytic15_sh,sh,11940acb7fe34046ae965ed2fc1a3359,7,0.0002893927157856524,62.34790361460784,1.0154349950013264
analytic15_sh,sh,11940acb7fe34046ae965ed2fc1a3359,10,0.0002893929777201265,62.670736073285,1.022918919952489
analytic15_sh,sh,11940acb7fe34046ae965ed2fc1a3359,15,0.0002893926575779915,57.94716210752321,1.0365492756674137
analytic15_sh,sh,1199736697cb491a899f77c0b75112dd,1,0.00014739710604771972,52.84192491877429,1.0893255164018294
analytic15_sh,sh,1199736697cb491a899f77c0b75112dd,2,0.00014739703328814358,72.86662989450932,1.0276786043306554
analytic15_sh,sh,1199736697cb491a899f77c0b75112dd,3,0.0001473971497034654,67.93595866519885,1.0905142198105784
analytic15_sh,sh,1199736697cb491a899f77c0b75112dd,5,0.000147397251566872,100.87935510344025,1.1155035655653973
analytic15_sh,sh,1199736697cb491a899f77c0b75112dd,7,0.00014739729522261769,52.631009725974806,1.1126470240717083
analytic15_sh,sh,1199736697cb491a899f77c0b75112dd,10,0.00014739713515155017,75.3774488555393,1.1391987709243137
analytic15_sh,sh,1199736697cb491a899f77c0b75112dd,15,0.00014739713515155017,63.93968935388509,1.1401756032356576
analytic15_sh,sh,11b4c003677148478409d6a66a65eb0e,1,0.08597929030656815,19.126031902779037,0.5705449949486014
analytic15_sh,sh,11b4c003677148478409d6a66a65eb0e,2,0.08977212011814117,14.169591750502498,0.41679107788211117
analytic15_sh,sh,11b4c003677148478409d6a66a65eb0e,3,0.010051190853118896,12.572365125261323,0.4494284853653067
analytic15_sh,sh,11b4c003677148478409d6a66a65eb0e,5,0.009800294414162636,13.211561732726608,0.44849114520152733
analytic15_sh,sh,11b4c003677148478409d6a66a65eb0e,7,0.00978637021034956,15.180995048190516,0.4716703322835613
analytic15_sh,sh,11b4c003677148478409d6a66a65eb0e,10,0.009797546081244946,10.458921274644958,0.41009842987029116
analytic15_sh,sh,11b4c003677148478409d6a66a65eb0e,15,0.009832953102886677,12.194123852929511,0.43122646260107
analytic15_sh,sh,12aef634af8944ff86f9a967ccb1608b,1,0.15299805998802185,0.7103760244038191,0.2847637350330877
analytic15_sh,sh,12aef634af8944ff86f9a967ccb1608b,2,0.11911990493535995,4.375487818038825,0.2857547718116965
analytic15_sh,sh,12aef634af8944ff86f9a967ccb1608b,3,0.014093548990786076,3.5901060640539733,0.2744780500783012
analytic15_sh,sh,12aef634af8944ff86f9a967ccb1608b,5,0.013558582402765751,3.8702336930997148,0.2848831322736367
analytic15_sh,sh,12aef634af8944ff86f9a967ccb1608b,7,0.014797057956457138,6.05544237913608,0.3135305049695217
analytic15_sh,sh,12aef634af8944ff86f9a967ccb1608b,10,0.01384233683347702,4.1084752168800796,0.26733466146826895
analytic15_sh,sh,12aef634af8944ff86f9a967ccb1608b,15,0.013816997408866882,5.04458641932126,0.279880125107068
analytic15_sh,sh,1397ff3d60e04d9aa7b0524d022cf5cf,1,0.00014802912482991815,47.798864743731926,1.0572664337195288
analytic15_sh,sh,1397ff3d60e04d9aa7b0524d022cf5cf,2,0.0001480290957260877,32.632587175665144,0.9711841774919852
analytic15_sh,sh,1397ff3d60e04d9aa7b0524d022cf5cf,3,0.00014802880468778312,68.79794054762938,1.02468657458152
analytic15_sh,sh,1397ff3d60e04d9aa7b0524d022cf5cf,5,0.0001480287901358679,102.82053413823112,1.0750994617033158
analytic15_sh,sh,1397ff3d60e04d9aa7b0524d022cf5cf,7,0.0001480288919992745,56.188201017313,1.0398803275225608
analytic15_sh,sh,1397ff3d60e04d9aa7b0524d022cf5cf,10,0.00014802877558395267,79.76791695021372,1.0904125763858794
analytic15_sh,sh,1397ff3d60e04d9aa7b0524d022cf5cf,15,0.000148028542753309,67.39967518111963,1.1012050644202558
analytic15_sh,sh,13c868d7ccfa48288730c0e6334a288c,1,0.12393046170473099,9.226524033779407,0.41687763157927804
analytic15_sh,sh,13c868d7ccfa48288730c0e6334a288c,2,0.12054797261953354,7.980050832194374,0.37428915373460026
analytic15_sh,sh,13c868d7ccfa48288730c0e6334a288c,3,0.03140135481953621,9.00686719333918,0.33081385191270146
analytic15_sh,sh,13c868d7ccfa48288730c0e6334a288c,5,0.024410858750343323,5.8390082008444235,0.2983615803128111
analytic15_sh,sh,13c868d7ccfa48288730c0e6334a288c,7,0.03635026142001152,11.923535284361181,0.408159698037731
analytic15_sh,sh,13c868d7ccfa48288730c0e6334a288c,10,0.026763400062918663,7.336589009115879,0.3323155576348498
analytic15_sh,sh,13c868d7ccfa48288730c0e6334a288c,15,0.027234992012381554,9.020951776081349,0.37182832786490927
analytic15_sh,sh,13d4e5021ab84f30afd31f35c213cccb,1,0.0940084159374237,2.700275409895088,0.4625319416549629
analytic15_sh,sh,13d4e5021ab84f30afd31f35c213cccb,2,0.12695284187793732,8.513540138485803,0.4210287824394966
analytic15_sh,sh,13d4e5021ab84f30afd31f35c213cccb,3,0.009446032345294952,10.617645575208163,0.43973089395924303
analytic15_sh,sh,13d4e5021ab84f30afd31f35c213cccb,5,0.008568217977881432,8.080938129944215,0.41228033139358616
analytic15_sh,sh,13d4e5021ab84f30afd31f35c213cccb,7,0.009522415697574615,13.134887474426856,0.45021806563421723
analytic15_sh,sh,13d4e5021ab84f30afd31f35c213cccb,10,0.008647711016237736,7.698120498692399,0.3864438262001674
analytic15_sh,sh,13d4e5021ab84f30afd31f35c213cccb,15,0.00875761080533266,9.62460563235533,0.3950361801934949
analytic15_sh,sh,1420fb72273245db90f1e90ab0bc1724,1,0.09107935428619385,16.476037577990475,0.4992487848200921
analytic15_sh,sh,1420fb72273245db90f1e90ab0bc1724,2,0.07367310672998428,10.707752184498812,0.389318090209844
analytic15_sh,sh,1420fb72273245db90f1e90ab0bc1724,3,0.021436957642436028,9.388179777655417,0.41849560186216345
analytic15_sh,sh,1420fb72273245db90f1e90ab0bc1724,5,0.016793929040431976,15.571970605897656,0.48309383417890583
analytic15_sh,sh,1420fb72273245db90f1e90ab0bc1724,7,0.024037178605794907,12.341754819600595,0.43140837819274
analytic15_sh,sh,1420fb72273245db90f1e90ab0bc1724,10,0.01850294880568981,9.23026410637298,0.3953498096894662
analytic15_sh,sh,1420fb72273245db90f1e90ab0bc1724,15,0.018651405349373817,11.033468475555066,0.4114304301478322
analytic15_sh,sh,15db5f6f195c4995898af1b0ce431f80,1,0.06261377036571503,21.792492075705724,0.6546659709135274
analytic15_sh,sh,15db5f6f195c4995898af1b0ce431f80,2,0.09824824333190918,16.112962009261604,0.48749221140576515
analytic15_sh,sh,15db5f6f195c4995898af1b0ce431f80,3,0.012182425707578659,26.454631172462758,0.6586161852400974
analytic15_sh,sh,15db5f6f195c4995898af1b0ce431f80,5,0.007479425519704819,21.07794610303955,0.6299887185308124
analytic15_sh,sh,15db5f6f195c4995898af1b0ce431f80,7,0.0133841373026371,27.514710658829532,0.6628329199136511
analytic15_sh,sh,15db5f6f195c4995898af1b0ce431f80,10,0.007941409945487976,20.138732100452525,0.6209892670061341
analytic15_sh,sh,15db5f6f195c4995898af1b0ce431f80,15,0.00847945548593998,20.870440953066446,0.6397387970252311
analytic15_sh,sh,1603ccd8b72e49c1a7074f124b212f0e,1,0.0001474580931244418,52.84192491877429,1.0570201969631008
analytic15_sh,sh,1603ccd8b72e49c1a7074f124b212f0e,2,0.00014745909720659256,60.12170792038586,0.9844607460666492
analytic15_sh,sh,1603ccd8b72e49c1a7074f124b212f0e,3,0.00014745909720659256,94.83833838101674,0.9986905694466222
analytic15_sh,sh,1603ccd8b72e49c1a7074f124b212f0e,5,0.00014745867520105094,124.51980405889859,1.0446923379976762
analytic15_sh,sh,1603ccd8b72e49c1a7074f124b212f0e,7,0.0001474591699661687,75.03091745066354,1.0121657236239474
analytic15_sh,sh,1603ccd8b72e49c1a7074f124b212f0e,10,0.00014745893713552505,104.41189656621637,1.0689189491144395
analytic15_sh,sh,1603ccd8b72e49c1a7074f124b212f0e,15,0.00014745818043593317,93.44084496523917,1.082355387342574
analytic15_sh,sh,16ffa17d84c8467f89403df9ad894301,1,0.07344092428684235,19.99844610341299,0.6131735633412523
analytic15_sh,sh,16ffa17d84c8467f89403df9ad894301,2,0.11032147705554962,17.030217868528105,0.47793381196202056
analytic15_sh,sh,16ffa17d84c8467f89403df9ad894301,3,0.011081427335739136,14.91431979994347,0.4812139804029791
analytic15_sh,sh,16ffa17d84c8467f89403df9ad894301,5,0.00893669668585062,12.367141064580956,0.4207886007881407
analytic15_sh,sh,16ffa17d84c8467f89403df9ad894301,7,0.011967652477324009,15.555056956288357,0.4703414442677798
analytic15_sh,sh,16ffa17d84c8467f89403df9ad894301,10,0.009020836092531681,10.477589656506598,0.3885443536234508
analytic15_sh,sh,16ffa17d84c8467f89403df9ad894301,15,0.009238827042281628,11.385019287206415,0.39866950568908754
analytic15_sh,sh,17092add79b24457ba29f0b35d660072,1,0.06242826208472252,24.83517997978106,0.6757279668547779
analytic15_sh,sh,17092add79b24457ba29f0b35d660072,2,0.06110990419983864,14.990275514894497,0.46419776422699555
analytic15_sh,sh,17092add79b24457ba29f0b35d660072,3,0.02644915133714676,9.591544535518501,0.4033141697489974
analytic15_sh,sh,17092add79b24457ba29f0b35d660072,5,0.02189304307103157,9.109556957991682,0.3866191153157898
analytic15_sh,sh,17092add79b24457ba29f0b35d660072,7,0.02943604625761509,12.165590721908169,0.4404306949804572
analytic15_sh,sh,17092add79b24457ba29f0b35d660072,10,0.02361830323934555,8.962378003436674,0.3766155553847654
analytic15_sh,sh,17092add79b24457ba29f0b35d660072,15,0.023797983303666115,9.599696180072957,0.3818111411772469
analytic15_sh,sh,179832b0585c415d979f90dced97ae71,1,0.09791619330644608,9.22697319588893,0.3784307778561123
analytic15_sh,sh,179832b0585c415d979f90dced97ae71,2,0.1048889309167862,9.396413257779784,0.34044544410661515
analytic15_sh,sh,179832b0585c415d979f90dced97ae71,3,0.040162064135074615,3.1053291850319553,0.2438673774803414
analytic15_sh,sh,179832b0585c415d979f90dced97ae71,5,0.02990821935236454,6.107501386622111,0.29813412745894224
analytic15_sh,sh,179832b0585c415d979f90dced97ae71,7,0.04535064473748207,4.805733352481921,0.2798991330621926
analytic15_sh,sh,179832b0585c415d979f90dced97ae71,10,0.03328497335314751,5.320843939021028,0.27832234220996643
analytic15_sh,sh,179832b0585c415d979f90dced97ae71,15,0.033909909427165985,5.417089892773528,0.2744683781847122
analytic15_sh,sh,17bc5de2691b43cfb873091778a8de52,1,0.00014618081331718713,127.78160778159604,0.9584802023277572
analytic15_sh,sh,17bc5de2691b43cfb873091778a8de52,2,0.00014618027489632368,93.74421068631861,0.9471293151719583
analytic15_sh,sh,17bc5de2691b43cfb873091778a8de52,3,0.00014618225395679474,111.01637020694962,0.9858719532009582
analytic15_sh,sh,17bc5de2691b43cfb873091778a8de52,5,0.00014618309796787798,129.7277432810854,0.9978473403994104
analytic15_sh,sh,17bc5de2691b43cfb873091778a8de52,7,0.00014618253044318408,98.6811560818096,1.0080460463926122
analytic15_sh,sh,17bc5de2691b43cfb873091778a8de52,10,0.00014618312707170844,117.87903645586718,1.0305888612831964
analytic15_sh,sh,17bc5de2691b43cfb873091778a8de52,15,0.00014618129353038967,91.29725349718129,1.0373176579211123
analytic15_sh,sh,18b0f54db566476fb861c8fa187cd8d8,1,0.18444238603115082,8.07942091603666,0.4248837479627228
analytic15_sh,sh,18b0f54db566476fb861c8fa187cd8d8,2,0.17235232889652252,11.647161733212613,0.4242849240760136
analytic15_sh,sh,18b0f54db566476fb861c8fa187cd8d8,3,0.05864332243800163,23.61667894308137,0.6750157001050942
analytic15_sh,sh,18b0f54db566476fb861c8fa187cd8d8,5,0.05072839558124542,16.978654449648296,0.5963122403168731
analytic15_sh,sh,18b0f54db566476fb861c8fa187cd8d8,7,0.06071953848004341,24.01543618593082,0.6473745892119585
analytic15_sh,sh,18b0f54db566476fb861c8fa187cd8d8,10,0.05598093569278717,16.09432364808453,0.5629392164245213
analytic15_sh,sh,18b0f54db566476fb861c8fa187cd8d8,15,0.05659708008170128,17.941473933177534,0.5877878874454439
analytic15_sh,sh,1907da7461054e5ba6885302c08c2677,1,0.1400214284658432,13.124142848763743,0.6810697435025665
analytic15_sh,sh,1907da7461054e5ba6885302c08c2677,2,0.14769095182418823,11.548834103759301,0.4846623419175693
analytic15_sh,sh,1907da7461054e5ba6885302c08c2677,3,0.013346705585718155,1.798568722600847,0.2765008453929131
analytic15_sh,sh,1907da7461054e5ba6885302c08c2677,5,0.010396510362625122,2.5293111317262027,0.32013231467550335
analytic15_sh,sh,1907da7461054e5ba6885302c08c2677,7,0.01521333958953619,4.121184534725255,0.29682872661649834
analytic15_sh,sh,1907da7461054e5ba6885302c08c2677,10,0.01116271037608385,3.4117058602362222,0.29304070679555805
analytic15_sh,sh,1907da7461054e5ba6885302c08c2677,15,0.011358718387782574,4.074685756918617,0.3015652169742832
analytic15_sh,sh,191df4fa5f48453d81ede86ed863a3c2,1,0.11102376878261566,26.246519116741798,0.6703691676278062
analytic15_sh,sh,191df4fa5f48453d81ede86ed863a3c2,2,0.11709742993116379,14.238753998588912,0.5050102740477582
analytic15_sh,sh,191df4fa5f48453d81ede86ed863a3c2,3,0.05488644912838936,20.084058119322954,0.5838737968380653
analytic15_sh,sh,191df4fa5f48453d81ede86ed863a3c2,5,0.048796527087688446,14.457080220804107,0.4886951015078398
analytic15_sh,sh,191df4fa5f48453d81ede86ed863a3c2,7,0.056781426072120667,17.481522640937552,0.5430967809165985
analytic15_sh,sh,191df4fa5f48453d81ede86ed863a3c2,10,0.0519322045147419,13.27438041091278,0.4736462359147892
analytic15_sh,sh,191df4fa5f48453d81ede86ed863a3c2,15,0.05207185447216034,14.829179245662713,0.5219062755327771
analytic15_sh,sh,193c0e81efc74ed0bd5834586cf3fe8f,1,0.11783585697412491,157.00978189025037,0.9556455611020285
analytic15_sh,sh,193c0e81efc74ed0bd5834586cf3fe8f,2,0.12115982919931412,85.77332242568815,0.7135564063847057
analytic15_sh,sh,193c0e81efc74ed0bd5834586cf3fe8f,3,0.053450699895620346,35.87472337500244,1.0325701385895145
analytic15_sh,sh,193c0e81efc74ed0bd5834586cf3fe8f,5,0.0437500886619091,41.90307579514909,1.155534991869614
analytic15_sh,sh,193c0e81efc74ed0bd5834586cf3fe8f,7,0.05870072543621063,30.152003475732613,0.8764378470483939
analytic15_sh,sh,193c0e81efc74ed0bd5834586cf3fe8f,10,0.047029249370098114,29.919238074045303,0.940783245784627
analytic15_sh,sh,193c0e81efc74ed0bd5834586cf3fe8f,15,0.047483112663030624,33.86120882392503,0.9777014523037436
analytic15_sh,sh,195a37929e644c3dbfbe25de252b0969,1,0.15394791960716248,4.527035204720342,0.3527484258100509
analytic15_sh,sh,195a37929e644c3dbfbe25de252b0969,2,0.13938398659229279,5.91921311203837,0.3249289511002943
analytic15_sh,sh,195a37929e644c3dbfbe25de252b0969,3,0.05802178010344505,7.197938708276232,0.35267351935166347
analytic15_sh,sh,195a37929e644c3dbfbe25de252b0969,5,0.045726478099823,7.991250865920849,0.3658009715100639
analytic15_sh,sh,195a37929e644c3dbfbe25de252b0969,7,0.062391240149736404,8.672287980878625,0.3567659905301191
analytic15_sh,sh,195a37929e644c3dbfbe25de252b0969,10,0.04941174015402794,7.104648789290048,0.36510840559889013
analytic15_sh,sh,195a37929e644c3dbfbe25de252b0969,15,0.05016601085662842,8.873399345166325,0.36084626985989154
analytic15_sh,sh,1ada36a1a86a4bdaaa106bee7d9ac67d,1,0.1267850250005722,24.83517997978106,0.6461945315449242
analytic15_sh,sh,1ada36a1a86a4bdaaa106bee7d9ac67d,2,0.12750735878944397,17.009984995407972,0.4666267805058891
analytic15_sh,sh,1ada36a1a86a4bdaaa106bee7d9ac67d,3,0.047422874718904495,8.930026371012415,0.3577571438469329
analytic15_sh,sh,1ada36a1a86a4bdaaa106bee7d9ac67d,5,0.03767724335193634,11.481640330688649,0.4003096961712272
analytic15_sh,sh,1ada36a1a86a4bdaaa106bee7d9ac67d,7,0.05327901989221573,10.185367823558035,0.3781908570341428
analytic15_sh,sh,1ada36a1a86a4bdaaa106bee7d9ac67d,10,0.04159006476402283,8.493891732149631,0.3426059741709124
analytic15_sh,sh,1ada36a1a86a4bdaaa106bee7d9ac67d,15,0.042078468948602676,9.166929375057652,0.36864009327582425
analytic15_sh,sh,1b98302c1ed9406a8343b3d39d6c5095,1,0.00014744939107913524,50.56275201712095,1.0536444760490293
analytic15_sh,sh,1b98302c1ed9406a8343b3d39d6c5095,2,0.00014744920190423727,58.01110740566732,0.9969960828955345
analytic15_sh,sh,1b98302c1ed9406a8343b3d39d6c5095,3,0.00014744943473488092,84.46400139966029,1.085730880631318
analytic15_sh,sh,1b98302c1ed9406a8343b3d39d6c5095,5,0.00014744907093700022,106.33873031141056,1.0926404712613291
analytic15_sh,sh,1b98302c1ed9406a8343b3d39d6c5095,7,0.0001474496821174398,73.95583070406406,1.1158888825296531
analytic15_sh,sh,1b98302c1ed9406a8343b3d39d6c5095,10,0.00014744946383871138,88.35587526801677,1.1262037957443858
analytic15_sh,sh,1b98302c1ed9406a8343b3d39d6c5095,15,0.00014744917280040681,78.52688082965798,1.1261893889394352
analytic15_sh,sh,1bbd90606751424ca876f2c94e183784,1,0.019556570798158646,12.14576838747979,0.3657624013965065
analytic15_sh,sh,1bbd90606751424ca876f2c94e183784,2,0.016933467239141464,9.220326291766998,0.32637725922934224
analytic15_sh,sh,1bbd90606751424ca876f2c94e183784,3,0.017074190080165863,5.121584639066943,0.3015769765516718
analytic15_sh,sh,1bbd90606751424ca876f2c94e183784,5,0.01747489534318447,3.6306284224732055,0.273334808072397
analytic15_sh,sh,1bbd90606751424ca876f2c94e183784,7,0.017184624448418617,9.470537964113154,0.3396862694119188
analytic15_sh,sh,1bbd90606751424ca876f2c94e183784,10,0.01734251342713833,4.3542247269922765,0.2791924468879118
analytic15_sh,sh,1bbd90606751424ca876f2c94e183784,15,0.01730925589799881,5.507122941632757,0.284357900485139
analytic15_sh,sh,1bc61e7f64a54ccc9f3942b874779522,1,0.11889977008104324,26.246519116741798,0.7037656999018093
analytic15_sh,sh,1bc61e7f64a54ccc9f3942b874779522,2,0.12037079781293869,14.63531493927487,0.4792777526327616
analytic15_sh,sh,1bc61e7f64a54ccc9f3942b874779522,3,0.03917848691344261,31.028029775283283,0.7991180717717898
analytic15_sh,sh,1bc61e7f64a54ccc9f3942b874779522,5,0.031653787940740585,34.501633318584226,0.9374569002286487
analytic15_sh,sh,1bc61e7f64a54ccc9f3942b874779522,7,0.04372222721576691,25.885617593319427,0.6861182604083871
analytic15_sh,sh,1bc61e7f64a54ccc9f3942b874779522,10,0.03407904505729675,25.024554361524995,0.7559588880112693
analytic15_sh,sh,1bc61e7f64a54ccc9f3942b874779522,15,0.03443362936377525,28.26156570750711,0.7811431493359233
analytic15_sh,sh,1d29f591697e493387d51a116b895934,1,0.10716570168733597,3.9041267643433284,0.47045993803677083
analytic15_sh,sh,1d29f591697e493387d51a116b895934,2,0.10561583936214447,5.616363762444827,0.4237647720347082
analytic15_sh,sh,1d29f591697e493387d51a116b895934,3,0.018884213641285896,4.380670418547643,0.30061352978173206
analytic15_sh,sh,1d29f591697e493387d51a116b895934,5,0.017909731715917587,10.229168760900237,0.4011311548706405
analytic15_sh,sh,1d29f591697e493387d51a116b895934,7,0.01966954953968525,5.844832702556062,0.3220748583331847
analytic15_sh,sh,1d29f591697e493387d51a116b895934,10,0.018521830439567566,6.989597103427333,0.33846460830545544
analytic15_sh,sh,1d29f591697e493387d51a116b895934,15,0.018641140311956406,8.108589885559113,0.3479123777974977
analytic15_sh,sh,1dbcb5f847804c75822615e161505d83,1,0.00014709278184454888,41.713604794820604,0.9981478183822591
analytic15_sh,sh,1dbcb5f847804c75822615e161505d83,2,0.0001470933493692428,27.96915121072836,0.9159308357100875
analytic15_sh,sh,1dbcb5f847804c75822615e161505d83,3,0.0001470942224841565,69.76175938188048,0.9793999107104027
analytic15_sh,sh,1dbcb5f847804c75822615e161505d83,5,0.00014709307288285345,108.37800134422096,1.0238769520379774
analytic15_sh,sh,1dbcb5f847804c75822615e161505d83,7,0.0001470941206207499,59.78327460367074,1.0134385677326292
analytic15_sh,sh,1dbcb5f847804c75822615e161505d83,10,0.00014709267998114228,90.06675632465924,1.0673315202223916
analytic15_sh,sh,1dbcb5f847804c75822615e161505d83,15,0.00014709368406329304,74.93226893235308,1.0752699270911517
analytic15_sh,sh,1e5929958e9d4fd5b0b8cdeaf2752d01,1,0.030122850090265274,11.483958575466483,0.4414046320438268
analytic15_sh,sh,1e5929958e9d4fd5b0b8cdeaf2752d01,2,0.02913828380405903,10.036604724520771,0.38618749719432843
analytic15_sh,sh,1e5929958e9d4fd5b0b8cdeaf2752d01,3,0.019706599414348602,14.190231862045321,0.5050599429078843
analytic15_sh,sh,1e5929958e9d4fd5b0b8cdeaf2752d01,5,0.015761125832796097,20.73064774833372,0.6850911897895487
analytic15_sh,sh,1e5929958e9d4fd5b0b8cdeaf2752d01,7,0.02125963754951954,15.116857167423577,0.5079135078851024
analytic15_sh,sh,1e5929958e9d4fd5b0b8cdeaf2752d01,10,0.01728460006415844,15.767462830539973,0.5878077940825482
analytic15_sh,sh,1e5929958e9d4fd5b0b8cdeaf2752d01,15,0.017563968896865845,17.0604808402021,0.5800422585619723
analytic15_sh,sh,1ea9f54daa68475d867243576d94e9b5,1,0.12423089146614075,18.22408678611954,0.5442561991907452
analytic15_sh,sh,1ea9f54daa68475d867243576d94e9b5,2,0.1265990436077118,10.641301250200295,0.4426903916561571
analytic15_sh,sh,1ea9f54daa68475d867243576d94e9b5,3,0.03700803965330124,10.08872988832428,0.4447264438797552
analytic15_sh,sh,1ea9f54daa68475d867243576d94e9b5,5,0.028586145490407944,12.851226766261494,0.5278066229839121
analytic15_sh,sh,1ea9f54daa68475d867243576d94e9b5,7,0.04217642545700073,12.25638990834365,0.4390422702483371
analytic15_sh,sh,1ea9f54daa68475d867243576d94e9b5,10,0.03156684711575508,10.389693643574741,0.4417677298145956
analytic15_sh,sh,1ea9f54daa68475d867243576d94e9b5,15,0.032064616680145264,11.806099469351539,0.45416219481441494
analytic15_sh,sh,1eeefd2d22dd4b6c8ec6fbfa1f885d01,1,0.13193577527999878,169.33177218824744,1.0918272789131482
analytic15_sh,sh,1eeefd2d22dd4b6c8ec6fbfa1f885d01,2,0.1644367128610611,88.97010117744199,0.6189513010981716
analytic15_sh,sh,1eeefd2d22dd4b6c8ec6fbfa1f885d01,3,0.023333115503191948,8.574783041081295,0.4299702180940423
analytic15_sh,sh,1eeefd2d22dd4b6c8ec6fbfa1f885d01,5,0.016566867008805275,7.132579110345143,0.4373369422380676
analytic15_sh,sh,1eeefd2d22dd4b6c8ec6fbfa1f885d01,7,0.02655712515115738,4.9473087168386725,0.3204921141766056
analytic15_sh,sh,1eeefd2d22dd4b6c8ec6fbfa1f885d01,10,0.018796728923916817,4.974248049485356,0.3549873816021264
analytic15_sh,sh,1eeefd2d22dd4b6c8ec6fbfa1f885d01,15,0.019308537244796753,4.872411420357036,0.3286833454676218
analytic15_sh,sh,1f6c403e514e4d259ecb329543003c3d,1,0.10082090646028519,21.792492075705724,0.6537623756339181
analytic15_sh,sh,1f6c403e514e4d259ecb329543003c3d,2,0.14103688299655914,17.030217868528105,0.5050387400173861
analytic15_sh,sh,1f6c403e514e4d259ecb329543003c3d,3,0.01723995804786682,11.89753075898812,0.43912441149522924
analytic15_sh,sh,1f6c403e514e4d259ecb329543003c3d,5,0.014951263554394245,12.10974781038879,0.44536359109329204
analytic15_sh,sh,1f6c403e514e4d259ecb329543003c3d,7,0.01801886223256588,14.763558809483735,0.4774455065079034
analytic15_sh,sh,1f6c403e514e4d259ecb329543003c3d,10,0.01545123104006052,10.166867326212857,0.3856952521551844
analytic15_sh,sh,1f6c403e514e4d259ecb329543003c3d,15,0.015612323768436909,9.965880422697365,0.39589975284972273
analytic15_sh,sh,1f899649bb9f4e51a031668b0a97d438,1,0.18838141858577728,6.3209295097675575,0.5166143257362119
analytic15_sh,sh,1f899649bb9f4e51a031668b0a97d438,2,0.22061771154403687,6.8384218668032775,0.38607195071253436
analytic15_sh,sh,1f899649bb9f4e51a031668b0a97d438,3,0.007389184087514877,3.8534722223652067,0.26604604874611854
analytic15_sh,sh,1f899649bb9f4e51a031668b0a97d438,5,0.005415772087872028,6.3131534091026555,0.3731605572789569
analytic15_sh,sh,1f899649bb9f4e51a031668b0a97d438,7,0.009110410697758198,4.493492606110358,0.28372486304286676
analytic15_sh,sh,1f899649bb9f4e51a031668b0a97d438,10,0.0054871514439582825,4.994091309974754,0.3015953684403184
analytic15_sh,sh,1f899649bb9f4e51a031668b0a97d438,15,0.0055602299980819225,4.51543853577537,0.29180571468108557
analytic15_sh,sh,202304220aef4cac84572ec4a072bf68,1,0.015042771585285664,16.476037577990475,0.5196722456392674
analytic15_sh,sh,202304220aef4cac84572ec4a072bf68,2,0.015511206351220608,13.009670377854047,0.39858348539250354
analytic15_sh,sh,202304220aef4cac84572ec4a072bf68,3,0.017367029562592506,25.872060308585276,0.6164324250070848
analytic15_sh,sh,202304220aef4cac84572ec4a072bf68,5,0.015469735488295555,35.591734237913236,0.7992703888326064
analytic15_sh,sh,202304220aef4cac84572ec4a072bf68,7,0.016809064894914627,26.61652869006642,0.5647100362924826
analytic15_sh,sh,202304220aef4cac84572ec4a072bf68,10,0.016364287585020065,35.231185661383975,0.7036067621053864
analytic15_sh,sh,202304220aef4cac84572ec4a072bf68,15,0.016607491299510002,29.477755426638275,0.6618741108283459
analytic15_sh,sh,210f600a968c47e4abeed9c8d25f36bd,1,0.00014760540216229856,53.92496216060976,1.0603132481460351
analytic15_sh,sh,210f600a968c47e4abeed9c8d25f36bd,2,0.0001476070610806346,63.467114473754,0.9870644415495666
analytic15_sh,sh,210f600a968c47e4abeed9c8d25f36bd,3,0.00014760660997126251,94.46128770489008,1.027874286821991
analytic15_sh,sh,210f600a968c47e4abeed9c8d25f36bd,5,0.0001476065517636016,119.23804413045825,1.0584071763709153
analytic15_sh,sh,210f600a968c47e4abeed9c8d25f36bd,7,0.00014760690100956708,85.51074905053916,1.0627243089993637
analytic15_sh,sh,210f600a968c47e4abeed9c8d25f36bd,10,0.0001476063916925341,104.46643733946205,1.0983882503938804
analytic15_sh,sh,210f600a968c47e4abeed9c8d25f36bd,15,0.0001476063916925341,89.3618471074074,1.101274179279414
analytic15_sh,sh,21228b0cf30745efbf0842c86f34e584,1,0.18388189375400543,19.99844610341299,0.6643745546990284
analytic15_sh,sh,21228b0cf30745efbf0842c86f34e584,2,0.21336907148361206,13.871622016357104,0.47425338920209115
analytic15_sh,sh,21228b0cf30745efbf0842c86f34e584,3,0.017709089443087578,17.80522428403713,0.5398759781648507
analytic15_sh,sh,21228b0cf30745efbf0842c86f34e584,5,0.00899476557970047,14.375848267630266,0.48725421810562874
analytic15_sh,sh,21228b0cf30745efbf0842c86f34e584,7,0.02134604938328266,18.80815978856263,0.540087033153552
analytic15_sh,sh,21228b0cf30745efbf0842c86f34e584,10,0.009382655844092369,11.866416436329995,0.42860153359627373
analytic15_sh,sh,21228b0cf30745efbf0842c86f34e584,15,0.010602106340229511,13.10051874122801,0.45323383367127074
analytic15_sh,sh,2242ba8057ed45c998208ca71cd13b3e,1,0.04178743064403534,22.530877012411956,0.6520450187881415
analytic15_sh,sh,2242ba8057ed45c998208ca71cd13b3e,2,0.0457710325717926,18.893711840034573,0.5526795063085318
analytic15_sh,sh,2242ba8057ed45c998208ca71cd13b3e,3,0.018938755616545677,19.678417122015173,0.6312920439165901
analytic15_sh,sh,2242ba8057ed45c998208ca71cd13b3e,5,0.01482919231057167,16.760709751197883,0.5331596724581497
analytic15_sh,sh,2242ba8057ed45c998208ca71cd13b3e,7,0.0214035976678133,27.77967709621984,0.6640417936372371
analytic15_sh,sh,2242ba8057ed45c998208ca71cd13b3e,10,0.01618938148021698,13.551453897633877,0.4733754210123352
analytic15_sh,sh,2242ba8057ed45c998208ca71cd13b3e,15,0.01637631095945835,15.46232079570354,0.5052165496334456
analytic15_sh,sh,229df31da28c4d3390d6ae1fef2867e0,1,0.12710456550121307,24.388286506298392,0.6735939565296376
analytic15_sh,sh,229df31da28c4d3390d6ae1fef2867e0,2,0.15781167149543762,16.40446653191107,0.5003776060203831
analytic15_sh,sh,229df31da28c4d3390d6ae1fef2867e0,3,0.015223952941596508,8.046271230338425,0.32811638290745476
analytic15_sh,sh,229df31da28c4d3390d6ae1fef2867e0,5,0.013308248482644558,8.697047729466039,0.3753573991286464
analytic15_sh,sh,229df31da28c4d3390d6ae1fef2867e0,7,0.016465896740555763,11.141169899822797,0.39330365096304526
analytic15_sh,sh,229df31da28c4d3390d6ae1fef2867e0,10,0.014041261747479439,8.666554533185613,0.34227828065043403
analytic15_sh,sh,229df31da28c4d3390d6ae1fef2867e0,15,0.0141526460647583,9.036979899278442,0.35008689221897316
analytic15_sh,sh,22a62914e48948cbb93a08364e3d650c,1,0.08498508483171463,22.530877012411956,0.6026675870856364
analytic15_sh,sh,22a62914e48948cbb93a08364e3d650c,2,0.08483163267374039,23.180437341216958,0.590944147483691
analytic15_sh,sh,22a62914e48948cbb93a08364e3d650c,3,0.03859582543373108,27.64633283353199,0.8792934258784353
analytic15_sh,sh,22a62914e48948cbb93a08364e3d650c,5,0.030552411451935768,29.165323536555906,0.8198710576723636
analytic15_sh,sh,22a62914e48948cbb93a08364e3d650c,7,0.04249807074666023,26.38533617512141,0.8192918351358759
analytic15_sh,sh,22a62914e48948cbb93a08364e3d650c,10,0.03358837962150574,21.411998170861484,0.7517084656745362
analytic15_sh,sh,22a62914e48948cbb93a08364e3d650c,15,0.03405993431806564,23.782781783133043,0.7849257748197223
analytic15_sh,sh,2408f7b6d1d64b9ca70b14a84dee8d84,1,0.13034175336360931,3.221214094141567,0.5081547004617348
analytic15_sh,sh,2408f7b6d1d64b9ca70b14a84dee8d84,2,0.1306638866662979,3.9966820541013166,0.44267130667379695
analytic15_sh,sh,2408f7b6d1d64b9ca70b14a84dee8d84,3,0.04945266246795654,7.455555833498888,0.36965148550912447
analytic15_sh,sh,2408f7b6d1d64b9ca70b14a84dee8d84,5,0.03908199071884155,11.416565343377354,0.448286901673378
analytic15_sh,sh,2408f7b6d1d64b9ca70b14a84dee8d84,7,0.05537160113453865,10.559026386982724,0.43513301111243124
analytic15_sh,sh,2408f7b6d1d64b9ca70b14a84dee8d84,10,0.043183837085962296,11.000878107977313,0.4236768568033221
analytic15_sh,sh,2408f7b6d1d64b9ca70b14a84dee8d84,15,0.04370090365409851,11.294595107735706,0.4401910996577458
analytic15_sh,sh,24a0d4520d444db7980f3737950f2a5c,1,0.13878698647022247,20.840724061569503,0.6060888250045176
analytic15_sh,sh,24a0d4520d444db7980f3737950f2a5c,2,0.08865336328744888,12.708203766107678,0.447971897436358
analytic15_sh,sh,24a0d4520d444db7980f3737950f2a5c,3,0.01387626864016056,14.269096241276051,0.4712779821971025
analytic15_sh,sh,24a0d4520d444db7980f3737950f2a5c,5,0.013482577167451382,12.75662280892129,0.445205490193307
analytic15_sh,sh,24a0d4520d444db7980f3737950f2a5c,7,0.01431831531226635,16.219705719816716,0.4906463681788479
analytic15_sh,sh,24a0d4520d444db7980f3737950f2a5c,10,0.01349956076592207,10.403125837024296,0.4191124748810421
analytic15_sh,sh,24a0d4520d444db7980f3737950f2a5c,15,0.013546950183808804,12.266572379225503,0.43689946172585553
analytic15_sh,sh,2570d5ef94e740e9bd85d42e6b8c59f6,1,0.027524448931217194,18.583996460915046,0.5153238024310027
analytic15_sh,sh,2570d5ef94e740e9bd85d42e6b8c59f6,2,0.03284776583313942,14.26478267012044,0.4527576282272372
analytic15_sh,sh,2570d5ef94e740e9bd85d42e6b8c59f6,3,0.01665610261261463,19.091673123168174,0.5408524666285922
analytic15_sh,sh,2570d5ef94e740e9bd85d42e6b8c59f6,5,0.01416296511888504,17.086138894569412,0.5247848249409512
analytic15_sh,sh,2570d5ef94e740e9bd85d42e6b8c59f6,7,0.0178853627294302,21.62176843544703,0.5950228612721798
analytic15_sh,sh,2570d5ef94e740e9bd85d42e6b8c59f6,10,0.015017323195934296,15.835565101429356,0.5478084822490656
analytic15_sh,sh,2570d5ef94e740e9bd85d42e6b8c59f6,15,0.015165724791586399,16.420737833646815,0.5533661215767285
analytic15_sh,sh,25b1735633484414aef07006a0099c26,1,0.024682439863681793,3.221214094141567,0.3794612831509809
analytic15_sh,sh,25b1735633484414aef07006a0099c26,2,0.02389291301369667,2.408832759951374,0.324766659165599
analytic15_sh,sh,25b1735633484414aef07006a0099c26,3,0.021656082943081856,2.5295550033983676,0.3042135021518126
analytic15_sh,sh,25b1735633484414aef07006a0099c26,5,0.020217031240463257,2.487222533758779,0.2742193841126459
analytic15_sh,sh,25b1735633484414aef07006a0099c26,7,0.022708740085363388,2.4828157635507617,0.2587852379607338
analytic15_sh,sh,25b1735633484414aef07006a0099c26,10,0.0205299761146307,2.717109826954613,0.2541504458227354
analytic15_sh,sh,25b1735633484414aef07006a0099c26,15,0.02067657746374607,2.5187304251284766,0.23068369492039895
analytic15_sh,sh,25b74c8c02ef41f6bdb3dc2b097c6eee,1,0.06553005427122116,4.527035204720342,0.20889767996771944
analytic15_sh,sh,25b74c8c02ef41f6bdb3dc2b097c6eee,2,0.05554686114192009,3.0851274027060294,0.23211809446732495
analytic15_sh,sh,25b74c8c02ef41f6bdb3dc2b097c6eee,3,0.027718588709831238,1.1806031507803205,0.22522366440525346
analytic15_sh,sh,25b74c8c02ef41f6bdb3dc2b097c6eee,5,0.023484976962208748,1.6941189671695622,0.22901043056492734
analytic15_sh,sh,25b74c8c02ef41f6bdb3dc2b097c6eee,7,0.029599083587527275,3.819460082184708,0.2301493450444068
analytic15_sh,sh,25b74c8c02ef41f6bdb3dc2b097c6eee,10,0.025209302082657814,1.6649783878323472,0.2203915330373088
analytic15_sh,sh,25b74c8c02ef41f6bdb3dc2b097c6eee,15,0.02544267475605011,3.1244233043744276,0.22525049984123827
analytic15_sh,sh,260151f2360c484e8c0a5034ff391021,1,0.0992002934217453,25.944735311542733,0.6737929662517947
analytic15_sh,sh,260151f2360c484e8c0a5034ff391021,2,0.12095619738101959,19.80159452834348,0.5674459051257545
analytic15_sh,sh,260151f2360c484e8c0a5034ff391021,3,0.026803143322467804,25.298384107146706,0.7120637141929236
analytic15_sh,sh,260151f2360c484e8c0a5034ff391021,5,0.021424615755677223,14.769413780921932,0.5220912258836983
analytic15_sh,sh,260151f2360c484e8c0a5034ff391021,7,0.02713863179087639,20.998744424013598,0.6419673025431573
analytic15_sh,sh,260151f2360c484e8c0a5034ff391021,10,0.022147903218865395,14.744925684067642,0.498892852342047
analytic15_sh,sh,260151f2360c484e8c0a5034ff391021,15,0.022561090067029,16.041136602951365,0.526683861928813
analytic15_sh,sh,273a3aa035784eacb89db08c1a0710bf,1,0.10370529443025589,26.68441086254964,0.6738148259288947
analytic15_sh,sh,273a3aa035784eacb89db08c1a0710bf,2,0.10400410741567612,9.939288153187416,0.34954847845700476
analytic15_sh,sh,273a3aa035784eacb89db08c1a0710bf,3,0.04111058637499809,5.2890018867452655,0.36679976571181533
analytic15_sh,sh,273a3aa035784eacb89db08c1a0710bf,5,0.0323297455906868,4.481986842573714,0.32501376385396596
analytic15_sh,sh,273a3aa035784eacb89db08c1a0710bf,7,0.04572337120771408,7.713601113779309,0.3773213394428091
analytic15_sh,sh,273a3aa035784eacb89db08c1a0710bf,10,0.035568274557590485,3.8357965439294928,0.30771875280129735
analytic15_sh,sh,273a3aa035784eacb89db08c1a0710bf,15,0.036040082573890686,5.640480788195619,0.3161225876616755
analytic15_sh,sh,276f390b0cfc475898b445466d387cf6,1,0.07638207823038101,22.99021810974963,0.6344960568661461
analytic15_sh,sh,276f390b0cfc475898b445466d387cf6,2,0.07826047390699387,18.503697313047144,0.5261621384762143
analytic15_sh,sh,276f390b0cfc475898b445466d387cf6,3,0.0610039047896862,8.07866383665325,0.38746046836656983
analytic15_sh,sh,276f390b0cfc475898b445466d387cf6,5,0.05006386712193489,10.100131773143646,0.39614973603078885
analytic15_sh,sh,276f390b0cfc475898b445466d387cf6,7,0.06500698626041412,12.040954960032296,0.4300355580404079
analytic15_sh,sh,276f390b0cfc475898b445466d387cf6,10,0.054786164313554764,6.772783246655867,0.343789896605421
analytic15_sh,sh,276f390b0cfc475898b445466d387cf6,15,0.05530470609664917,8.504304853100141,0.3585881970939638
analytic15_sh,sh,27b4f79643cb40ae8cdde5d5a9adebf1,1,0.07850182056427002,19.99844610341299,0.6066222144070648
analytic15_sh,sh,27b4f79643cb40ae8cdde5d5a9adebf1,2,0.0803738459944725,15.676754908944627,0.4714530760454445
analytic15_sh,sh,27b4f79643cb40ae8cdde5d5a9adebf1,3,0.06200107932090759,17.485820677140115,0.4956128964626074
analytic15_sh,sh,27b4f79643cb40ae8cdde5d5a9adebf1,5,0.051537204533815384,11.41144669069978,0.40083637134224126
analytic15_sh,sh,27b4f79643cb40ae8cdde5d5a9adebf1,7,0.06604303419589996,15.645571034161163,0.4582819165462397
analytic15_sh,sh,27b4f79643cb40ae8cdde5d5a9adebf1,10,0.05597730726003647,10.58425532399107,0.39037768229063896
analytic15_sh,sh,27b4f79643cb40ae8cdde5d5a9adebf1,15,0.05655414238572121,11.962404944592217,0.41363104676665235
analytic15_sh,sh,285fbc3ac47c47dead4bae4f21dbf966,1,0.1669759750366211,24.388286506298392,0.7025476695267648
analytic15_sh,sh,285fbc3ac47c47dead4bae4f21dbf966,2,0.20136846601963043,14.12255632080577,0.4926203878162513
analytic15_sh,sh,285fbc3ac47c47dead4bae4f21dbf966,3,0.00834572035819292,13.76029805233324,0.4446163244178498
analytic15_sh,sh,285fbc3ac47c47dead4bae4f21dbf966,5,0.005229151342064142,9.376172068458926,0.38895003940286677
analytic15_sh,sh,285fbc3ac47c47dead4bae4f21dbf966,7,0.0099500035867095,11.380765734938311,0.4052128481288944
analytic15_sh,sh,285fbc3ac47c47dead4bae4f21dbf966,10,0.005354140419512987,7.3299420201530525,0.33022540777270026
analytic15_sh,sh,285fbc3ac47c47dead4bae4f21dbf966,15,0.005534427240490913,8.262456894373862,0.33964008786679256
analytic15_sh,sh,28e9c03735124472877f9f4741a74d78,1,0.040089286863803864,15.029504201894476,0.4881801049553981
analytic15_sh,sh,28e9c03735124472877f9f4741a74d78,2,0.03761596977710724,15.367794339547855,0.4864965487554358
analytic15_sh,sh,28e9c03735124472877f9f4741a74d78,3,0.016221651807427406,8.150090291353164,0.4435956892991569
analytic15_sh,sh,28e9c03735124472877f9f4741a74d78,5,0.011760515160858631,11.663874401603994,0.5285852207872532
analytic15_sh,sh,28e9c03735124472877f9f4741a74d78,7,0.019316861405968666,12.674445727696853,0.48343641487588657
analytic15_sh,sh,28e9c03735124472877f9f4741a74d78,10,0.013420064933598042,10.275552709452175,0.46692280727376323
analytic15_sh,sh,28e9c03735124472877f9f4741a74d78,15,0.01362360455095768,10.72754838833951,0.46439272802830855
analytic15_sh,sh,28f3639867884b1ab9357e990899d9d6,1,0.10466832667589188,19.99844610341299,0.6528455358486754
analytic15_sh,sh,28f3639867884b1ab9357e990899d9d6,2,0.15165258944034576,16.902156143121516,0.5079352903108563
analytic15_sh,sh,28f3639867884b1ab9357e990899d9d6,3,0.009150629863142967,20.221359500489093,0.5579913864552627
analytic15_sh,sh,28f3639867884b1ab9357e990899d9d6,5,0.007706359960138798,14.723413203233111,0.4957584469620076
analytic15_sh,sh,28f3639867884b1ab9357e990899d9d6,7,0.00964412558823824,19.810981330738844,0.5624745458538913
analytic15_sh,sh,28f3639867884b1ab9357e990899d9d6,10,0.00777700450271368,12.857247496596395,0.4642192258907626
analytic15_sh,sh,28f3639867884b1ab9357e990899d9d6,15,0.007883920334279537,14.20423139756895,0.47115462901381716
analytic15_sh,sh,2989fed94cf84cc8bddefad13d208932,1,0.05901887267827988,6.135428263472286,0.4428819208136134
analytic15_sh,sh,2989fed94cf84cc8bddefad13d208932,2,0.060746707022190094,9.4829254012372,0.39435249968931385
analytic15_sh,sh,2989fed94cf84cc8bddefad13d208932,3,0.045001525431871414,14.66339891250024,0.5065854083865173
analytic15_sh,sh,2989fed94cf84cc8bddefad13d208932,5,0.04370037838816643,13.096025797199593,0.5054916458393011
analytic15_sh,sh,2989fed94cf84cc8bddefad13d208932,7,0.045044951140880585,15.788793053658125,0.49651099286498523
analytic15_sh,sh,2989fed94cf84cc8bddefad13d208932,10,0.044532373547554016,11.667177182027084,0.4399052968225557
analytic15_sh,sh,2989fed94cf84cc8bddefad13d208932,15,0.04459887370467186,13.19771993495639,0.4591631240291701
analytic15_sh,sh,29bc29d28a574da5a81e51a7bdccc563,1,0.016402816399931908,19.126031902779037,0.6084946047204696
analytic15_sh,sh,29bc29d28a574da5a81e51a7bdccc563,2,0.019855113700032234,16.961673050888745,0.4852143815369533
analytic15_sh,sh,29bc29d28a574da5a81e51a7bdccc563,3,0.020076284185051918,14.478880493499503,0.5558849398536515
analytic15_sh,sh,29bc29d28a574da5a81e51a7bdccc563,5,0.015638507902622223,24.288791957456098,0.699990738062781
analytic15_sh,sh,29bc29d28a574da5a81e51a7bdccc563,7,0.02428257092833519,18.67551660262921,0.5232595854890992
analytic15_sh,sh,29bc29d28a574da5a81e51a7bdccc563,10,0.01714521273970604,19.561743406918154,0.5593808382830007
analytic15_sh,sh,29bc29d28a574da5a81e51a7bdccc563,15,0.017403723672032356,20.726996775473516,0.5525463043491255
analytic15_sh,sh,29dd1b62f2a74a1f85cad5fede2fc423,1,0.12188516557216644,7.598665591931675,0.4473059998743118
analytic15_sh,sh,29dd1b62f2a74a1f85cad5fede2fc423,2,0.15045008063316345,8.727136611029458,0.42609174412214434
analytic15_sh,sh,29dd1b62f2a74a1f85cad5fede2fc423,3,0.012634250335395336,2.0553325446633526,0.22916823503846442
analytic15_sh,sh,29dd1b62f2a74a1f85cad5fede2fc423,5,0.009289473295211792,3.098931112297838,0.2729401939655077
analytic15_sh,sh,29dd1b62f2a74a1f85cad5fede2fc423,7,0.015116426162421703,1.9088806014689055,0.21727036317570217
analytic15_sh,sh,29dd1b62f2a74a1f85cad5fede2fc423,10,0.009865684434771538,3.282136756707343,0.22889609998937735
analytic15_sh,sh,29dd1b62f2a74a1f85cad5fede2fc423,15,0.010114993900060654,3.4481669321679806,0.24166626176726372
analytic15_sh,sh,29dfbc6436484061ba94690407c5f8fd,1,0.07843225449323654,26.246519116741798,0.6909980765575783
analytic15_sh,sh,29dfbc6436484061ba94690407c5f8fd,2,0.09553064405918121,17.564184744694515,0.4847629318515305
analytic15_sh,sh,29dfbc6436484061ba94690407c5f8fd,3,0.00460398755967617,16.435657980300096,0.5121473306921738
analytic15_sh,sh,29dfbc6436484061ba94690407c5f8fd,5,0.0038359269965440035,13.565379952151044,0.4754036161562459
analytic15_sh,sh,29dfbc6436484061ba94690407c5f8fd,7,0.004924055188894272,16.93734524409937,0.5177701918910866
analytic15_sh,sh,29dfbc6436484061ba94690407c5f8fd,10,0.0038471706211566925,11.815916612138835,0.4217320065526288
analytic15_sh,sh,29dfbc6436484061ba94690407c5f8fd,15,0.003898759139701724,12.608833507984922,0.4368381770136644
analytic15_sh,sh,2a37df8f84254af1aa4fca1efdbc4fe7,1,0.0500585213303566,15.911873879219211,0.6143098248895282
analytic15_sh,sh,2a37df8f84254af1aa4fca1efdbc4fe7,2,0.07046565413475037,13.349058939768152,0.46062130506205023
analytic15_sh,sh,2a37df8f84254af1aa4fca1efdbc4fe7,3,0.007082636468112469,2.808960279048246,0.24130845932453424
analytic15_sh,sh,2a37df8f84254af1aa4fca1efdbc4fe7,5,0.005660481750965118,4.271953066681574,0.29508688283407863
analytic15_sh,sh,2a37df8f84254af1aa4fca1efdbc4fe7,7,0.008182046934962273,4.407373081223362,0.26822362725309057
analytic15_sh,sh,2a37df8f84254af1aa4fca1efdbc4fe7,10,0.005745094269514084,4.2122311859011115,0.25750682956996446
analytic15_sh,sh,2a37df8f84254af1aa4fca1efdbc4fe7,15,0.005844248458743095,4.698409833548675,0.2670769460697538
analytic15_sh,sh,2b59a3b183004c3c860337ceb41750c8,1,0.05415426194667816,16.476037577990475,0.453352663787092
analytic15_sh,sh,2b59a3b183004c3c860337ceb41750c8,2,0.05104445293545723,11.690558902135674,0.37755691380247647
analytic15_sh,sh,2b59a3b183004c3c860337ceb41750c8,3,0.023380205035209656,11.369870188604834,0.38570300329703827
analytic15_sh,sh,2b59a3b183004c3c860337ceb41750c8,5,0.0175975002348423,9.49901861832215,0.36987144269909544
analytic15_sh,sh,2b59a3b183004c3c860337ceb41750c8,7,0.026981566101312637,11.586234383084932,0.38416727108498666
analytic15_sh,sh,2b59a3b183004c3c860337ceb41750c8,10,0.019327541813254356,7.828740049073592,0.3498190156560339
analytic15_sh,sh,2b59a3b183004c3c860337ceb41750c8,15,0.019695498049259186,9.091818333714729,0.36119929985037486
analytic15_sh,sh,2be296fc2d684166b4e0dcbe84d92337,1,0.00014718946476932615,54.98563725410084,1.086311750427212
analytic15_sh,sh,2be296fc2d684166b4e0dcbe84d92337,2,0.00014718860620632768,59.6290391890705,1.0007750957111177
analytic15_sh,sh,2be296fc2d684166b4e0dcbe84d92337,3,0.00014718888269271702,90.56221836685701,1.0485015756491338
analytic15_sh,sh,2be296fc2d684166b4e0dcbe84d92337,5,0.0001471886644139886,118.49234479789175,1.0708138134242329
analytic15_sh,sh,2be296fc2d684166b4e0dcbe84d92337,7,0.00014718927559442818,74.7598558233848,1.0522542187890938
analytic15_sh,sh,2be296fc2d684166b4e0dcbe84d92337,10,0.00014718946476932615,96.90942308130937,1.0933399829319959
analytic15_sh,sh,2be296fc2d684166b4e0dcbe84d92337,15,0.00014718854799866676,80.41925628211149,1.1060403217555506
analytic15_sh,sh,2c0aa3bfb16540fba4ba538a8c67f3b3,1,0.0001465875538997352,50.17239477220352,1.0028067901861095
analytic15_sh,sh,2c0aa3bfb16540fba4ba538a8c67f3b3,2,0.0001465832319809124,46.06753209227361,0.9215445261998584
analytic15_sh,sh,2c0aa3bfb16540fba4ba538a8c67f3b3,3,0.00014658266445621848,78.34768064359008,1.0178214866487068
analytic15_sh,sh,2c0aa3bfb16540fba4ba538a8c67f3b3,5,0.0001465843088226393,108.48176568027529,1.058567955516357
analytic15_sh,sh,2c0aa3bfb16540fba4ba538a8c67f3b3,7,0.00014658283907920122,77.13282578853912,1.04069335837946
analytic15_sh,sh,2c0aa3bfb16540fba4ba538a8c67f3b3,10,0.00014658216969110072,99.23514798907897,1.0867506008675631
analytic15_sh,sh,2c0aa3bfb16540fba4ba538a8c67f3b3,15,0.00014658237341791391,90.95180984058716,1.074406588132526
analytic15_sh,sh,2c3da301c24245ce9b25ce41e44a5b35,1,0.1494569629430771,14.964047232577462,0.5984354984873144
analytic15_sh,sh,2c3da301c24245ce9b25ce41e44a5b35,2,0.1428765058517456,15.175884029589135,0.4607661194705832
analytic15_sh,sh,2c3da301c24245ce9b25ce41e44a5b35,3,0.04950109124183655,4.199763028186951,0.2752877265299604
analytic15_sh,sh,2c3da301c24245ce9b25ce41e44a5b35,5,0.037685513496398926,3.4672409281083625,0.2929313126022583
analytic15_sh,sh,2c3da301c24245ce9b25ce41e44a5b35,7,0.05708569660782814,7.081464655877019,0.3426549304424499
analytic15_sh,sh,2c3da301c24245ce9b25ce41e44a5b35,10,0.04224797338247299,3.5682073076242915,0.2936177163808275
analytic15_sh,sh,2c3da301c24245ce9b25ce41e44a5b35,15,0.04278787225484848,5.664007478887405,0.3354285013061016
analytic15_sh,sh,2c60afeb98c3492f8007ac509de7698b,1,0.02162693440914154,8.985652691957837,0.4452765277369291
analytic15_sh,sh,2c60afeb98c3492f8007ac509de7698b,2,0.021503031253814697,10.709240174439657,0.40088601654636263
analytic15_sh,sh,2c60afeb98c3492f8007ac509de7698b,3,0.022298868745565414,26.525490139316883,0.6326020843460444
analytic15_sh,sh,2c60afeb98c3492f8007ac509de7698b,5,0.01807844080030918,30.58391159744985,0.8358217487304251
analytic15_sh,sh,2c60afeb98c3492f8007ac509de7698b,7,0.022643817588686943,23.16373950470624,0.5688685927746046
analytic15_sh,sh,2c60afeb98c3492f8007ac509de7698b,10,0.01984880119562149,27.470301724025717,0.7275855570684412
analytic15_sh,sh,2c60afeb98c3492f8007ac509de7698b,15,0.020155981183052063,25.150517427343676,0.685861755259751
analytic15_sh,sh,2c6ce38f887f4373ae8f065210b7e9ee,1,0.028782054781913757,19.334796222971473,0.6279698688286297
analytic15_sh,sh,2c6ce38f887f4373ae8f065210b7e9ee,2,0.030189864337444305,15.698436690280701,0.48891478457534854
analytic15_sh,sh,2c6ce38f887f4373ae8f065210b7e9ee,3,0.026198646053671837,8.000311773997876,0.46336317557527407
analytic15_sh,sh,2c6ce38f887f4373ae8f065210b7e9ee,5,0.02519967406988144,9.08608311527845,0.48091075990836085
analytic15_sh,sh,2c6ce38f887f4373ae8f065210b7e9ee,7,0.026424165815114975,12.015439103524281,0.4829853463639345
analytic15_sh,sh,2c6ce38f887f4373ae8f065210b7e9ee,10,0.025700753554701805,8.198300633626733,0.44913519882739694
analytic15_sh,sh,2c6ce38f887f4373ae8f065210b7e9ee,15,0.025746796280145645,9.714578557259234,0.4646442490119654
analytic15_sh,sh,2c886582d8a94d5d9994de58b51911eb,1,0.22821944952011108,24.83517997978106,0.6537976839770285
analytic15_sh,sh,2c886582d8a94d5d9994de58b51911eb,2,0.23279690742492676,16.36131135666956,0.4845167899945457
analytic15_sh,sh,2c886582d8a94d5d9994de58b51911eb,3,0.06711079925298691,21.920316315547797,0.5993330773892296
analytic15_sh,sh,2c886582d8a94d5d9994de58b51911eb,5,0.049553465098142624,18.95617300684477,0.5502964274190456
analytic15_sh,sh,2c886582d8a94d5d9994de58b51911eb,7,0.07791001349687576,19.344057338646362,0.5479761780424018
analytic15_sh,sh,2c886582d8a94d5d9994de58b51911eb,10,0.05650594085454941,15.331975944891422,0.48950198382807975
analytic15_sh,sh,2c886582d8a94d5d9994de58b51911eb,15,0.05739399790763855,17.272489563471577,0.541693274926913
analytic15_sh,sh,2cdb6470844d4daba89365be8ad30f14,1,0.00014669397205580026,51.916683591051616,0.999482348820702
analytic15_sh,sh,2cdb6470844d4daba89365be8ad30f14,2,0.00014669371012132615,53.232422732592,0.9436224284525416
analytic15_sh,sh,2cdb6470844d4daba89365be8ad30f14,3,0.00014669356460217386,81.82805882513692,1.0481800751902568
analytic15_sh,sh,2cdb6470844d4daba89365be8ad30f14,5,0.00014669366646558046,111.12153514900169,1.0771679515805683
analytic15_sh,sh,2cdb6470844d4daba89365be8ad30f14,7,0.00014669407391920686,79.92908035010173,1.068119864841705
analytic15_sh,sh,2cdb6470844d4daba89365be8ad30f14,10,0.00014669407391920686,101.01017303824045,1.104011625096456
analytic15_sh,sh,2cdb6470844d4daba89365be8ad30f14,15,0.00014669318625237793,93.83988959811501,1.1032984375720936
analytic15_sh,sh,2cf849fec80647928b7638ef08e602f4,1,0.10661758482456207,2.700275409895088,0.28483440021709355
analytic15_sh,sh,2cf849fec80647928b7638ef08e602f4,2,0.1391911804676056,5.956713504060525,0.25936076824280724
analytic15_sh,sh,2cf849fec80647928b7638ef08e602f4,3,0.008399291895329952,2.199011919311056,0.22766543075143195
analytic15_sh,sh,2cf849fec80647928b7638ef08e602f4,5,0.007310762535780668,2.723760783203938,0.2570731506473381
analytic15_sh,sh,2cf849fec80647928b7638ef08e602f4,7,0.00937617663294077,3.0395828792857467,0.2221376319906169
analytic15_sh,sh,2cf849fec80647928b7638ef08e602f4,10,0.007466332986950874,3.1216215815427577,0.23834378859910238
analytic15_sh,sh,2cf849fec80647928b7638ef08e602f4,15,0.007563513237982988,3.7346039996798366,0.24087195071621442
analytic15_sh,sh,2d0280394a11463a9bf5b6ef8a1659a1,1,0.1618937999010086,0.7103760244038191,0.2771441885330955
analytic15_sh,sh,2d0280394a11463a9bf5b6ef8a1659a1,2,0.16804289817810059,6.322571476925297,0.2659182293523463
analytic15_sh,sh,2d0280394a11463a9bf5b6ef8a1659a1,3,0.04019211232662201,4.608385522518097,0.25614296796440256
analytic15_sh,sh,2d0280394a11463a9bf5b6ef8a1659a1,5,0.032090846449136734,5.230540203381292,0.29625198273307424
analytic15_sh,sh,2d0280394a11463a9bf5b6ef8a1659a1,7,0.04514853656291962,7.115585593741386,0.30138818914443216
analytic15_sh,sh,2d0280394a11463a9bf5b6ef8a1659a1,10,0.03513958305120468,5.079340150419236,0.2782209485797444
analytic15_sh,sh,2d0280394a11463a9bf5b6ef8a1659a1,15,0.03551776707172394,6.274224395143341,0.3049643743315722
analytic15_sh,sh,2d514ed8cabb4519b0e376bd0950115e,1,0.10600196570158005,1.3005997980084674,0.17590624559954715
analytic15_sh,sh,2d514ed8cabb4519b0e376bd0950115e,2,0.105565644800663,2.12482025463948,0.18353516469215947
analytic15_sh,sh,2d514ed8cabb4519b0e376bd0950115e,3,0.0370863601565361,1.6933238767884389,0.17047880482985536
analytic15_sh,sh,2d514ed8cabb4519b0e376bd0950115e,5,0.03278667479753494,1.6241748166707246,0.20999002404968964
analytic15_sh,sh,2d514ed8cabb4519b0e376bd0950115e,7,0.03934500738978386,1.4147403389975512,0.16963226099082832
analytic15_sh,sh,2d514ed8cabb4519b0e376bd0950115e,10,0.0344882570207119,1.821520057852871,0.18310086078502852
analytic15_sh,sh,2d514ed8cabb4519b0e376bd0950115e,15,0.034740153700113297,1.8946688934397085,0.16924541115597683
analytic15_sh,sh,2d6cf5ded8634930b65314a62150bc6f,1,0.004782226402312517,20.6748493740604,0.5420439337326808
analytic15_sh,sh,2d6cf5ded8634930b65314a62150bc6f,2,0.004613650497049093,16.195806922035242,0.4447601516368102
analytic15_sh,sh,2d6cf5ded8634930b65314a62150bc6f,3,0.00431031733751297,18.008611662176722,0.5479167375352422
analytic15_sh,sh,2d6cf5ded8634930b65314a62150bc6f,5,0.004309528972953558,18.686408865903,0.5834343313441495
analytic15_sh,sh,2d6cf5ded8634930b65314a62150bc6f,7,0.004315588157624006,19.230752298947987,0.5487751126979378
analytic15_sh,sh,2d6cf5ded8634930b65314a62150bc6f,10,0.004318683873862028,16.8432459239131,0.5305709608943331
analytic15_sh,sh,2d6cf5ded8634930b65314a62150bc6f,15,0.004316946025937796,15.436969859881115,0.513611345032499
analytic15_sh,sh,2d8059066be34f61af4776f23f00640c,1,0.07996290922164917,3.9041267643433284,0.467825370449862
analytic15_sh,sh,2d8059066be34f61af4776f23f00640c,2,0.08168759196996689,7.750137349571169,0.38490251428558553
analytic15_sh,sh,2d8059066be34f61af4776f23f00640c,3,0.03081965260207653,8.204614924823579,0.35366312686891455
analytic15_sh,sh,2d8059066be34f61af4776f23f00640c,5,0.026377195492386818,9.93155031893598,0.38886467451921564
analytic15_sh,sh,2d8059066be34f61af4776f23f00640c,7,0.033507004380226135,7.117669001061405,0.3465789164804393
analytic15_sh,sh,2d8059066be34f61af4776f23f00640c,10,0.027530882507562637,8.217341419357837,0.32939788299020906
analytic15_sh,sh,2d8059066be34f61af4776f23f00640c,15,0.02778904139995575,7.924542478939581,0.32397140636912436
analytic15_sh,sh,2d82e08ea31549a99aa03ac6511613c6,1,0.16461119055747986,21.792492075705724,0.6169982449439612
analytic15_sh,sh,2d82e08ea31549a99aa03ac6511613c6,2,0.14713776111602783,9.69620502625665,0.36822083113085846
analytic15_sh,sh,2d82e08ea31549a99aa03ac6511613c6,3,0.02551146037876606,4.086678971321096,0.24654206250889563
analytic15_sh,sh,2d82e08ea31549a99aa03ac6511613c6,5,0.019205940887331963,3.0008283489913725,0.27259490781435625
analytic15_sh,sh,2d82e08ea31549a99aa03ac6511613c6,7,0.029806120321154594,7.540327878745272,0.3143247229288407
analytic15_sh,sh,2d82e08ea31549a99aa03ac6511613c6,10,0.021295908838510513,4.063490490549611,0.2814859931273446
analytic15_sh,sh,2d82e08ea31549a99aa03ac6511613c6,15,0.021687092259526253,5.703251535878428,0.29478827485271025
analytic15_sh,sh,2dfa3a4d58a442bb9abbf1f7beb2e5e6,1,0.16623443365097046,0.7103760244038191,0.36645594223762756
analytic15_sh,sh,2dfa3a4d58a442bb9abbf1f7beb2e5e6,2,0.19452627003192902,7.055744640453871,0.3442711992542723
analytic15_sh,sh,2dfa3a4d58a442bb9abbf1f7beb2e5e6,3,0.051047880202531815,4.456289234424024,0.29414280324136083
analytic15_sh,sh,2dfa3a4d58a442bb9abbf1f7beb2e5e6,5,0.05042921006679535,4.4757603305755564,0.31285531226403546
analytic15_sh,sh,2dfa3a4d58a442bb9abbf1f7beb2e5e6,7,0.05128740891814232,7.6470048966804685,0.34785988097353765
analytic15_sh,sh,2dfa3a4d58a442bb9abbf1f7beb2e5e6,10,0.05058079585433006,4.47643329610407,0.2940457680394143
analytic15_sh,sh,2dfa3a4d58a442bb9abbf1f7beb2e5e6,15,0.05061357468366623,5.611563804007384,0.31243452693308776
analytic15_sh,sh,2f761f9165384a0e8f51abafd1247e35,1,0.05741872638463974,0.7103760244038191,0.3571143304837842
analytic15_sh,sh,2f761f9165384a0e8f51abafd1247e35,2,0.06556548178195953,7.813579704350034,0.34973551257479557
analytic15_sh,sh,2f761f9165384a0e8f51abafd1247e35,3,0.030908502638339996,8.305976772325923,0.36808135224292027
analytic15_sh,sh,2f761f9165384a0e8f51abafd1247e35,5,0.02682081051170826,8.062514854865785,0.3754974915382251
analytic15_sh,sh,2f761f9165384a0e8f51abafd1247e35,7,0.0328560471534729,9.71133102248504,0.38422879258827675
analytic15_sh,sh,2f761f9165384a0e8f51abafd1247e35,10,0.028254151344299316,7.508150929425602,0.3372622203519885
analytic15_sh,sh,2f761f9165384a0e8f51abafd1247e35,15,0.02850680612027645,8.688373435040408,0.35899873589649545
analytic15_sh,sh,2fd7a41706254e6cb2c24467a5ca0370,1,0.022742755711078644,21.150945958668608,0.6182412812041681
analytic15_sh,sh,2fd7a41706254e6cb2c24467a5ca0370,2,0.023295322433114052,16.870797073157767,0.494686922612418
analytic15_sh,sh,2fd7a41706254e6cb2c24467a5ca0370,3,0.01688331551849842,19.7545367586288,0.5467770022670323
analytic15_sh,sh,2fd7a41706254e6cb2c24467a5ca0370,5,0.013542911037802696,16.30045986385471,0.5226173658358066
analytic15_sh,sh,2fd7a41706254e6cb2c24467a5ca0370,7,0.018347566947340965,18.43304133897857,0.5235395599402934
analytic15_sh,sh,2fd7a41706254e6cb2c24467a5ca0370,10,0.01472301222383976,15.188346976296765,0.4742234052189125
analytic15_sh,sh,2fd7a41706254e6cb2c24467a5ca0370,15,0.014901424758136272,15.43859492083946,0.4858823189424533
analytic15_sh,sh,3050967715914e7791ae4a1d47551822,1,0.14196601510047913,9.858511270947446,0.32588237865403996
analytic15_sh,sh,3050967715914e7791ae4a1d47551822,2,0.14081735908985138,7.072744537926355,0.3488018547446992
analytic15_sh,sh,3050967715914e7791ae4a1d47551822,3,0.04848456382751465,3.9218642597240514,0.25923383572007486
analytic15_sh,sh,3050967715914e7791ae4a1d47551822,5,0.04041052982211113,3.6319092788202916,0.28167114326585485
analytic15_sh,sh,3050967715914e7791ae4a1d47551822,7,0.05431920662522316,6.552490164991673,0.31923666155161146
analytic15_sh,sh,3050967715914e7791ae4a1d47551822,10,0.04364638030529022,4.095058923800389,0.2617378892354475
analytic15_sh,sh,3050967715914e7791ae4a1d47551822,15,0.04385599493980408,5.362639300387195,0.2840329871585979
analytic15_sh,sh,308472c7daa94a4fbb44be3a345a879a,1,0.09060472249984741,6.343123698289441,0.5231497249939757
analytic15_sh,sh,308472c7daa94a4fbb44be3a345a879a,2,0.10821741819381714,10.779013124339002,0.44854331730819075
analytic15_sh,sh,308472c7daa94a4fbb44be3a345a879a,3,0.026444362476468086,3.7413359630363114,0.2575469729865394
analytic15_sh,sh,308472c7daa94a4fbb44be3a345a879a,5,0.021853972226381302,4.7580534959208585,0.30520976335637356
analytic15_sh,sh,308472c7daa94a4fbb44be3a345a879a,7,0.028669806197285652,5.193729995859991,0.27707379627861395
analytic15_sh,sh,308472c7daa94a4fbb44be3a345a879a,10,0.023225003853440285,4.474935840111862,0.2625242697346467
analytic15_sh,sh,308472c7daa94a4fbb44be3a345a879a,15,0.02360178343951702,4.84985576200034,0.2638852523321896
analytic15_sh,sh,3098fe550c534448adf2e2844e06950d,1,0.1083366721868515,15.350605070606182,0.5299281822139833
analytic15_sh,sh,3098fe550c534448adf2e2844e06950d,2,0.10878517478704453,13.719355906701217,0.43211966760794146
analytic15_sh,sh,3098fe550c534448adf2e2844e06950d,3,0.04436022415757179,7.105255339689215,0.3103626280642467
analytic15_sh,sh,3098fe550c534448adf2e2844e06950d,5,0.03372112661600113,5.7028737908903775,0.33282360163773567
analytic15_sh,sh,3098fe550c534448adf2e2844e06950d,7,0.04920946806669235,6.844131336125845,0.30774962674214706
analytic15_sh,sh,3098fe550c534448adf2e2844e06950d,10,0.037187494337558746,6.2987328085909695,0.31583425687889377
analytic15_sh,sh,3098fe550c534448adf2e2844e06950d,15,0.037847429513931274,7.492378223093624,0.3405826804147504
analytic15_sh,sh,31260ec93c914a0ea7835850db66e445,1,0.15025953948497772,5.74650031875032,0.4606376973281976
analytic15_sh,sh,31260ec93c914a0ea7835850db66e445,2,0.18627150356769562,5.223459732948671,0.3291522348638407
analytic15_sh,sh,31260ec93c914a0ea7835850db66e445,3,0.023769870400428772,9.078462126041051,0.42283559071505
analytic15_sh,sh,31260ec93c914a0ea7835850db66e445,5,0.01619909144937992,6.552201160549146,0.3922114077170792
analytic15_sh,sh,31260ec93c914a0ea7835850db66e445,7,0.0282729584723711,11.850806337881895,0.4575526124793345
analytic15_sh,sh,31260ec93c914a0ea7835850db66e445,10,0.018650759011507034,8.677672787466404,0.39250571817104773
analytic15_sh,sh,31260ec93c914a0ea7835850db66e445,15,0.019105199724435806,9.652813367342853,0.4057587061214018
analytic15_sh,sh,319376f14ac644759cc5f8fae239d6be,1,0.14046058058738708,24.83517997978106,0.667811754597769
analytic15_sh,sh,319376f14ac644759cc5f8fae239d6be,2,0.13904421031475067,16.070422658922933,0.4851356318734005
analytic15_sh,sh,319376f14ac644759cc5f8fae239d6be,3,0.08142074942588806,18.697575173092755,0.5176529494205796
analytic15_sh,sh,319376f14ac644759cc5f8fae239d6be,5,0.07061599940061569,15.451348508609092,0.5031370239821478
analytic15_sh,sh,319376f14ac644759cc5f8fae239d6be,7,0.08302290737628937,18.42319588420825,0.5284680910627936
analytic15_sh,sh,319376f14ac644759cc5f8fae239d6be,10,0.07687976956367493,13.321647593284933,0.4550833167252165
analytic15_sh,sh,319376f14ac644759cc5f8fae239d6be,15,0.07751233130693436,14.811119035254258,0.47686804850880377
analytic15_sh,sh,31aa0fb227cb47b1897084a9d23aa10f,1,0.008955158293247223,7.264467777599908,0.3241712272190579
analytic15_sh,sh,31aa0fb227cb47b1897084a9d23aa10f,2,0.009013899601995945,10.408050243861984,0.35568342837670874
analytic15_sh,sh,31aa0fb227cb47b1897084a9d23aa10f,3,0.00807991623878479,14.98883633689402,0.5111613851463317
analytic15_sh,sh,31aa0fb227cb47b1897084a9d23aa10f,5,0.00682173203676939,14.174037134402951,0.5026798842461735
analytic15_sh,sh,31aa0fb227cb47b1897084a9d23aa10f,7,0.008478615432977676,16.411255462230912,0.4982884403209127
analytic15_sh,sh,31aa0fb227cb47b1897084a9d23aa10f,10,0.007332749664783478,12.304629636198092,0.46373146419170075
analytic15_sh,sh,31aa0fb227cb47b1897084a9d23aa10f,15,0.007403302937746048,14.242191977669062,0.47572146456228837
analytic15_sh,sh,322dc0a758414cd2932ad3bd3d78c678,1,0.09380659461021423,21.792492075705724,0.697329298190609
analytic15_sh,sh,322dc0a758414cd2932ad3bd3d78c678,2,0.09720423817634583,14.686649204717625,0.5328468495301368
analytic15_sh,sh,322dc0a758414cd2932ad3bd3d78c678,3,0.029447007924318314,22.662006325214467,0.6298429532299178
analytic15_sh,sh,322dc0a758414cd2932ad3bd3d78c678,5,0.02295001596212387,24.63459498621584,0.694370773447482
analytic15_sh,sh,322dc0a758414cd2932ad3bd3d78c678,7,0.0331168994307518,24.251729538712205,0.650929384729083
analytic15_sh,sh,322dc0a758414cd2932ad3bd3d78c678,10,0.0252231452614069,15.190210625628396,0.5219224332351957
analytic15_sh,sh,322dc0a758414cd2932ad3bd3d78c678,15,0.025557108223438263,17.43627826040529,0.5575403739081806
analytic15_sh,sh,3338cda4fe694bc8869b7c587c078246,1,0.2888953983783722,18.627350505334793,0.7213503467731419
analytic15_sh,sh,3338cda4fe694bc8869b7c587c078246,2,0.2980464696884155,16.551034876178683,0.555392729162677
analytic15_sh,sh,3338cda4fe694bc8869b7c587c078246,3,0.05506233125925064,26.510570639083497,0.8065893547631001
analytic15_sh,sh,3338cda4fe694bc8869b7c587c078246,5,0.04407331719994545,24.26449094934847,0.6890620048287153
analytic15_sh,sh,3338cda4fe694bc8869b7c587c078246,7,0.060847487300634384,27.139693946431162,0.7610618206058157
analytic15_sh,sh,3338cda4fe694bc8869b7c587c078246,10,0.047937534749507904,20.82222574981511,0.6986506618488038
analytic15_sh,sh,3338cda4fe694bc8869b7c587c078246,15,0.04873557388782501,23.419834087265954,0.7369675110658868
analytic15_sh,sh,3354476a318444a88d29eb0105f69289,1,0.04245690256357193,25.944735311542733,0.7020396051997365
analytic15_sh,sh,3354476a318444a88d29eb0105f69289,2,0.043121907860040665,18.850517908157457,0.5402469856759269
analytic15_sh,sh,3354476a318444a88d29eb0105f69289,3,0.026475559920072556,25.900824304310774,0.7033591826912456
analytic15_sh,sh,3354476a318444a88d29eb0105f69289,5,0.02347189001739025,30.331001270798488,0.841530381625272
analytic15_sh,sh,3354476a318444a88d29eb0105f69289,7,0.02807663008570671,20.15988899087802,0.580215060971123
analytic15_sh,sh,3354476a318444a88d29eb0105f69289,10,0.02470571920275688,20.946511571506555,0.671758894404159
analytic15_sh,sh,3354476a318444a88d29eb0105f69289,15,0.024799495935440063,22.680150928490043,0.693601028289175
