scene,N,subset_str,I_O,I_A,diff,abs_diff,status_O,status_A,d_extra_null_O,d_extra_null_A,n_at_cutoff_O,n_at_cutoff_A
conf_sphere_r05,3,"0,4,12",-5.8805713339663095,-5.879533817835903,-0.0010375161304061464,0.0010375161304061464,full,full,0,0,0,0
conf_sphere_r05,3,"0,6,14",-5.897442645584472,-5.896303373089111,-0.0011392724953607214,0.0011392724953607214,full,full,0,0,1,1
conf_sphere_r05,3,"0,8,14",-5.926498945967833,-5.925417411935472,-0.001081534032361553,0.001081534032361553,full,full,0,0,0,0
conf_sphere_r05,3,"0,12,14",-5.845145848495768,-5.844144898560783,-0.001000949934985229,0.001000949934985229,full,full,0,0,0,0
conf_sphere_r05,3,"0,14,19",-5.91840869512336,-5.917402360067375,-0.0010063350559850193,0.0010063350559850193,full,full,0,0,1,1
conf_sphere_r05,3,"1,2,12",-7.081611675438083,-7.080559823861818,-0.0010518515762649727,0.0010518515762649727,full,full,0,0,6,6
conf_sphere_r05,3,"1,2,14",-6.588705577915987,-6.587331213200934,-0.0013743647150530336,0.0013743647150530336,deficient,deficient,1,1,3,3
conf_sphere_r05,5,"4,7,12,14,17",-7.508984004672982,-7.507769144279147,-0.0012148603938344493,0.0012148603938344493,full,full,0,0,3,3
conf_sphere_r05,5,"1,12,16,25,30",-6.354876162183743,-6.353722069901663,-0.0011540922820794108,0.0011540922820794108,full,full,0,0,0,0
conf_sphere_r05,5,"1,12,19,25,30",-7.449565591261313,-7.4482050668492406,-0.0013605244120720172,0.0013605244120720172,full,full,0,0,11,11
conf_sphere_r05,5,"14,16,22,24,29",-6.463137323474796,-6.462091227946466,-0.0010460955283297935,0.0010460955283297935,full,full,0,0,2,2
conf_sphere_r05,5,"9,14,19,20,25",-7.210075550401391,-7.208838267253051,-0.0012372831483400404,0.0012372831483400404,full,full,0,0,3,3
conf_sphere_r05,5,"6,9,11,12,22",-7.049629132158888,-7.04795209155908,-0.0016770405998078886,0.0016770405998078886,full,full,0,0,4,4
conf_sphere_r05,5,"1,12,19,22,27",-7.5467305728886345,-7.545249641212306,-0.0014809316763289004,0.0014809316763289004,full,full,0,0,12,12
conf_prism8,3,"0,25,29",-5.824290033656624,-5.781740088834272,-0.04254994482235208,0.04254994482235208,deficient,deficient,2,3,1,0
conf_egg,3,"1,2,7",-7.005673102416488,-7.00422642195288,-0.0014466804636086295,0.0014466804636086295,deficient,deficient,1,1,4,4
conf_egg,3,"1,2,26",-6.283005238411826,-6.281586221882822,-0.0014190165290033363,0.0014190165290033363,deficient,deficient,1,1,1,1
conf_egg,5,"1,13,18,20,28",-6.097965204101606,-6.096687952364937,-0.0012772517366688163,0.0012772517366688163,full,full,0,0,0,0
conf_egg,5,"4,15,18,28,31",-6.556727031327288,-6.555588013005781,-0.0011390183215072014,0.0011390183215072014,full,full,0,0,2,2
conf_egg,5,"1,7,18,22,26",-6.320375769629138,-6.319180640790519,-0.0011951288386189418,0.0011951288386189418,full,full,0,0,1,1
conf_egg,5,"1,5,9,17,20",-6.019521644094666,-6.018353191710237,-0.00116845238442842,0.00116845238442842,full,full,0,0,0,0
conf_egg,5,"4,6,18,25,30",-6.3304109827413,-6.329147394112171,-0.0012635886291292309,0.0012635886291292309,full,full,0,0,0,0
conf_egg,5,"6,7,26,27,28",-6.456296292678427,-6.454448194535981,-0.0018480981424460197,0.0018480981424460197,deficient,deficient,1,1,1,1
conf_egg,5,"1,7,19,20,23",-6.809247624547139,-6.810344373760267,0.0010967492131275236,0.0010967492131275236,deficient,deficient,1,1,5,5
conf_egg,5,"12,17,20,25,26",-6.505833846911183,-6.504319353982441,-0.0015144929287416176,0.0015144929287416176,full,full,0,0,1,1
conf_egg,5,"7,9,12,13,20",-6.026703962610428,-6.025376418542789,-0.0013275440676387973,0.0013275440676387973,full,full,0,0,0,0
conf_egg,5,"2,15,20,23,31",-6.843709166135279,-6.844908089536584,0.0011989234013043415,0.0011989234013043415,deficient,deficient,1,1,5,5
conf_egg,5,"1,7,17,23,26",-6.463950017761086,-6.462906044239343,-0.0010439735217424584,0.0010439735217424584,full,full,0,0,0,0
conf_egg,5,"1,6,23,26,30",-6.4195867331218786,-6.418035113085828,-0.0015516200360501387,0.0015516200360501387,deficient,deficient,1,1,1,1
conf_egg,5,"12,23,26,28,29",-6.447405415961519,-6.446400444207206,-0.0010049717543134662,0.0010049717543134662,full,full,0,0,2,2
conf_egg,5,"1,7,18,21,27",-6.149108340834649,-6.148101554197648,-0.0010067866370011558,0.0010067866370011558,full,full,0,0,1,1
conf_egg,5,"1,9,11,25,29",-6.442974769365714,-6.441964652868864,-0.0010101164968494558,0.0010101164968494558,full,full,0,0,0,0
conf_egg,5,"7,17,18,30,31",-6.505761896063511,-6.504570079902253,-0.0011918161612580747,0.0011918161612580747,full,full,0,0,1,1
conf_egg,5,"4,7,26,30,31",-6.503028439113491,-6.501883726551239,-0.0011447125622519039,0.0011447125622519039,full,full,0,0,0,0
conf_egg,5,"7,11,24,25,28",-6.579224390077327,-6.578049168078147,-0.001175221999179854,0.001175221999179854,full,full,0,0,3,3
conf_egg,5,"1,5,20,23,25",-6.127181261742928,-6.1261021384623575,-0.001079123280570471,0.001079123280570471,full,full,0,0,0,0
conf_egg,5,"15,17,20,28,29",-6.617437797335479,-6.616212361762688,-0.0012254355727909783,0.0012254355727909783,full,full,0,0,1,1
conf_egg,5,"1,9,20,26,31",-6.487013874452496,-6.485856346347424,-0.001157528105072636,0.001157528105072636,full,full,0,0,1,1
conf_egg,5,"7,12,13,18,31",-6.122330168097128,-6.121283170674495,-0.0010469974226330336,0.0010469974226330336,full,full,0,0,1,1
conf_ellipsoid_z06,5,"4,7,12,24,30",-6.447179689073588,-6.4482319987732515,0.0010523096996637449,0.0010523096996637449,full,full,0,0,1,1
conf_ellipsoid_z06,5,"3,19,25,27,28",-6.349775929941502,-6.350956723442374,0.0011807935008718573,0.0011807935008718573,full,full,0,0,1,1
conf_ellipsoid_z06,5,"3,12,24,28,30",-6.284934164190753,-6.286086688996027,0.0011525248052741688,0.0011525248052741688,full,full,0,0,1,1
conf_ellipsoid_z06,5,"4,12,22,24,30",-6.819542713871166,-6.820669903907964,0.0011271900367981758,0.0011271900367981758,full,full,0,0,4,4
conf_ellipsoid_z06,5,"17,20,24,28,29",-6.392328335604927,-6.393440814612525,0.0011124790075980329,0.0011124790075980329,full,full,0,0,3,3
conf_ellipsoid_z06,5,"6,14,17,30,31",-6.497693747264156,-6.496526503438119,-0.0011672438260372786,0.0011672438260372786,full,full,0,0,1,1
conf_ellipsoid_z06,5,"3,4,20,24,28",-6.223433240945404,-6.224456347664518,0.0010231067191135423,0.0010231067191135423,full,full,0,0,1,1
conf_ellipsoid_z06,5,"4,11,12,27,30",-6.9289200915526505,-6.929997749113148,0.0010776575604971583,0.0010776575604971583,full,full,0,0,5,5
conf_ellipsoid_z06,5,"3,6,24,25,27",-6.700182108862894,-6.701291451361028,0.0011093424981343247,0.0011093424981343247,deficient,deficient,1,1,4,4
conf_ellipsoid_z06,5,"16,17,23,29,31",-6.145361274243747,-6.14432769409027,-0.0010335801534768763,0.0010335801534768763,full,full,0,0,1,1
conf_ellipsoid_z06,5,"6,22,25,27,29",-6.63935394445273,-6.640411312061053,0.0010573676083227568,0.0010573676083227568,full,full,0,0,3,3
conf_sphere_r05,3,"1,2,17",-7.380335828376884,-7.357344861261157,-0.022990967115727123,0.022990967115727123,deficient,deficient,2,3,10,9
conf_sphere_r05,3,"1,4,7",-8.09102316377253,-8.089939985895288,-0.0010831778772413259,0.0010831778772413259,full,full,0,0,19,19
conf_sphere_r05,3,"1,7,12",-8.001046091782833,-8.000022138933973,-0.0010239528488593663,0.0010239528488593663,deficient,deficient,1,1,21,21
conf_sphere_r05,3,"1,7,17",-7.835577953706618,-7.834466252031783,-0.0011117016748354303,0.0011117016748354303,deficient,deficient,1,1,18,18
conf_sphere_r05,3,"1,10,17",-6.951987322448505,-6.928738237460347,-0.023249084988158586,0.023249084988158586,full,deficient,0,1,5,4
conf_sphere_r05,3,"1,12,28",-7.726132311393578,-7.748199236946805,0.022066925553226646,0.022066925553226646,deficient,full,1,0,21,22
conf_sphere_r05,3,"1,12,30",-8.0294786909793,-8.052357619483903,0.02287892850460338,0.02287892850460338,deficient,deficient,2,1,19,20
conf_sphere_r05,3,"1,17,22",-8.14628449527613,-8.120522041869254,-0.025762453406876773,0.025762453406876773,deficient,deficient,3,4,19,18
conf_sphere_r05,3,"1,17,27",-8.08931422724857,-8.068287534431185,-0.021026692817384784,0.021026692817384784,deficient,deficient,2,3,21,20
conf_sphere_r05,3,"1,19,25",-7.67053905916241,-7.649326277395374,-0.021212781767036226,0.021212781767036226,deficient,deficient,1,2,15,14
conf_sphere_r05,3,"2,4,12",-7.575618801460672,-7.598843905496362,0.023225104035690336,0.023225104035690336,deficient,full,1,0,9,10
conf_sphere_r05,3,"2,12,23",-7.343396238877359,-7.365924082620683,0.022527843743324283,0.022527843743324283,deficient,full,1,0,5,6
conf_sphere_r05,3,"2,14,17",-7.145864075212423,-7.122475723603911,-0.023388351608512714,0.023388351608512714,deficient,deficient,3,4,4,3
conf_sphere_r05,3,"4,6,11",-7.5056083762548225,-7.483178623547008,-0.02242975270781411,0.02242975270781411,deficient,deficient,1,2,13,12
conf_sphere_r05,3,"4,6,19",-7.70677769906813,-7.684223965520274,-0.022553733547856503,0.022553733547856503,deficient,deficient,1,2,13,12
conf_sphere_r05,3,"4,6,24",-7.159862673513257,-7.136595367482494,-0.023267306030763102,0.023267306030763102,deficient,deficient,1,2,7,6
conf_sphere_r05,3,"4,6,29",-6.866257785378665,-6.842742512405368,-0.02351527297329703,0.02351527297329703,full,deficient,0,1,2,1
conf_sphere_r05,3,"4,7,9",-8.048338499988146,-8.047175971144283,-0.0011625288438636971,0.0011625288438636971,full,full,0,0,17,17
conf_sphere_r05,3,"4,7,12",-8.28684620125147,-8.285641789896408,-0.001204411355061552,0.001204411355061552,deficient,deficient,3,3,23,23
conf_sphere_r05,3,"4,7,17",-8.193628004013602,-8.192261830330345,-0.001366173683257088,0.001366173683257088,deficient,deficient,1,1,20,20
conf_sphere_r05,3,"4,7,22",-8.039819536323247,-8.03865498314995,-0.0011645531732966674,0.0011645531732966674,deficient,deficient,1,1,18,18
conf_sphere_r05,3,"4,9,17",-8.204518499815933,-8.203474075658,-0.0010444241579321556,0.0010444241579321556,deficient,deficient,2,2,9,9
conf_sphere_r05,3,"4,9,30",-8.234075083833064,-8.255238811123805,0.021163727290741008,0.021163727290741008,deficient,deficient,3,2,23,24
conf_sphere_r05,3,"4,12,15",-7.79058356924177,-7.812811212405463,0.022227643163692967,0.022227643163692967,deficient,full,1,0,12,13
conf_sphere_r05,3,"4,12,17",-8.205752168632662,-8.204252511026963,-0.001499657605698701,0.001499657605698701,deficient,deficient,1,1,14,14
conf_sphere_r05,3,"4,17,20",-8.188060034654326,-8.209451373988042,0.021391339333716175,0.021391339333716175,deficient,deficient,4,3,23,24
conf_sphere_r05,3,"4,17,22",-8.23188381764606,-8.255143950480287,0.023260132834227676,0.023260132834227676,deficient,deficient,4,3,20,21
conf_sphere_r05,3,"4,17,25",-8.315390230812435,-8.337600755831865,0.022210525019429994,0.022210525019429994,deficient,deficient,3,2,23,24
conf_sphere_r05,3,"4,17,30",-8.202576110958418,-8.223888991483186,0.021312880524767763,0.021312880524767763,deficient,deficient,4,3,22,23
conf_sphere_r05,3,"4,17,31",-7.092644478883992,-7.115381958608313,0.02273747972432094,0.02273747972432094,deficient,full,1,0,3,4
conf_sphere_r05,3,"6,7,12",-7.442467505979006,-7.441252349040108,-0.0012151569388976213,0.0012151569388976213,deficient,deficient,1,1,15,15
conf_sphere_r05,3,"6,7,14",-7.405760565950828,-7.404671370396816,-0.0010891955540124343,0.0010891955540124343,deficient,deficient,1,1,13,13
conf_sphere_r05,3,"6,7,17",-7.562659266073151,-7.561044736504756,-0.001614529568395362,0.001614529568395362,deficient,deficient,2,2,18,18
conf_sphere_r05,3,"6,7,22",-7.405832134933793,-7.4280851242670565,0.02225298933326325,0.02225298933326325,deficient,deficient,2,1,13,14
conf_sphere_r05,3,"6,9,12",-7.917605895352718,-7.916354816898241,-0.0012510784544774722,0.0012510784544774722,deficient,deficient,3,3,21,21
conf_sphere_r05,3,"6,9,17",-7.934486859702954,-7.933075084758221,-0.0014117749447324357,0.0014117749447324357,deficient,deficient,3,3,17,17
conf_sphere_r05,3,"6,11,12",-7.327649148536383,-7.3049615055381105,-0.02268764299827275,0.02268764299827275,deficient,deficient,2,3,10,9
conf_sphere_r05,3,"6,11,14",-7.591865819575213,-7.614027019414645,0.022161199839431767,0.022161199839431767,deficient,deficient,2,1,15,16
conf_sphere_r05,3,"6,11,17",-7.477211383965373,-7.454246283251682,-0.022965100713690845,0.022965100713690845,deficient,deficient,1,2,12,11
conf_sphere_r05,3,"6,11,20",-7.133063930902984,-7.109621468239382,-0.023442462663601837,0.023442462663601837,full,deficient,0,1,9,8
conf_sphere_r05,3,"6,11,28",-7.011397293033302,-6.988380468109033,-0.023016824924269486,0.023016824924269486,full,deficient,0,1,6,5
conf_sphere_r05,3,"6,12,19",-7.5358091905214515,-7.512098601227291,-0.023710589294160478,0.023710589294160478,deficient,deficient,2,3,16,15
conf_sphere_r05,3,"6,12,27",-7.6134971932387305,-7.589819930792307,-0.023677262446423875,0.023677262446423875,deficient,deficient,2,3,18,17
conf_sphere_r05,3,"6,12,29",-6.878120350271376,-6.854449989162432,-0.023670361108944604,0.023670361108944604,full,deficient,0,1,3,2
conf_sphere_r05,3,"6,14,17",-7.900133371402472,-7.898953017326476,-0.0011803540759958153,0.0011803540759958153,deficient,deficient,3,3,18,18
conf_sphere_r05,3,"6,14,27",-7.701087324017336,-7.724879201899024,0.02379187788168835,0.02379187788168835,deficient,deficient,2,1,16,17
conf_sphere_r05,3,"6,17,19",-7.702406760779582,-7.678554436922714,-0.023852323856868196,0.023852323856868196,deficient,deficient,3,4,16,15
conf_sphere_r05,3,"6,17,20",-7.587113948791908,-7.562474100421392,-0.024639848370515693,0.024639848370515693,deficient,deficient,3,4,20,19
conf_sphere_r05,3,"6,17,22",-7.792485285949416,-7.791469066487738,-0.0010162194616780695,0.0010162194616780695,deficient,deficient,4,4,17,17
conf_sphere_r05,3,"6,17,25",-7.745039573284804,-7.720391647662743,-0.02464792562206064,0.02464792562206064,deficient,deficient,3,4,20,18
conf_sphere_r05,3,"6,17,27",-7.746373544025204,-7.72221581452959,-0.0241577294956139,0.0241577294956139,deficient,deficient,4,5,16,15
conf_sphere_r05,3,"6,17,30",-7.680063516926004,-7.678937428789809,-0.0011260881361945252,0.0011260881361945252,deficient,deficient,5,5,17,17
conf_sphere_r05,3,"6,19,25",-7.440908592276635,-7.4170584631178755,-0.023850129158759614,0.023850129158759614,deficient,deficient,2,3,12,11
conf_sphere_r05,3,"6,20,25",-7.444310158720343,-7.44320685251821,-0.0011033062021335027,0.0011033062021335027,deficient,deficient,3,3,17,17
conf_sphere_r05,3,"6,27,28",-7.214562904963108,-7.190767318913252,-0.023795586049855544,0.023795586049855544,deficient,deficient,1,2,6,5
conf_sphere_r05,3,"7,9,12",-8.011246037338124,-8.010008943411062,-0.0012370939270613945,0.0012370939270613945,full,full,0,0,19,19
conf_sphere_r05,3,"7,9,17",-7.867847946990787,-7.8666171955906075,-0.0012307514001799191,0.0012307514001799191,deficient,deficient,1,1,16,16
conf_sphere_r05,3,"7,9,20",-7.885094595131045,-7.883719827944438,-0.0013747671866077837,0.0013747671866077837,deficient,deficient,2,2,17,17
conf_sphere_r05,3,"7,10,15",-7.297544402952463,-7.320398122971833,0.022853720019369916,0.022853720019369916,deficient,deficient,2,1,11,12
conf_sphere_r05,3,"7,12,17",-8.055442617804415,-8.0538935397715,-0.001549078032914153,0.001549078032914153,deficient,deficient,2,2,21,21
conf_sphere_r05,3,"7,12,20",-7.9906401835087335,-7.9892108780600255,-0.001429305448708007,0.001429305448708007,deficient,deficient,2,2,21,21
conf_sphere_r05,3,"7,12,22",-7.743466292710839,-7.742324440431142,-0.0011418522796970976,0.0011418522796970976,deficient,deficient,2,2,16,16
conf_sphere_r05,3,"7,14,17",-7.679310291406254,-7.677810094614112,-0.0015001967921417503,0.0015001967921417503,deficient,deficient,3,3,14,14
conf_sphere_r05,3,"7,17,20",-7.893187073823253,-7.890879339779736,-0.002307734043516696,0.002307734043516696,deficient,deficient,3,3,20,20
conf_sphere_r05,3,"7,17,22",-7.773258885239917,-7.771849178989839,-0.0014097062500777469,0.0014097062500777469,deficient,deficient,3,3,17,17
conf_sphere_r05,3,"7,20,25",-7.800617632754027,-7.799520653738316,-0.0010969790157107084,0.0010969790157107084,deficient,deficient,3,3,24,24
conf_sphere_r05,3,"9,10,31",-6.860332814177104,-6.883613327601419,0.023280513424315252,0.023280513424315252,deficient,full,1,0,4,4
conf_sphere_r05,3,"9,12,17",-8.12449580624258,-8.12344676070955,-0.0010490455330298687,0.0010490455330298687,deficient,deficient,2,2,16,16
conf_sphere_r05,3,"9,15,17",-7.4117991504489975,-7.3872286781314935,-0.024570472317503977,0.024570472317503977,deficient,deficient,1,2,8,7
conf_sphere_r05,3,"9,17,23",-7.170935797285019,-7.146865559762514,-0.0240702375225057,0.0240702375225057,deficient,deficient,1,2,4,3
conf_sphere_r05,3,"9,17,25",-8.113638010313297,-8.087827012396625,-0.02581099791667185,0.02581099791667185,deficient,deficient,3,4,22,21
conf_sphere_r05,3,"9,17,31",-7.032054246088273,-7.030961416945783,-0.0010928291424896486,0.0010928291424896486,deficient,deficient,1,1,2,2
conf_sphere_r05,3,"9,18,22",-6.7706403129314605,-6.7467287636782896,-0.02391154925317096,0.02391154925317096,full,deficient,0,1,6,4
conf_sphere_r05,3,"9,25,27",-7.970308391933917,-7.991898431823079,0.02159003988916197,0.02159003988916197,deficient,deficient,4,3,21,22
conf_sphere_r05,3,"11,14,22",-7.513034368074443,-7.535810070334428,0.022775702259984598,0.022775702259984598,deficient,deficient,2,1,13,14
conf_sphere_r05,3,"11,20,30",-7.074413717825139,-7.097466227922322,0.02305251009718301,0.02305251009718301,deficient,full,1,0,6,7
conf_sphere_r05,3,"12,17,19",-7.510583051039777,-7.509320903711462,-0.0012621473283154216,0.0012621473283154216,deficient,deficient,2,2,13,13
conf_sphere_r05,3,"12,17,20",-7.958201334677089,-7.956810109503243,-0.0013912251738457115,0.0013912251738457115,deficient,deficient,4,4,19,18
conf_sphere_r05,3,"12,17,25",-8.069961425827723,-8.068770390505591,-0.001191035322131384,0.001191035322131384,deficient,deficient,3,3,20,20
conf_sphere_r05,3,"12,17,30",-7.972673827987454,-7.971552602945723,-0.0011212250417313996,0.0011212250417313996,deficient,deficient,3,3,21,21
conf_sphere_r05,3,"12,20,25",-7.911087692410076,-7.935997287161103,0.024909594751027164,0.024909594751027164,deficient,deficient,5,4,25,26
conf_sphere_r05,3,"12,20,30",-7.790976148442685,-7.814853478855074,0.02387733041238871,0.02387733041238871,deficient,deficient,4,3,23,24
conf_sphere_r05,3,"12,22,30",-7.829614536475615,-7.855040170865654,0.025425634390038532,0.025425634390038532,deficient,deficient,3,2,21,23
conf_sphere_r05,3,"14,17,22",-7.901540272621667,-7.900311325239202,-0.001228947382465151,0.001228947382465151,deficient,deficient,5,5,16,16
conf_sphere_r05,3,"14,17,28",-7.550936570241983,-7.527595684029306,-0.023340886212676715,0.023340886212676715,deficient,deficient,5,6,12,11
conf_sphere_r05,3,"15,17,20",-7.620727062579594,-7.6197036594406455,-0.0010234031389488862,0.0010234031389488862,deficient,deficient,2,2,10,10
conf_sphere_r05,3,"15,17,22",-7.408491012452452,-7.407421686187079,-0.0010693262653731495,0.0010693262653731495,deficient,deficient,1,1,8,7
conf_sphere_r05,3,"15,18,20",-6.972207577411793,-6.971174139106093,-0.0010334383056997964,0.0010334383056997964,deficient,deficient,1,1,6,6
conf_sphere_r05,3,"15,20,26",-6.866538948952503,-6.865455519192106,-0.0010834297603965481,0.0010834297603965481,full,full,0,0,3,3
conf_sphere_r05,3,"17,18,20",-6.882647404025163,-6.881329594729779,-0.0013178092953838316,0.0013178092953838316,full,full,0,0,6,6
conf_sphere_r05,3,"17,18,25",-6.839023200761502,-6.837896168163306,-0.0011270325981955764,0.0011270325981955764,deficient,deficient,1,1,5,5
conf_sphere_r05,3,"17,18,28",-6.900655173216228,-6.899638313003388,-0.001016860212839532,0.001016860212839532,deficient,deficient,1,1,5,5
conf_sphere_r05,3,"17,19,20",-7.389890435997157,-7.388727882595553,-0.0011625534016035388,0.0011625534016035388,deficient,deficient,3,3,12,12
conf_sphere_r05,3,"17,20,25",-7.863154978173083,-7.861950349986603,-0.00120462818648015,0.00120462818648015,deficient,deficient,6,6,24,24
conf_sphere_r05,3,"17,20,26",-6.800067547585786,-6.798947035380102,-0.0011205122056843209,0.0011205122056843209,full,full,0,0,2,2
conf_sphere_r05,3,"17,20,28",-7.765002729749091,-7.763855234963642,-0.0011474947854495099,0.0011474947854495099,deficient,deficient,5,5,18,18
conf_sphere_r05,3,"17,22,25",-7.837342703019409,-7.836328762522462,-0.001013940496947363,0.001013940496947363,deficient,deficient,5,5,16,16
conf_sphere_r05,3,"17,25,28",-7.708116435531911,-7.730401547440139,0.022285111908227684,0.022285111908227684,deficient,deficient,5,4,17,18
conf_sphere_r05,3,"17,25,30",-7.796233599351297,-7.794975630293721,-0.0012579690575753588,0.0012579690575753588,deficient,deficient,4,4,16,16
conf_sphere_r05,3,"18,20,25",-6.896534854023513,-6.918691601109416,0.022156747085903206,0.022156747085903206,deficient,full,1,0,6,6
conf_sphere_r05,3,"18,20,30",-6.884660764905393,-6.883609842758335,-0.001050922147057598,0.001050922147057598,full,full,0,0,7,7
conf_sphere_r05,3,"20,26,28",-6.8970974071029225,-6.895998375440956,-0.0010990316619663432,0.0010990316619663432,full,full,0,0,3,3
conf_sphere_r05,5,"10,15,17,18,22",-6.901053492697937,-6.877243012418809,-0.023810480279127688,0.023810480279127688,full,deficient,0,1,6,5
