scene,light,err_vs_world_deg,err_vs_camframe_deg,implied_z,i_eff_proj
00f7c6d95b7d4c359681cc3b93f8a077,1,0.9163854482771959,43.16266503518165,0.7762267360109648,0.890165912643598
00f7c6d95b7d4c359681cc3b93f8a077,2,0.9163854482767981,27.355823269486258,0.7762267360109649,0.8901658800093831
00f7c6d95b7d4c359681cc3b93f8a077,3,0.9163854482771959,84.42073472177447,0.7762267360109648,0.8901658914530702
00f7c6d95b7d4c359681cc3b93f8a077,4,0.9163854482767981,101.63960542149034,0.7762267360109649,0.8901658914530702
00f7c6d95b7d4c359681cc3b93f8a077,5,0.9163854482767981,91.51804433620563,0.7762267360109648,0.8901658800093832
00ff6c772dce4e84bf66544ada6093a0,1,0.9163854482771959,43.16266503518165,0.7762267360109648,0.890165912643598
00ff6c772dce4e84bf66544ada6093a0,2,0.9163854482767981,27.355823269486258,0.7762267360109649,0.8901658800093831
00ff6c772dce4e84bf66544ada6093a0,3,0.9163854482771959,84.42073472177447,0.7762267360109648,0.8901658914530702
00ff6c772dce4e84bf66544ada6093a0,4,0.9163854482767981,101.63960542149034,0.7762267360109649,0.8901658914530702
00ff6c772dce4e84bf66544ada6093a0,5,0.9163854482767981,91.51804433620563,0.7762267360109648,0.8901658800093832
0104f4b9bd3c476d949785e03f2ff7c6,1,0.9163854482771959,43.16266503518165,0.7762267360109648,0.890165912643598
0104f4b9bd3c476d949785e03f2ff7c6,2,0.9163854482767981,27.355823269486258,0.7762267360109649,0.8901658800093831
0104f4b9bd3c476d949785e03f2ff7c6,3,0.9163854482771959,84.42073472177447,0.7762267360109648,0.8901658914530702
0104f4b9bd3c476d949785e03f2ff7c6,4,0.9163854482767981,101.63960542149034,0.7762267360109649,0.8901658914530702
0104f4b9bd3c476d949785e03f2ff7c6,5,0.9163854482767981,91.51804433620563,0.7762267360109648,0.8901658800093832
0109cde49c664b408e6a95a82d235070,1,0.9163854482771959,43.16266503518165,0.7762267360109648,0.890165912643598
0109cde49c664b408e6a95a82d235070,2,0.9163854482767981,27.355823269486258,0.7762267360109649,0.8901658800093831
0109cde49c664b408e6a95a82d235070,3,0.9163854482771959,84.42073472177447,0.7762267360109648,0.8901658914530702
0109cde49c664b408e6a95a82d235070,4,0.9163854482767981,101.63960542149034,0.7762267360109649,0.8901658914530702
0109cde49c664b408e6a95a82d235070,5,0.9163854482767981,91.51804433620563,0.7762267360109648,0.8901658800093832
01f2d9c189f5404c97f696d022b0ad81,1,0.9163854482771959,43.16266503518165,0.7762267360109648,0.890165912643598
01f2d9c189f5404c97f696d022b0ad81,2,0.9163854482767981,27.355823269486258,0.7762267360109649,0.8901658800093831
01f2d9c189f5404c97f696d022b0ad81,3,0.9163854482771959,84.42073472177447,0.7762267360109648,0.8901658914530702
01f2d9c189f5404c97f696d022b0ad81,4,0.9163854482767981,101.63960542149034,0.7762267360109649,0.8901658914530702
01f2d9c189f5404c97f696d022b0ad81,5,0.9163854482767981,91.51804433620563,0.7762267360109648,0.8901658800093832
024bfdbc8f1c4a75bdbaaecb905e04e8,1,0.9163854482771959,43.16266503518165,0.7762267360109648,0.890165912643598
024bfdbc8f1c4a75bdbaaecb905e04e8,2,0.9163854482767981,27.355823269486258,0.7762267360109649,0.8901658800093831
024bfdbc8f1c4a75bdbaaecb905e04e8,3,0.9163854482771959,84.42073472177447,0.7762267360109648,0.8901658914530702
024bfdbc8f1c4a75bdbaaecb905e04e8,4,0.9163854482767981,101.63960542149034,0.7762267360109649,0.8901658914530702
024bfdbc8f1c4a75bdbaaecb905e04e8,5,0.9163854482767981,91.51804433620563,0.7762267360109648,0.8901658800093832
027e8e8787bf40689bdd8e795636a106,1,0.9163854482771959,43.16266503518165,0.7762267360109648,0.890165912643598
027e8e8787bf40689bdd8e795636a106,2,0.9163854482767981,27.355823269486258,0.7762267360109649,0.8901658800093831
027e8e8787bf40689bdd8e795636a106,3,0.9163854482771959,84.42073472177447,0.7762267360109648,0.8901658914530702
027e8e8787bf40689bdd8e795636a106,4,0.9163854482767981,101.63960542149034,0.7762267360109649,0.8901658914530702
027e8e8787bf40689bdd8e795636a106,5,0.9163854482767981,91.51804433620563,0.7762267360109648,0.8901658800093832
02c1619333c74000886bee7b9667e1d6,1,0.9163854482771959,43.16266503518165,0.7762267360109648,0.890165912643598
02c1619333c74000886bee7b9667e1d6,2,0.9163854482767981,27.355823269486258,0.7762267360109649,0.8901658800093831
02c1619333c74000886bee7b9667e1d6,3,0.9163854482771959,84.42073472177447,0.7762267360109648,0.8901658914530702
02c1619333c74000886bee7b9667e1d6,4,0.9163854482767981,101.63960542149034,0.7762267360109649,0.8901658914530702
02c1619333c74000886bee7b9667e1d6,5,0.9163854482767981,91.51804433620563,0.7762267360109648,0.8901658800093832
02fc000a981e416386d8cc51c858de5b,1,0.9163854482771959,43.16266503518165,0.7762267360109648,0.890165912643598
02fc000a981e416386d8cc51c858de5b,2,0.9163854482767981,27.355823269486258,0.7762267360109649,0.8901658800093831
02fc000a981e416386d8cc51c858de5b,3,0.9163854482771959,84.42073472177447,0.7762267360109648,0.8901658914530702
02fc000a981e416386d8cc51c858de5b,4,0.9163854482767981,101.63960542149034,0.7762267360109649,0.8901658914530702
02fc000a981e416386d8cc51c858de5b,5,0.9163854482767981,91.51804433620563,0.7762267360109648,0.8901658800093832
03ba54375bcb45d1a92a5dcb9e8e3a59,1,0.9163854482771959,43.16266503518165,0.7762267360109648,0.890165912643598
03ba54375bcb45d1a92a5dcb9e8e3a59,2,0.9163854482767981,27.355823269486258,0.7762267360109649,0.8901658800093831
03ba54375bcb45d1a92a5dcb9e8e3a59,3,0.9163854482771959,84.42073472177447,0.7762267360109648,0.8901658914530702
03ba54375bcb45d1a92a5dcb9e8e3a59,4,0.9163854482767981,101.63960542149034,0.7762267360109649,0.8901658914530702
03ba54375bcb45d1a92a5dcb9e8e3a59,5,0.9163854482767981,91.51804433620563,0.7762267360109648,0.8901658800093832
0437089225fb4b8496c6c4a824d370e6,1,0.9163854482771959,43.16266503518165,0.7762267360109648,0.890165912643598
0437089225fb4b8496c6c4a824d370e6,2,0.9163854482767981,27.355823269486258,0.7762267360109649,0.8901658800093831
0437089225fb4b8496c6c4a824d370e6,3,0.9163854482771959,84.42073472177447,0.7762267360109648,0.8901658914530702
0437089225fb4b8496c6c4a824d370e6,4,0.9163854482767981,101.63960542149034,0.7762267360109649,0.8901658914530702
0437089225fb4b8496c6c4a824d370e6,5,0.9163854482767981,91.51804433620563,0.7762267360109648,0.8901658800093832
048002dcad254cf8b57d51d84ad84435,1,0.9163854482771959,43.16266503518165,0.7762267360109648,0.890165912643598
048002dcad254cf8b57d51d84ad84435,2,0.9163854482767981,27.355823269486258,0.7762267360109649,0.8901658800093831
048002dcad254cf8b57d51d84ad84435,3,0.9163854482771959,84.42073472177447,0.7762267360109648,0.8901658914530702
048002dcad254cf8b57d51d84ad84435,4,0.9163854482767981,101.63960542149034,0.7762267360109649,0.8901658914530702
048002dcad254cf8b57d51d84ad84435,5,0.9163854482767981,91.51804433620563,0.7762267360109648,0.8901658800093832
04dbe2471a134bd68f5b8d8d4af95aae,1,0.9163854482771959,43.16266503518165,0.7762267360109648,0.890165912643598
04dbe2471a134bd68f5b8d8d4af95aae,2,0.9163854482767981,27.355823269486258,0.7762267360109649,0.8901658800093831
04dbe2471a134bd68f5b8d8d4af95aae,3,0.9163854482771959,84.42073472177447,0.7762267360109648,0.8901658914530702
04dbe2471a134bd68f5b8d8d4af95aae,4,0.9163854482767981,101.63960542149034,0.7762267360109649,0.8901658914530702
04dbe2471a134bd68f5b8d8d4af95aae,5,0.9163854482767981,91.51804433620563,0.7762267360109648,0.8901658800093832
04e43ff1195e45029a03b6cdc53f9aa8,1,0.9163854482771959,43.16266503518165,0.7762267360109648,0.890165912643598
04e43ff1195e45029a03b6cdc53f9aa8,2,0.9163854482767981,27.355823269486258,0.7762267360109649,0.8901658800093831
04e43ff1195e45029a03b6cdc53f9aa8,3,0.9163854482771959,84.42073472177447,0.7762267360109648,0.8901658914530702
04e43ff1195e45029a03b6cdc53f9aa8,4,0.9163854482767981,101.63960542149034,0.7762267360109649,0.8901658914530702
04e43ff1195e45029a03b6cdc53f9aa8,5,0.9163854482767981,91.51804433620563,0.7762267360109648,0.8901658800093832
04e5ee9a0baa446e9ab973cce0153bc8,1,0.9163854482771959,43.16266503518165,0.7762267360109648,0.890165912643598
04e5ee9a0baa446e9ab973cce0153bc8,2,0.9163854482767981,27.355823269486258,0.7762267360109649,0.8901658800093831
04e5ee9a0baa446e9ab973cce0153bc8,3,0.9163854482771959,84.42073472177447,0.7762267360109648,0.8901658914530702
04e5ee9a0baa446e9ab973cce0153bc8,4,0.9163854482767981,101.63960542149034,0.7762267360109649,0.8901658914530702
04e5ee9a0baa446e9ab973cce0153bc8,5,0.9163854482767981,91.51804433620563,0.7762267360109648,0.8901658800093832
05703932eb2c45c0918d4f91c875d064,1,0.9163854482771959,43.16266503518165,0.7762267360109648,0.890165912643598
05703932eb2c45c0918d4f91c875d064,2,0.9163854482767981,27.355823269486258,0.7762267360109649,0.8901658800093831
05703932eb2c45c0918d4f91c875d064,3,0.9163854482771959,84.42073472177447,0.7762267360109648,0.8901658914530702
05703932eb2c45c0918d4f91c875d064,4,0.9163854482767981,101.63960542149034,0.7762267360109649,0.8901658914530702
05703932eb2c45c0918d4f91c875d064,5,0.9163854482767981,91.51804433620563,0.7762267360109648,0.8901658800093832
060c9e87a01b4fd08f87578d63e4961e,1,0.9163854482771959,43.16266503518165,0.7762267360109648,0.890165912643598
060c9e87a01b4fd08f87578d63e4961e,2,0.9163854482767981,27.355823269486258,0.7762267360109649,0.8901658800093831
060c9e87a01b4fd08f87578d63e4961e,3,0.9163854482771959,84.42073472177447,0.7762267360109648,0.8901658914530702
060c9e87a01b4fd08f87578d63e4961e,4,0.9163854482767981,101.63960542149034,0.7762267360109649,0.8901658914530702
060c9e87a01b4fd08f87578d63e4961e,5,0.9163854482767981,91.51804433620563,0.7762267360109648,0.8901658800093832
062ad5b97bf34d75b7c7003b9b6f2cb0,1,0.9163854482771959,43.16266503518165,0.7762267360109648,0.890165912643598
062ad5b97bf34d75b7c7003b9b6f2cb0,2,0.9163854482767981,27.355823269486258,0.7762267360109649,0.8901658800093831
062ad5b97bf34d75b7c7003b9b6f2cb0,3,0.9163854482771959,84.42073472177447,0.7762267360109648,0.8901658914530702
062ad5b97bf34d75b7c7003b9b6f2cb0,4,0.9163854482767981,101.63960542149034,0.7762267360109649,0.8901658914530702
062ad5b97bf34d75b7c7003b9b6f2cb0,5,0.9163854482767981,91.51804433620563,0.7762267360109648,0.8901658800093832
069044476a7f49b9b83f6364654c85c3,1,0.9163854482771959,43.16266503518165,0.7762267360109648,0.890165912643598
069044476a7f49b9b83f6364654c85c3,2,0.9163854482767981,27.355823269486258,0.7762267360109649,0.8901658800093831
069044476a7f49b9b83f6364654c85c3,3,0.9163854482771959,84.42073472177447,0.7762267360109648,0.8901658914530702
069044476a7f49b9b83f6364654c85c3,4,0.9163854482767981,101.63960542149034,0.7762267360109649,0.8901658914530702
069044476a7f49b9b83f6364654c85c3,5,0.9163854482767981,91.51804433620563,0.7762267360109648,0.8901658800093832
0692e0ff0ef34b21b1f3659270d2e558,1,0.9163854482771959,43.16266503518165,0.7762267360109648,0.890165912643598
0692e0ff0ef34b21b1f3659270d2e558,2,0.9163854482767981,27.355823269486258,0.7762267360109649,0.8901658800093831
0692e0ff0ef34b21b1f3659270d2e558,3,0.9163854482771959,84.42073472177447,0.7762267360109648,0.8901658914530702
0692e0ff0ef34b21b1f3659270d2e558,4,0.9163854482767981,101.63960542149034,0.7762267360109649,0.8901658914530702
0692e0ff0ef34b21b1f3659270d2e558,5,0.9163854482767981,91.51804433620563,0.7762267360109648,0.8901658800093832
06dd0877eb584e569d1bc9070e42baa2,1,0.9163854482771959,43.16266503518165,0.7762267360109648,0.890165912643598
06dd0877eb584e569d1bc9070e42baa2,2,0.9163854482767981,27.355823269486258,0.7762267360109649,0.8901658800093831
06dd0877eb584e569d1bc9070e42baa2,3,0.9163854482771959,84.42073472177447,0.7762267360109648,0.8901658914530702
06dd0877eb584e569d1bc9070e42baa2,4,0.9163854482767981,101.63960542149034,0.7762267360109649,0.8901658914530702
06dd0877eb584e569d1bc9070e42baa2,5,0.9163854482767981,91.51804433620563,0.7762267360109648,0.8901658800093832
07a81928f67f4aa2ad0d59a057ae374e,1,0.9163854482771959,43.16266503518165,0.7762267360109648,0.890165912643598
07a81928f67f4aa2ad0d59a057ae374e,2,0.9163854482767981,27.355823269486258,0.7762267360109649,0.8901658800093831
07a81928f67f4aa2ad0d59a057ae374e,3,0.9163854482771959,84.42073472177447,0.7762267360109648,0.8901658914530702
07a81928f67f4aa2ad0d59a057ae374e,4,0.9163854482767981,101.63960542149034,0.7762267360109649,0.8901658914530702
07a81928f67f4aa2ad0d59a057ae374e,5,0.9163854482767981,91.51804433620563,0.7762267360109648,0.8901658800093832
07c2642631f947a5ac799dddeea39eb9,1,0.9163854482771959,43.16266503518165,0.7762267360109648,0.890165912643598
07c2642631f947a5ac799dddeea39eb9,2,0.9163854482767981,27.355823269486258,0.7762267360109649,0.8901658800093831
07c2642631f947a5ac799dddeea39eb9,3,0.9163854482771959,84.42073472177447,0.7762267360109648,0.8901658914530702
07c2642631f947a5ac799dddeea39eb9,4,0.9163854482767981,101.63960542149034,0.7762267360109649,0.8901658914530702
07c2642631f947a5ac799dddeea39eb9,5,0.9163854482767981,91.51804433620563,0.7762267360109648,0.8901658800093832
086be698bca14d7791d9032884909954,1,0.9163854482771959,43.16266503518165,0.7762267360109648,0.890165912643598
086be698bca14d7791d9032884909954,2,0.9163854482767981,27.355823269486258,0.7762267360109649,0.8901658800093831
086be698bca14d7791d9032884909954,3,0.9163854482771959,84.42073472177447,0.7762267360109648,0.8901658914530702
086be698bca14d7791d9032884909954,4,0.9163854482767981,101.63960542149034,0.7762267360109649,0.8901658914530702
086be698bca14d7791d9032884909954,5,0.9163854482767981,91.51804433620563,0.7762267360109648,0.8901658800093832
087ca366dee64594bba4189b31dd7a45,1,0.9163854482771959,43.16266503518165,0.7762267360109648,0.890165912643598
087ca366dee64594bba4189b31dd7a45,2,0.9163854482767981,27.355823269486258,0.7762267360109649,0.8901658800093831
087ca366dee64594bba4189b31dd7a45,3,0.9163854482771959,84.42073472177447,0.7762267360109648,0.8901658914530702
087ca366dee64594bba4189b31dd7a45,4,0.9163854482767981,101.63960542149034,0.7762267360109649,0.8901658914530702
087ca366dee64594bba4189b31dd7a45,5,0.9163854482767981,91.51804433620563,0.7762267360109648,0.8901658800093832
08aab5b01d384e0082c56c17fc9f2245,1,0.9163854482771959,43.16266503518165,0.7762267360109648,0.890165912643598
08aab5b01d384e0082c56c17fc9f2245,2,0.9163854482767981,27.355823269486258,0.7762267360109649,0.8901658800093831
08aab5b01d384e0082c56c17fc9f2245,3,0.9163854482771959,84.42073472177447,0.7762267360109648,0.8901658914530702
08aab5b01d384e0082c56c17fc9f2245,4,0.9163854482767981,101.63960542149034,0.7762267360109649,0.8901658914530702
08aab5b01d384e0082c56c17fc9f2245,5,0.9163854482767981,91.51804433620563,0.7762267360109648,0.8901658800093832
08bc3a0eec7042389949e2c5ad9bf700,1,0.9163854482771959,43.16266503518165,0.7762267360109648,0.890165912643598
08bc3a0eec7042389949e2c5ad9bf700,2,0.9163854482767981,27.355823269486258,0.7762267360109649,0.8901658800093831
08bc3a0eec7042389949e2c5ad9bf700,3,0.9163854482771959,84.42073472177447,0.7762267360109648,0.8901658914530702
08bc3a0eec7042389949e2c5ad9bf700,4,0.9163854482767981,101.63960542149034,0.7762267360109649,0.8901658914530702
08bc3a0eec7042389949e2c5ad9bf700,5,0.9163854482767981,91.51804433620563,0.7762267360109648,0.8901658800093832
099450527f614a3e81baf1fe4fe087ab,1,0.9163854482771959,43.16266503518165,0.7762267360109648,0.890165912643598
099450527f614a3e81baf1fe4fe087ab,2,0.9163854482767981,27.355823269486258,0.7762267360109649,0.8901658800093831
099450527f614a3e81baf1fe4fe087ab,3,0.9163854482771959,84.42073472177447,0.7762267360109648,0.8901658914530702
099450527f614a3e81baf1fe4fe087ab,4,0.9163854482767981,101.63960542149034,0.7762267360109649,0.8901658914530702
099450527f614a3e81baf1fe4fe087ab,5,0.9163854482767981,91.51804433620563,0.7762267360109648,0.8901658800093832
09fb340c826c402683eca48320936aec,1,0.9163854482771959,43.16266503518165,0.7762267360109648,0.890165912643598
09fb340c826c402683eca48320936aec,2,0.9163854482767981,27.355823269486258,0.7762267360109649,0.8901658800093831
09fb340c826c402683eca48320936aec,3,0.9163854482771959,84.42073472177447,0.7762267360109648,0.8901658914530702
09fb340c826c402683eca48320936aec,4,0.9163854482767981,101.63960542149034,0.7762267360109649,0.8901658914530702
09fb340c826c402683eca48320936aec,5,0.9163854482767981,91.51804433620563,0.7762267360109648,0.8901658800093832
0a354259149c4930bac9bab65ce89cdd,1,0.9163854482771959,43.16266503518165,0.7762267360109648,0.890165912643598
0a354259149c4930bac9bab65ce89cdd,2,0.9163854482767981,27.355823269486258,0.7762267360109649,0.8901658800093831
0a354259149c4930bac9bab65ce89cdd,3,0.9163854482771959,84.42073472177447,0.7762267360109648,0.8901658914530702
0a354259149c4930bac9bab65ce89cdd,4,0.9163854482767981,101.63960542149034,0.7762267360109649,0.8901658914530702
0a354259149c4930bac9bab65ce89cdd,5,0.9163854482767981,91.51804433620563,0.7762267360109648,0.8901658800093832
0a39c8c2a2df48b6a072da1d9306cf36,1,0.9163854482771959,43.16266503518165,0.7762267360109648,0.890165912643598
0a39c8c2a2df48b6a072da1d9306cf36,2,0.9163854482767981,27.355823269486258,0.7762267360109649,0.8901658800093831
0a39c8c2a2df48b6a072da1d9306cf36,3,0.9163854482771959,84.42073472177447,0.7762267360109648,0.8901658914530702
0a39c8c2a2df48b6a072da1d9306cf36,4,0.9163854482767981,101.63960542149034,0.7762267360109649,0.8901658914530702
0a39c8c2a2df48b6a072da1d9306cf36,5,0.9163854482767981,91.51804433620563,0.7762267360109648,0.8901658800093832
0ae2a05bf20c4b028b86c33e26aa9e0c,1,0.9163854482771959,43.16266503518165,0.7762267360109648,0.890165912643598
0ae2a05bf20c4b028b86c33e26aa9e0c,2,0.9163854482767981,27.355823269486258,0.7762267360109649,0.8901658800093831
0ae2a05bf20c4b028b86c33e26aa9e0c,3,0.9163854482771959,84.42073472177447,0.7762267360109648,0.8901658914530702
0ae2a05bf20c4b028b86c33e26aa9e0c,4,0.9163854482767981,101.63960542149034,0.7762267360109649,0.8901658914530702
0ae2a05bf20c4b028b86c33e26aa9e0c,5,0.9163854482767981,91.51804433620563,0.7762267360109648,0.8901658800093832
0af17e65f26647cc99709f7d15944994,1,0.9163854482771959,43.16266503518165,0.7762267360109648,0.890165912643598
0af17e65f26647cc99709f7d15944994,2,0.9163854482767981,27.355823269486258,0.7762267360109649,0.8901658800093831
0af17e65f26647cc99709f7d15944994,3,0.9163854482771959,84.42073472177447,0.7762267360109648,0.8901658914530702
0af17e65f26647cc99709f7d15944994,4,0.9163854482767981,101.63960542149034,0.7762267360109649,0.8901658914530702
0af17e65f26647cc99709f7d15944994,5,0.9163854482767981,91.51804433620563,0.7762267360109648,0.8901658800093832
0b1cc5fa9d8744ddabb84d3ec55b9a97,1,0.9163854482771959,43.16266503518165,0.7762267360109648,0.890165912643598
0b1cc5fa9d8744ddabb84d3ec55b9a97,2,0.9163854482767981,27.355823269486258,0.7762267360109649,0.8901658800093831
0b1cc5fa9d8744ddabb84d3ec55b9a97,3,0.9163854482771959,84.42073472177447,0.7762267360109648,0.8901658914530702
0b1cc5fa9d8744ddabb84d3ec55b9a97,4,0.9163854482767981,101.63960542149034,0.7762267360109649,0.8901658914530702
0b1cc5fa9d8744ddabb84d3ec55b9a97,5,0.9163854482767981,91.51804433620563,0.7762267360109648,0.8901658800093832
0b6168841a3f46bdaa56947d469c79da,1,0.9163854482771959,43.16266503518165,0.7762267360109648,0.890165912643598
0b6168841a3f46bdaa56947d469c79da,2,0.9163854482767981,27.355823269486258,0.7762267360109649,0.8901658800093831
0b6168841a3f46bdaa56947d469c79da,3,0.9163854482771959,84.42073472177447,0.7762267360109648,0.8901658914530702
0b6168841a3f46bdaa56947d469c79da,4,0.9163854482767981,101.63960542149034,0.7762267360109649,0.8901658914530702
0b6168841a3f46bdaa56947d469c79da,5,0.9163854482767981,91.51804433620563,0.7762267360109648,0.8901658800093832
0bba5774d2bd40e48a2d246fdd0b92f5,1,0.9163854482771959,43.16266503518165,0.7762267360109648,0.890165912643598
0bba5774d2bd40e48a2d246fdd0b92f5,2,0.9163854482767981,27.355823269486258,0.7762267360109649,0.8901658800093831
0bba5774d2bd40e48a2d246fdd0b92f5,3,0.9163854482771959,84.42073472177447,0.7762267360109648,0.8901658914530702
0bba5774d2bd40e48a2d246fdd0b92f5,4,0.9163854482767981,101.63960542149034,0.7762267360109649,0.8901658914530702
0bba5774d2bd40e48a2d246fdd0b92f5,5,0.9163854482767981,91.51804433620563,0.7762267360109648,0.8901658800093832
0c5eb9cedea94e2180187a07cb661ceb,1,0.9163854482771959,43.16266503518165,0.7762267360109648,0.890165912643598
0c5eb9cedea94e2180187a07cb661ceb,2,0.9163854482767981,27.355823269486258,0.7762267360109649,0.8901658800093831
0c5eb9cedea94e2180187a07cb661ceb,3,0.9163854482771959,84.42073472177447,0.7762267360109648,0.8901658914530702
0c5eb9cedea94e2180187a07cb661ceb,4,0.9163854482767981,101.63960542149034,0.7762267360109649,0.8901658914530702
0c5eb9cedea94e2180187a07cb661ceb,5,0.9163854482767981,91.51804433620563,0.7762267360109648,0.8901658800093832
0c87b9d50c7f4a2292e337ceb54ec36a,1,0.9163854482771959,43.16266503518165,0.7762267360109648,0.890165912643598
0c87b9d50c7f4a2292e337ceb54ec36a,2,0.9163854482767981,27.355823269486258,0.7762267360109649,0.8901658800093831
0c87b9d50c7f4a2292e337ceb54ec36a,3,0.9163854482771959,84.42073472177447,0.7762267360109648,0.8901658914530702
0c87b9d50c7f4a2292e337ceb54ec36a,4,0.9163854482767981,101.63960542149034,0.7762267360109649,0.8901658914530702
0c87b9d50c7f4a2292e337ceb54ec36a,5,0.9163854482767981,91.51804433620563,0.7762267360109648,0.8901658800093832
0cc862bb5d9f41269631ff62504cfdf9,1,0.9163854482771959,43.16266503518165,0.7762267360109648,0.890165912643598
0cc862bb5d9f41269631ff62504cfdf9,2,0.9163854482767981,27.355823269486258,0.7762267360109649,0.8901658800093831
0cc862bb5d9f41269631ff62504cfdf9,3,0.9163854482771959,84.42073472177447,0.7762267360109648,0.8901658914530702
0cc862bb5d9f41269631ff62504cfdf9,4,0.9163854482767981,101.63960542149034,0.7762267360109649,0.8901658914530702
0cc862bb5d9f41269631ff62504cfdf9,5,0.9163854482767981,91.51804433620563,0.7762267360109648,0.8901658800093832
0e63e1ef419b49278ddc45ec63f69979,1,0.9163854482771959,43.16266503518165,0.7762267360109648,0.890165912643598
0e63e1ef419b49278ddc45ec63f69979,2,0.9163854482767981,27.355823269486258,0.7762267360109649,0.8901658800093831
0e63e1ef419b49278ddc45ec63f69979,3,0.9163854482771959,84.42073472177447,0.7762267360109648,0.8901658914530702
0e63e1ef419b49278ddc45ec63f69979,4,0.9163854482767981,101.63960542149034,0.7762267360109649,0.8901658914530702
0e63e1ef419b49278ddc45ec63f69979,5,0.9163854482767981,91.51804433620563,0.7762267360109648,0.8901658800093832
0e92245b9cac4423810aece64743decd,1,0.9163854482771959,43.16266503518165,0.7762267360109648,0.890165912643598
0e92245b9cac4423810aece64743decd,2,0.9163854482767981,27.355823269486258,0.7762267360109649,0.8901658800093831
0e92245b9cac4423810aece64743decd,3,0.9163854482771959,84.42073472177447,0.7762267360109648,0.8901658914530702
0e92245b9cac4423810aece64743decd,4,0.9163854482767981,101.63960542149034,0.7762267360109649,0.8901658914530702
0e92245b9cac4423810aece64743decd,5,0.9163854482767981,91.51804433620563,0.7762267360109648,0.8901658800093832
0f3d54f4b2b74580a2c1891c1116dc5f,1,0.9163854482771959,43.16266503518165,0.7762267360109648,0.890165912643598
0f3d54f4b2b74580a2c1891c1116dc5f,2,0.9163854482767981,27.355823269486258,0.7762267360109649,0.8901658800093831
0f3d54f4b2b74580a2c1891c1116dc5f,3,0.9163854482771959,84.42073472177447,0.7762267360109648,0.8901658914530702
0f3d54f4b2b74580a2c1891c1116dc5f,4,0.9163854482767981,101.63960542149034,0.7762267360109649,0.8901658914530702
0f3d54f4b2b74580a2c1891c1116dc5f,5,0.9163854482767981,91.51804433620563,0.7762267360109648,0.8901658800093832
0f48025ff969419582312f9a02fd7af0,1,0.9163854482771959,43.16266503518165,0.7762267360109648,0.890165912643598
0f48025ff969419582312f9a02fd7af0,2,0.9163854482767981,27.355823269486258,0.7762267360109649,0.8901658800093831
0f48025ff969419582312f9a02fd7af0,3,0.9163854482771959,84.42073472177447,0.7762267360109648,0.8901658914530702
0f48025ff969419582312f9a02fd7af0,4,0.9163854482767981,101.63960542149034,0.7762267360109649,0.8901658914530702
0f48025ff969419582312f9a02fd7af0,5,0.9163854482767981,91.51804433620563,0.7762267360109648,0.8901658800093832
10edcd93ffa94c2a8cc0bc2e9bcf7eae,1,0.9163854482771959,43.16266503518165,0.7762267360109648,0.890165912643598
10edcd93ffa94c2a8cc0bc2e9bcf7eae,2,0.9163854482767981,27.355823269486258,0.7762267360109649,0.8901658800093831
10edcd93ffa94c2a8cc0bc2e9bcf7eae,3,0.9163854482771959,84.42073472177447,0.7762267360109648,0.8901658914530702
10edcd93ffa94c2a8cc0bc2e9bcf7eae,4,0.9163854482767981,101.63960542149034,0.7762267360109649,0.8901658914530702
10edcd93ffa94c2a8cc0bc2e9bcf7eae,5,0.9163854482767981,91.51804433620563,0.7762267360109648,0.8901658800093832
1175f68a974a45f5b9b6e51c08f1a432,1,0.9163854482771959,43.16266503518165,0.7762267360109648,0.890165912643598
1175f68a974a45f5b9b6e51c08f1a432,2,0.9163854482767981,27.355823269486258,0.7762267360109649,0.8901658800093831
1175f68a974a45f5b9b6e51c08f1a432,3,0.9163854482771959,84.42073472177447,0.7762267360109648,0.8901658914530702
1175f68a974a45f5b9b6e51c08f1a432,4,0.9163854482767981,101.63960542149034,0.7762267360109649,0.8901658914530702
1175f68a974a45f5b9b6e51c08f1a432,5,0.9163854482767981,91.51804433620563,0.7762267360109648,0.8901658800093832
11940acb7fe34046ae965ed2fc1a3359,1,0.9163854482771959,43.16266503518165,0.7762267360109648,0.890165912643598
11940acb7fe34046ae965ed2fc1a3359,2,0.9163854482767981,27.355823269486258,0.7762267360109649,0.8901658800093831
11940acb7fe34046ae965ed2fc1a3359,3,0.9163854482771959,84.42073472177447,0.7762267360109648,0.8901658914530702
11940acb7fe34046ae965ed2fc1a3359,4,0.9163854482767981,101.63960542149034,0.7762267360109649,0.8901658914530702
11940acb7fe34046ae965ed2fc1a3359,5,0.9163854482767981,91.51804433620563,0.7762267360109648,0.8901658800093832
1199736697cb491a899f77c0b75112dd,1,0.9163854482771959,43.16266503518165,0.7762267360109648,0.890165912643598
1199736697cb491a899f77c0b75112dd,2,0.9163854482767981,27.355823269486258,0.7762267360109649,0.8901658800093831
1199736697cb491a899f77c0b75112dd,3,0.9163854482771959,84.42073472177447,0.7762267360109648,0.8901658914530702
1199736697cb491a899f77c0b75112dd,4,0.9163854482767981,101.63960542149034,0.7762267360109649,0.8901658914530702
1199736697cb491a899f77c0b75112dd,5,0.9163854482767981,91.51804433620563,0.7762267360109648,0.8901658800093832
11b4c003677148478409d6a66a65eb0e,1,0.9163854482771959,43.16266503518165,0.7762267360109648,0.890165912643598
11b4c003677148478409d6a66a65eb0e,2,0.9163854482767981,27.355823269486258,0.7762267360109649,0.8901658800093831
11b4c003677148478409d6a66a65eb0e,3,0.9163854482771959,84.42073472177447,0.7762267360109648,0.8901658914530702
11b4c003677148478409d6a66a65eb0e,4,0.9163854482767981,101.63960542149034,0.7762267360109649,0.8901658914530702
11b4c003677148478409d6a66a65eb0e,5,0.9163854482767981,91.51804433620563,0.7762267360109648,0.8901658800093832
12aef634af8944ff86f9a967ccb1608b,1,0.9163854482771959,43.16266503518165,0.7762267360109648,0.890165912643598
12aef634af8944ff86f9a967ccb1608b,2,0.9163854482767981,27.355823269486258,0.7762267360109649,0.8901658800093831
12aef634af8944ff86f9a967ccb1608b,3,0.9163854482771959,84.42073472177447,0.7762267360109648,0.8901658914530702
12aef634af8944ff86f9a967ccb1608b,4,0.9163854482767981,101.63960542149034,0.7762267360109649,0.8901658914530702
12aef634af8944ff86f9a967ccb1608b,5,0.9163854482767981,91.51804433620563,0.7762267360109648,0.8901658800093832
1397ff3d60e04d9aa7b0524d022cf5cf,1,0.9163854482771959,43.16266503518165,0.7762267360109648,0.890165912643598
1397ff3d60e04d9aa7b0524d022cf5cf,2,0.9163854482767981,27.355823269486258,0.7762267360109649,0.8901658800093831
1397ff3d60e04d9aa7b0524d022cf5cf,3,0.9163854482771959,84.42073472177447,0.7762267360109648,0.8901658914530702
1397ff3d60e04d9aa7b0524d022cf5cf,4,0.9163854482767981,101.63960542149034,0.7762267360109649,0.8901658914530702
1397ff3d60e04d9aa7b0524d022cf5cf,5,0.9163854482767981,91.51804433620563,0.7762267360109648,0.8901658800093832
13c868d7ccfa48288730c0e6334a288c,1,0.9163854482771959,43.16266503518165,0.7762267360109648,0.890165912643598
13c868d7ccfa48288730c0e6334a288c,2,0.9163854482767981,27.355823269486258,0.7762267360109649,0.8901658800093831
13c868d7ccfa48288730c0e6334a288c,3,0.9163854482771959,84.42073472177447,0.7762267360109648,0.8901658914530702
13c868d7ccfa48288730c0e6334a288c,4,0.9163854482767981,101.63960542149034,0.7762267360109649,0.8901658914530702
13c868d7ccfa48288730c0e6334a288c,5,0.9163854482767981,91.51804433620563,0.7762267360109648,0.8901658800093832
13d4e5021ab84f30afd31f35c213cccb,1,0.9163854482771959,43.16266503518165,0.7762267360109648,0.890165912643598
13d4e5021ab84f30afd31f35c213cccb,2,0.9163854482767981,27.355823269486258,0.7762267360109649,0.8901658800093831
13d4e5021ab84f30afd31f35c213cccb,3,0.9163854482771959,84.42073472177447,0.7762267360109648,0.8901658914530702
13d4e5021ab84f30afd31f35c213cccb,4,0.9163854482767981,101.63960542149034,0.7762267360109649,0.8901658914530702
13d4e5021ab84f30afd31f35c213cccb,5,0.9163854482767981,91.51804433620563,0.7762267360109648,0.8901658800093832
1420fb72273245db90f1e90ab0bc1724,1,0.9163854482771959,43.16266503518165,0.7762267360109648,0.890165912643598
1420fb72273245db90f1e90ab0bc1724,2,0.9163854482767981,27.355823269486258,0.7762267360109649,0.8901658800093831
1420fb72273245db90f1e90ab0bc1724,3,0.9163854482771959,84.42073472177447,0.7762267360109648,0.8901658914530702
1420fb72273245db90f1e90ab0bc1724,4,0.9163854482767981,101.63960542149034,0.7762267360109649,0.8901658914530702
1420fb72273245db90f1e90ab0bc1724,5,0.9163854482767981,91.51804433620563,0.7762267360109648,0.8901658800093832
15db5f6f195c4995898af1b0ce431f80,1,0.9163854482771959,43.16266503518165,0.7762267360109648,0.890165912643598
15db5f6f195c4995898af1b0ce431f80,2,0.9163854482767981,27.355823269486258,0.7762267360109649,0.8901658800093831
15db5f6f195c4995898af1b0ce431f80,3,0.9163854482771959,84.42073472177447,0.7762267360109648,0.8901658914530702
15db5f6f195c4995898af1b0ce431f80,4,0.9163854482767981,101.63960542149034,0.7762267360109649,0.8901658914530702
15db5f6f195c4995898af1b0ce431f80,5,0.9163854482767981,91.51804433620563,0.7762267360109648,0.8901658800093832
1603ccd8b72e49c1a7074f124b212f0e,1,0.9163854482771959,43.16266503518165,0.7762267360109648,0.890165912643598
1603ccd8b72e49c1a7074f124b212f0e,2,0.9163854482767981,27.355823269486258,0.7762267360109649,0.8901658800093831
1603ccd8b72e49c1a7074f124b212f0e,3,0.9163854482771959,84.42073472177447,0.7762267360109648,0.8901658914530702
1603ccd8b72e49c1a7074f124b212f0e,4,0.9163854482767981,101.63960542149034,0.7762267360109649,0.8901658914530702
1603ccd8b72e49c1a7074f124b212f0e,5,0.9163854482767981,91.51804433620563,0.7762267360109648,0.8901658800093832
16ffa17d84c8467f89403df9ad894301,1,0.9163854482771959,43.16266503518165,0.7762267360109648,0.890165912643598
16ffa17d84c8467f89403df9ad894301,2,0.9163854482767981,27.355823269486258,0.7762267360109649,0.8901658800093831
16ffa17d84c8467f89403df9ad894301,3,0.9163854482771959,84.42073472177447,0.7762267360109648,0.8901658914530702
16ffa17d84c8467f89403df9ad894301,4,0.9163854482767981,101.63960542149034,0.7762267360109649,0.8901658914530702
16ffa17d84c8467f89403df9ad894301,5,0.9163854482767981,91.51804433620563,0.7762267360109648,0.8901658800093832
17092add79b24457ba29f0b35d660072,1,0.9163854482771959,43.16266503518165,0.7762267360109648,0.890165912643598
17092add79b24457ba29f0b35d660072,2,0.9163854482767981,27.355823269486258,0.7762267360109649,0.8901658800093831
17092add79b24457ba29f0b35d660072,3,0.9163854482771959,84.42073472177447,0.7762267360109648,0.8901658914530702
17092add79b24457ba29f0b35d660072,4,0.9163854482767981,101.63960542149034,0.7762267360109649,0.8901658914530702
17092add79b24457ba29f0b35d660072,5,0.9163854482767981,91.51804433620563,0.7762267360109648,0.8901658800093832
179832b0585c415d979f90dced97ae71,1,0.9163854482771959,43.16266503518165,0.7762267360109648,0.890165912643598
179832b0585c415d979f90dced97ae71,2,0.9163854482767981,27.355823269486258,0.7762267360109649,0.8901658800093831
179832b0585c415d979f90dced97ae71,3,0.9163854482771959,84.42073472177447,0.7762267360109648,0.8901658914530702
179832b0585c415d979f90dced97ae71,4,0.9163854482767981,101.63960542149034,0.7762267360109649,0.8901658914530702
179832b0585c415d979f90dced97ae71,5,0.9163854482767981,91.51804433620563,0.7762267360109648,0.8901658800093832
17bc5de2691b43cfb873091778a8de52,1,0.9163854482771959,43.16266503518165,0.7762267360109648,0.890165912643598
17bc5de2691b43cfb873091778a8de52,2,0.9163854482767981,27.355823269486258,0.7762267360109649,0.8901658800093831
17bc5de2691b43cfb873091778a8de52,3,0.9163854482771959,84.42073472177447,0.7762267360109648,0.8901658914530702
17bc5de2691b43cfb873091778a8de52,4,0.9163854482767981,101.63960542149034,0.7762267360109649,0.8901658914530702
17bc5de2691b43cfb873091778a8de52,5,0.9163854482767981,91.51804433620563,0.7762267360109648,0.8901658800093832
18b0f54db566476fb861c8fa187cd8d8,1,0.9163854482771959,43.16266503518165,0.7762267360109648,0.890165912643598
18b0f54db566476fb861c8fa187cd8d8,2,0.9163854482767981,27.355823269486258,0.7762267360109649,0.8901658800093831
18b0f54db566476fb861c8fa187cd8d8,3,0.9163854482771959,84.42073472177447,0.7762267360109648,0.8901658914530702
18b0f54db566476fb861c8fa187cd8d8,4,0.9163854482767981,101.63960542149034,0.7762267360109649,0.8901658914530702
18b0f54db566476fb861c8fa187cd8d8,5,0.9163854482767981,91.51804433620563,0.7762267360109648,0.8901658800093832
1907da7461054e5ba6885302c08c2677,1,0.9163854482771959,43.16266503518165,0.7762267360109648,0.890165912643598
1907da7461054e5ba6885302c08c2677,2,0.9163854482767981,27.355823269486258,0.7762267360109649,0.8901658800093831
1907da7461054e5ba6885302c08c2677,3,0.9163854482771959,84.42073472177447,0.7762267360109648,0.8901658914530702
1907da7461054e5ba6885302c08c2677,4,0.9163854482767981,101.63960542149034,0.7762267360109649,0.8901658914530702
1907da7461054e5ba6885302c08c2677,5,0.9163854482767981,91.51804433620563,0.7762267360109648,0.8901658800093832
191df4fa5f48453d81ede86ed863a3c2,1,0.9163854482771959,43.16266503518165,0.7762267360109648,0.890165912643598
191df4fa5f48453d81ede86ed863a3c2,2,0.9163854482767981,27.355823269486258,0.7762267360109649,0.8901658800093831
191df4fa5f48453d81ede86ed863a3c2,3,0.9163854482771959,84.42073472177447,0.7762267360109648,0.8901658914530702
191df4fa5f48453d81ede86ed863a3c2,4,0.9163854482767981,101.63960542149034,0.7762267360109649,0.8901658914530702
191df4fa5f48453d81ede86ed863a3c2,5,0.9163854482767981,91.51804433620563,0.7762267360109648,0.8901658800093832
193c0e81efc74ed0bd5834586cf3fe8f,1,0.9163854482771959,43.16266503518165,0.7762267360109648,0.890165912643598
193c0e81efc74ed0bd5834586cf3fe8f,2,0.9163854482767981,27.355823269486258,0.7762267360109649,0.8901658800093831
193c0e81efc74ed0bd5834586cf3fe8f,3,0.9163854482771959,84.42073472177447,0.7762267360109648,0.8901658914530702
193c0e81efc74ed0bd5834586cf3fe8f,4,0.9163854482767981,101.63960542149034,0.7762267360109649,0.8901658914530702
193c0e81efc74ed0bd5834586cf3fe8f,5,0.9163854482767981,91.51804433620563,0.7762267360109648,0.8901658800093832
195a37929e644c3dbfbe25de252b0969,1,0.9163854482771959,43.16266503518165,0.7762267360109648,0.890165912643598
195a37929e644c3dbfbe25de252b0969,2,0.9163854482767981,27.355823269486258,0.7762267360109649,0.8901658800093831
195a37929e644c3dbfbe25de252b0969,3,0.9163854482771959,84.42073472177447,0.7762267360109648,0.8901658914530702
195a37929e644c3dbfbe25de252b0969,4,0.9163854482767981,101.63960542149034,0.7762267360109649,0.8901658914530702
195a37929e644c3dbfbe25de252b0969,5,0.9163854482767981,91.51804433620563,0.7762267360109648,0.8901658800093832
1ada36a1a86a4bdaaa106bee7d9ac67d,1,0.9163854482771959,43.16266503518165,0.7762267360109648,0.890165912643598
1ada36a1a86a4bdaaa106bee7d9ac67d,2,0.9163854482767981,27.355823269486258,0.7762267360109649,0.8901658800093831
1ada36a1a86a4bdaaa106bee7d9ac67d,3,0.9163854482771959,84.42073472177447,0.7762267360109648,0.8901658914530702
1ada36a1a86a4bdaaa106bee7d9ac67d,4,0.9163854482767981,101.63960542149034,0.7762267360109649,0.8901658914530702
1ada36a1a86a4bdaaa106bee7d9ac67d,5,0.9163854482767981,91.51804433620563,0.7762267360109648,0.8901658800093832
1b98302c1ed9406a8343b3d39d6c5095,1,0.9163854482771959,43.16266503518165,0.7762267360109648,0.890165912643598
1b98302c1ed9406a8343b3d39d6c5095,2,0.9163854482767981,27.355823269486258,0.7762267360109649,0.8901658800093831
1b98302c1ed9406a8343b3d39d6c5095,3,0.9163854482771959,84.42073472177447,0.7762267360109648,0.8901658914530702
1b98302c1ed9406a8343b3d39d6c5095,4,0.9163854482767981,101.63960542149034,0.7762267360109649,0.8901658914530702
1b98302c1ed9406a8343b3d39d6c5095,5,0.9163854482767981,91.51804433620563,0.7762267360109648,0.8901658800093832
1bbd90606751424ca876f2c94e183784,1,0.9163854482771959,43.16266503518165,0.7762267360109648,0.890165912643598
1bbd90606751424ca876f2c94e183784,2,0.9163854482767981,27.355823269486258,0.7762267360109649,0.8901658800093831
1bbd90606751424ca876f2c94e183784,3,0.9163854482771959,84.42073472177447,0.7762267360109648,0.8901658914530702
1bbd90606751424ca876f2c94e183784,4,0.9163854482767981,101.63960542149034,0.7762267360109649,0.8901658914530702
1bbd90606751424ca876f2c94e183784,5,0.9163854482767981,91.51804433620563,0.7762267360109648,0.8901658800093832
1bc61e7f64a54ccc9f3942b874779522,1,0.9163854482771959,43.16266503518165,0.7762267360109648,0.890165912643598
1bc61e7f64a54ccc9f3942b874779522,2,0.9163854482767981,27.355823269486258,0.7762267360109649,0.8901658800093831
1bc61e7f64a54ccc9f3942b874779522,3,0.9163854482771959,84.42073472177447,0.7762267360109648,0.8901658914530702
1bc61e7f64a54ccc9f3942b874779522,4,0.9163854482767981,101.63960542149034,0.7762267360109649,0.8901658914530702
1bc61e7f64a54ccc9f3942b874779522,5,0.9163854482767981,91.51804433620563,0.7762267360109648,0.8901658800093832
1d29f591697e493387d51a116b895934,1,0.9163854482771959,43.16266503518165,0.7762267360109648,0.890165912643598
1d29f591697e493387d51a116b895934,2,0.9163854482767981,27.355823269486258,0.7762267360109649,0.8901658800093831
1d29f591697e493387d51a116b895934,3,0.9163854482771959,84.42073472177447,0.7762267360109648,0.8901658914530702
1d29f591697e493387d51a116b895934,4,0.9163854482767981,101.63960542149034,0.7762267360109649,0.8901658914530702
1d29f591697e493387d51a116b895934,5,0.9163854482767981,91.51804433620563,0.7762267360109648,0.8901658800093832
1dbcb5f847804c75822615e161505d83,1,0.9163854482771959,43.16266503518165,0.7762267360109648,0.890165912643598
1dbcb5f847804c75822615e161505d83,2,0.9163854482767981,27.355823269486258,0.7762267360109649,0.8901658800093831
1dbcb5f847804c75822615e161505d83,3,0.9163854482771959,84.42073472177447,0.7762267360109648,0.8901658914530702
1dbcb5f847804c75822615e161505d83,4,0.9163854482767981,101.63960542149034,0.7762267360109649,0.8901658914530702
1dbcb5f847804c75822615e161505d83,5,0.9163854482767981,91.51804433620563,0.7762267360109648,0.8901658800093832
1e5929958e9d4fd5b0b8cdeaf2752d01,1,0.9163854482771959,43.16266503518165,0.7762267360109648,0.890165912643598
1e5929958e9d4fd5b0b8cdeaf2752d01,2,0.9163854482767981,27.355823269486258,0.7762267360109649,0.8901658800093831
1e5929958e9d4fd5b0b8cdeaf2752d01,3,0.9163854482771959,84.42073472177447,0.7762267360109648,0.8901658914530702
1e5929958e9d4fd5b0b8cdeaf2752d01,4,0.9163854482767981,101.63960542149034,0.7762267360109649,0.8901658914530702
1e5929958e9d4fd5b0b8cdeaf2752d01,5,0.9163854482767981,91.51804433620563,0.7762267360109648,0.8901658800093832
1ea9f54daa68475d867243576d94e9b5,1,0.9163854482771959,43.16266503518165,0.7762267360109648,0.890165912643598
1ea9f54daa68475d867243576d94e9b5,2,0.9163854482767981,27.355823269486258,0.7762267360109649,0.8901658800093831
1ea9f54daa68475d867243576d94e9b5,3,0.9163854482771959,84.42073472177447,0.7762267360109648,0.8901658914530702
1ea9f54daa68475d867243576d94e9b5,4,0.9163854482767981,101.63960542149034,0.7762267360109649,0.8901658914530702
1ea9f54daa68475d867243576d94e9b5,5,0.9163854482767981,91.51804433620563,0.7762267360109648,0.8901658800093832
1eeefd2d22dd4b6c8ec6fbfa1f885d01,1,0.9163854482771959,43.16266503518165,0.7762267360109648,0.890165912643598
1eeefd2d22dd4b6c8ec6fbfa1f885d01,2,0.9163854482767981,27.355823269486258,0.7762267360109649,0.8901658800093831
1eeefd2d22dd4b6c8ec6fbfa1f885d01,3,0.9163854482771959,84.42073472177447,0.7762267360109648,0.8901658914530702
1eeefd2d22dd4b6c8ec6fbfa1f885d01,4,0.9163854482767981,101.63960542149034,0.7762267360109649,0.8901658914530702
1eeefd2d22dd4b6c8ec6fbfa1f885d01,5,0.9163854482767981,91.51804433620563,0.7762267360109648,0.8901658800093832
1f6c403e514e4d259ecb329543003c3d,1,0.9163854482771959,43.16266503518165,0.7762267360109648,0.890165912643598
1f6c403e514e4d259ecb329543003c3d,2,0.9163854482767981,27.355823269486258,0.7762267360109649,0.8901658800093831
1f6c403e514e4d259ecb329543003c3d,3,0.9163854482771959,84.42073472177447,0.7762267360109648,0.8901658914530702
1f6c403e514e4d259ecb329543003c3d,4,0.9163854482767981,101.63960542149034,0.7762267360109649,0.8901658914530702
1f6c403e514e4d259ecb329543003c3d,5,0.9163854482767981,91.51804433620563,0.7762267360109648,0.8901658800093832
1f899649bb9f4e51a031668b0a97d438,1,0.9163854482771959,43.16266503518165,0.7762267360109648,0.890165912643598
1f899649bb9f4e51a031668b0a97d438,2,0.9163854482767981,27.355823269486258,0.7762267360109649,0.8901658800093831
1f899649bb9f4e51a031668b0a97d438,3,0.9163854482771959,84.42073472177447,0.7762267360109648,0.8901658914530702
1f899649bb9f4e51a031668b0a97d438,4,0.9163854482767981,101.63960542149034,0.7762267360109649,0.8901658914530702
1f899649bb9f4e51a031668b0a97d438,5,0.9163854482767981,91.51804433620563,0.7762267360109648,0.8901658800093832
202304220aef4cac84572ec4a072bf68,1,0.9163854482771959,43.16266503518165,0.7762267360109648,0.890165912643598
202304220aef4cac84572ec4a072bf68,2,0.9163854482767981,27.355823269486258,0.7762267360109649,0.8901658800093831
202304220aef4cac84572ec4a072bf68,3,0.9163854482771959,84.42073472177447,0.7762267360109648,0.8901658914530702
202304220aef4cac84572ec4a072bf68,4,0.9163854482767981,101.63960542149034,0.7762267360109649,0.8901658914530702
202304220aef4cac84572ec4a072bf68,5,0.9163854482767981,91.51804433620563,0.7762267360109648,0.8901658800093832
210f600a968c47e4abeed9c8d25f36bd,1,0.9163854482771959,43.16266503518165,0.7762267360109648,0.890165912643598
210f600a968c47e4abeed9c8d25f36bd,2,0.9163854482767981,27.355823269486258,0.7762267360109649,0.8901658800093831
210f600a968c47e4abeed9c8d25f36bd,3,0.9163854482771959,84.42073472177447,0.7762267360109648,0.8901658914530702
210f600a968c47e4abeed9c8d25f36bd,4,0.9163854482767981,101.63960542149034,0.7762267360109649,0.8901658914530702
210f600a968c47e4abeed9c8d25f36bd,5,0.9163854482767981,91.51804433620563,0.7762267360109648,0.8901658800093832
21228b0cf30745efbf0842c86f34e584,1,0.9163854482771959,43.16266503518165,0.7762267360109648,0.890165912643598
21228b0cf30745efbf0842c86f34e584,2,0.9163854482767981,27.355823269486258,0.7762267360109649,0.8901658800093831
21228b0cf30745efbf0842c86f34e584,3,0.9163854482771959,84.42073472177447,0.7762267360109648,0.8901658914530702
21228b0cf30745efbf0842c86f34e584,4,0.9163854482767981,101.63960542149034,0.7762267360109649,0.8901658914530702
21228b0cf30745efbf0842c86f34e584,5,0.9163854482767981,91.51804433620563,0.7762267360109648,0.8901658800093832
2242ba8057ed45c998208ca71cd13b3e,1,0.9163854482771959,43.16266503518165,0.7762267360109648,0.890165912643598
2242ba8057ed45c998208ca71cd13b3e,2,0.9163854482767981,27.355823269486258,0.7762267360109649,0.8901658800093831
2242ba8057ed45c998208ca71cd13b3e,3,0.9163854482771959,84.42073472177447,0.7762267360109648,0.8901658914530702
2242ba8057ed45c998208ca71cd13b3e,4,0.9163854482767981,101.63960542149034,0.7762267360109649,0.8901658914530702
2242ba8057ed45c998208ca71cd13b3e,5,0.9163854482767981,91.51804433620563,0.7762267360109648,0.8901658800093832
229df31da28c4d3390d6ae1fef2867e0,1,0.9163854482771959,43.16266503518165,0.7762267360109648,0.890165912643598
229df31da28c4d3390d6ae1fef2867e0,2,0.9163854482767981,27.355823269486258,0.7762267360109649,0.8901658800093831
229df31da28c4d3390d6ae1fef2867e0,3,0.9163854482771959,84.42073472177447,0.7762267360109648,0.8901658914530702
229df31da28c4d3390d6ae1fef2867e0,4,0.9163854482767981,101.63960542149034,0.7762267360109649,0.8901658914530702
229df31da28c4d3390d6ae1fef2867e0,5,0.9163854482767981,91.51804433620563,0.7762267360109648,0.8901658800093832
22a62914e48948cbb93a08364e3d650c,1,0.9163854482771959,43.16266503518165,0.7762267360109648,0.890165912643598
22a62914e48948cbb93a08364e3d650c,2,0.9163854482767981,27.355823269486258,0.7762267360109649,0.8901658800093831
22a62914e48948cbb93a08364e3d650c,3,0.9163854482771959,84.42073472177447,0.7762267360109648,0.8901658914530702
22a62914e48948cbb93a08364e3d650c,4,0.9163854482767981,101.63960542149034,0.7762267360109649,0.8901658914530702
22a62914e48948cbb93a08364e3d650c,5,0.9163854482767981,91.51804433620563,0.7762267360109648,0.8901658800093832
2408f7b6d1d64b9ca70b14a84dee8d84,1,0.9163854482771959,43.16266503518165,0.7762267360109648,0.890165912643598
2408f7b6d1d64b9ca70b14a84dee8d84,2,0.9163854482767981,27.355823269486258,0.7762267360109649,0.8901658800093831
2408f7b6d1d64b9ca70b14a84dee8d84,3,0.9163854482771959,84.42073472177447,0.7762267360109648,0.8901658914530702
2408f7b6d1d64b9ca70b14a84dee8d84,4,0.9163854482767981,101.63960542149034,0.7762267360109649,0.8901658914530702
2408f7b6d1d64b9ca70b14a84dee8d84,5,0.9163854482767981,91.51804433620563,0.7762267360109648,0.8901658800093832
24a0d4520d444db7980f3737950f2a5c,1,0.9163854482771959,43.16266503518165,0.7762267360109648,0.890165912643598
24a0d4520d444db7980f3737950f2a5c,2,0.9163854482767981,27.355823269486258,0.7762267360109649,0.8901658800093831
24a0d4520d444db7980f3737950f2a5c,3,0.9163854482771959,84.42073472177447,0.7762267360109648,0.8901658914530702
24a0d4520d444db7980f3737950f2a5c,4,0.9163854482767981,101.63960542149034,0.7762267360109649,0.8901658914530702
24a0d4520d444db7980f3737950f2a5c,5,0.9163854482767981,91.51804433620563,0.7762267360109648,0.8901658800093832
2570d5ef94e740e9bd85d42e6b8c59f6,1,0.9163854482771959,43.16266503518165,0.7762267360109648,0.890165912643598
2570d5ef94e740e9bd85d42e6b8c59f6,2,0.9163854482767981,27.355823269486258,0.7762267360109649,0.8901658800093831
2570d5ef94e740e9bd85d42e6b8c59f6,3,0.9163854482771959,84.42073472177447,0.7762267360109648,0.8901658914530702
2570d5ef94e740e9bd85d42e6b8c59f6,4,0.9163854482767981,101.63960542149034,0.7762267360109649,0.8901658914530702
2570d5ef94e740e9bd85d42e6b8c59f6,5,0.9163854482767981,91.51804433620563,0.7762267360109648,0.8901658800093832
25b1735633484414aef07006a0099c26,1,0.9163854482771959,43.16266503518165,0.7762267360109648,0.890165912643598
25b1735633484414aef07006a0099c26,2,0.9163854482767981,27.355823269486258,0.7762267360109649,0.8901658800093831
25b1735633484414aef07006a0099c26,3,0.9163854482771959,84.42073472177447,0.7762267360109648,0.8901658914530702
25b1735633484414aef07006a0099c26,4,0.9163854482767981,101.63960542149034,0.7762267360109649,0.8901658914530702
25b1735633484414aef07006a0099c26,5,0.9163854482767981,91.51804433620563,0.7762267360109648,0.8901658800093832
25b74c8c02ef41f6bdb3dc2b097c6eee,1,0.9163854482771959,43.16266503518165,0.7762267360109648,0.890165912643598
25b74c8c02ef41f6bdb3dc2b097c6eee,2,0.9163854482767981,27.355823269486258,0.7762267360109649,0.8901658800093831
25b74c8c02ef41f6bdb3dc2b097c6eee,3,0.9163854482771959,84.42073472177447,0.7762267360109648,0.8901658914530702
25b74c8c02ef41f6bdb3dc2b097c6eee,4,0.9163854482767981,101.63960542149034,0.7762267360109649,0.8901658914530702
25b74c8c02ef41f6bdb3dc2b097c6eee,5,0.9163854482767981,91.51804433620563,0.7762267360109648,0.8901658800093832
260151f2360c484e8c0a5034ff391021,1,0.9163854482771959,43.16266503518165,0.7762267360109648,0.890165912643598
260151f2360c484e8c0a5034ff391021,2,0.9163854482767981,27.355823269486258,0.7762267360109649,0.8901658800093831
260151f2360c484e8c0a5034ff391021,3,0.9163854482771959,84.42073472177447,0.7762267360109648,0.8901658914530702
260151f2360c484e8c0a5034ff391021,4,0.9163854482767981,101.63960542149034,0.7762267360109649,0.8901658914530702
260151f2360c484e8c0a5034ff391021,5,0.9163854482767981,91.51804433620563,0.7762267360109648,0.8901658800093832
273a3aa035784eacb89db08c1a0710bf,1,0.9163854482771959,43.16266503518165,0.7762267360109648,0.890165912643598
273a3aa035784eacb89db08c1a0710bf,2,0.9163854482767981,27.355823269486258,0.7762267360109649,0.8901658800093831
273a3aa035784eacb89db08c1a0710bf,3,0.9163854482771959,84.42073472177447,0.7762267360109648,0.8901658914530702
273a3aa035784eacb89db08c1a0710bf,4,0.9163854482767981,101.63960542149034,0.7762267360109649,0.8901658914530702
273a3aa035784eacb89db08c1a0710bf,5,0.9163854482767981,91.51804433620563,0.7762267360109648,0.8901658800093832
276f390b0cfc475898b445466d387cf6,1,0.9163854482771959,43.16266503518165,0.7762267360109648,0.890165912643598
276f390b0cfc475898b445466d387cf6,2,0.9163854482767981,27.355823269486258,0.7762267360109649,0.8901658800093831
276f390b0cfc475898b445466d387cf6,3,0.9163854482771959,84.42073472177447,0.7762267360109648,0.8901658914530702
276f390b0cfc475898b445466d387cf6,4,0.9163854482767981,101.63960542149034,0.7762267360109649,0.8901658914530702
276f390b0cfc475898b445466d387cf6,5,0.9163854482767981,91.51804433620563,0.7762267360109648,0.8901658800093832
27b4f79643cb40ae8cdde5d5a9adebf1,1,0.9163854482771959,43.16266503518165,0.7762267360109648,0.890165912643598
27b4f79643cb40ae8cdde5d5a9adebf1,2,0.9163854482767981,27.355823269486258,0.7762267360109649,0.8901658800093831
27b4f79643cb40ae8cdde5d5a9adebf1,3,0.9163854482771959,84.42073472177447,0.7762267360109648,0.8901658914530702
27b4f79643cb40ae8cdde5d5a9adebf1,4,0.9163854482767981,101.63960542149034,0.7762267360109649,0.8901658914530702
27b4f79643cb40ae8cdde5d5a9adebf1,5,0.9163854482767981,91.51804433620563,0.7762267360109648,0.8901658800093832
285fbc3ac47c47dead4bae4f21dbf966,1,0.9163854482771959,43.16266503518165,0.7762267360109648,0.890165912643598
285fbc3ac47c47dead4bae4f21dbf966,2,0.9163854482767981,27.355823269486258,0.7762267360109649,0.8901658800093831
285fbc3ac47c47dead4bae4f21dbf966,3,0.9163854482771959,84.42073472177447,0.7762267360109648,0.8901658914530702
285fbc3ac47c47dead4bae4f21dbf966,4,0.9163854482767981,101.63960542149034,0.7762267360109649,0.8901658914530702
285fbc3ac47c47dead4bae4f21dbf966,5,0.9163854482767981,91.51804433620563,0.7762267360109648,0.8901658800093832
28e9c03735124472877f9f4741a74d78,1,0.9163854482771959,43.16266503518165,0.7762267360109648,0.890165912643598
28e9c03735124472877f9f4741a74d78,2,0.9163854482767981,27.355823269486258,0.7762267360109649,0.8901658800093831
28e9c03735124472877f9f4741a74d78,3,0.9163854482771959,84.42073472177447,0.7762267360109648,0.8901658914530702
28e9c03735124472877f9f4741a74d78,4,0.9163854482767981,101.63960542149034,0.7762267360109649,0.8901658914530702
28e9c03735124472877f9f4741a74d78,5,0.9163854482767981,91.51804433620563,0.7762267360109648,0.8901658800093832
28f3639867884b1ab9357e990899d9d6,1,0.9163854482771959,43.16266503518165,0.7762267360109648,0.890165912643598
28f3639867884b1ab9357e990899d9d6,2,0.9163854482767981,27.355823269486258,0.7762267360109649,0.8901658800093831
28f3639867884b1ab9357e990899d9d6,3,0.9163854482771959,84.42073472177447,0.7762267360109648,0.8901658914530702
28f3639867884b1ab9357e990899d9d6,4,0.9163854482767981,101.63960542149034,0.7762267360109649,0.8901658914530702
28f3639867884b1ab9357e990899d9d6,5,0.9163854482767981,91.51804433620563,0.7762267360109648,0.8901658800093832
2989fed94cf84cc8bddefad13d208932,1,0.9163854482771959,43.16266503518165,0.7762267360109648,0.890165912643598
2989fed94cf84cc8bddefad13d208932,2,0.9163854482767981,27.355823269486258,0.7762267360109649,0.8901658800093831
2989fed94cf84cc8bddefad13d208932,3,0.9163854482771959,84.42073472177447,0.7762267360109648,0.8901658914530702
2989fed94cf84cc8bddefad13d208932,4,0.9163854482767981,101.63960542149034,0.7762267360109649,0.8901658914530702
2989fed94cf84cc8bddefad13d208932,5,0.9163854482767981,91.51804433620563,0.7762267360109648,0.8901658800093832
29bc29d28a574da5a81e51a7bdccc563,1,0.9163854482771959,43.16266503518165,0.7762267360109648,0.890165912643598
29bc29d28a574da5a81e51a7bdccc563,2,0.9163854482767981,27.355823269486258,0.7762267360109649,0.8901658800093831
29bc29d28a574da5a81e51a7bdccc563,3,0.9163854482771959,84.42073472177447,0.7762267360109648,0.8901658914530702
29bc29d28a574da5a81e51a7bdccc563,4,0.9163854482767981,101.63960542149034,0.7762267360109649,0.8901658914530702
29bc29d28a574da5a81e51a7bdccc563,5,0.9163854482767981,91.51804433620563,0.7762267360109648,0.8901658800093832
29dd1b62f2a74a1f85cad5fede2fc423,1,0.9163854482771959,43.16266503518165,0.7762267360109648,0.890165912643598
29dd1b62f2a74a1f85cad5fede2fc423,2,0.9163854482767981,27.355823269486258,0.7762267360109649,0.8901658800093831
29dd1b62f2a74a1f85cad5fede2fc423,3,0.9163854482771959,84.42073472177447,0.7762267360109648,0.8901658914530702
29dd1b62f2a74a1f85cad5fede2fc423,4,0.9163854482767981,101.63960542149034,0.7762267360109649,0.8901658914530702
29dd1b62f2a74a1f85cad5fede2fc423,5,0.9163854482767981,91.51804433620563,0.7762267360109648,0.8901658800093832
29dfbc6436484061ba94690407c5f8fd,1,0.9163854482771959,43.16266503518165,0.7762267360109648,0.890165912643598
29dfbc6436484061ba94690407c5f8fd,2,0.9163854482767981,27.355823269486258,0.7762267360109649,0.8901658800093831
29dfbc6436484061ba94690407c5f8fd,3,0.9163854482771959,84.42073472177447,0.7762267360109648,0.8901658914530702
29dfbc6436484061ba94690407c5f8fd,4,0.9163854482767981,101.63960542149034,0.7762267360109649,0.8901658914530702
29dfbc6436484061ba94690407c5f8fd,5,0.9163854482767981,91.51804433620563,0.7762267360109648,0.8901658800093832
2a37df8f84254af1aa4fca1efdbc4fe7,1,0.9163854482771959,43.16266503518165,0.7762267360109648,0.890165912643598
2a37df8f84254af1aa4fca1efdbc4fe7,2,0.9163854482767981,27.355823269486258,0.7762267360109649,0.8901658800093831
2a37df8f84254af1aa4fca1efdbc4fe7,3,0.9163854482771959,84.42073472177447,0.7762267360109648,0.8901658914530702
2a37df8f84254af1aa4fca1efdbc4fe7,4,0.9163854482767981,101.63960542149034,0.7762267360109649,0.8901658914530702
2a37df8f84254af1aa4fca1efdbc4fe7,5,0.9163854482767981,91.51804433620563,0.7762267360109648,0.8901658800093832
2b59a3b183004c3c860337ceb41750c8,1,0.9163854482771959,43.16266503518165,0.7762267360109648,0.890165912643598
2b59a3b183004c3c860337ceb41750c8,2,0.9163854482767981,27.355823269486258,0.7762267360109649,0.8901658800093831
2b59a3b183004c3c860337ceb41750c8,3,0.9163854482771959,84.42073472177447,0.7762267360109648,0.8901658914530702
2b59a3b183004c3c860337ceb41750c8,4,0.9163854482767981,101.63960542149034,0.7762267360109649,0.8901658914530702
2b59a3b183004c3c860337ceb41750c8,5,0.9163854482767981,91.51804433620563,0.7762267360109648,0.8901658800093832
2be296fc2d684166b4e0dcbe84d92337,1,0.9163854482771959,43.16266503518165,0.7762267360109648,0.890165912643598
2be296fc2d684166b4e0dcbe84d92337,2,0.9163854482767981,27.355823269486258,0.7762267360109649,0.8901658800093831
2be296fc2d684166b4e0dcbe84d92337,3,0.9163854482771959,84.42073472177447,0.7762267360109648,0.8901658914530702
2be296fc2d684166b4e0dcbe84d92337,4,0.9163854482767981,101.63960542149034,0.7762267360109649,0.8901658914530702
2be296fc2d684166b4e0dcbe84d92337,5,0.9163854482767981,91.51804433620563,0.7762267360109648,0.8901658800093832
2c0aa3bfb16540fba4ba538a8c67f3b3,1,0.9163854482771959,43.16266503518165,0.7762267360109648,0.890165912643598
2c0aa3bfb16540fba4ba538a8c67f3b3,2,0.9163854482767981,27.355823269486258,0.7762267360109649,0.8901658800093831
2c0aa3bfb16540fba4ba538a8c67f3b3,3,0.9163854482771959,84.42073472177447,0.7762267360109648,0.8901658914530702
2c0aa3bfb16540fba4ba538a8c67f3b3,4,0.9163854482767981,101.63960542149034,0.7762267360109649,0.8901658914530702
2c0aa3bfb16540fba4ba538a8c67f3b3,5,0.9163854482767981,91.51804433620563,0.7762267360109648,0.8901658800093832
2c3da301c24245ce9b25ce41e44a5b35,1,0.9163854482771959,43.16266503518165,0.7762267360109648,0.890165912643598
2c3da301c24245ce9b25ce41e44a5b35,2,0.9163854482767981,27.355823269486258,0.7762267360109649,0.8901658800093831
2c3da301c24245ce9b25ce41e44a5b35,3,0.9163854482771959,84.42073472177447,0.7762267360109648,0.8901658914530702
2c3da301c24245ce9b25ce41e44a5b35,4,0.9163854482767981,101.63960542149034,0.7762267360109649,0.8901658914530702
2c3da301c24245ce9b25ce41e44a5b35,5,0.9163854482767981,91.51804433620563,0.7762267360109648,0.8901658800093832
2c60afeb98c3492f8007ac509de7698b,1,0.9163854482771959,43.16266503518165,0.7762267360109648,0.890165912643598
2c60afeb98c3492f8007ac509de7698b,2,0.9163854482767981,27.355823269486258,0.7762267360109649,0.8901658800093831
2c60afeb98c3492f8007ac509de7698b,3,0.9163854482771959,84.42073472177447,0.7762267360109648,0.8901658914530702
2c60afeb98c3492f8007ac509de7698b,4,0.9163854482767981,101.63960542149034,0.7762267360109649,0.8901658914530702
2c60afeb98c3492f8007ac509de7698b,5,0.9163854482767981,91.51804433620563,0.7762267360109648,0.8901658800093832
2c6ce38f887f4373ae8f065210b7e9ee,1,0.9163854482771959,43.16266503518165,0.7762267360109648,0.890165912643598
2c6ce38f887f4373ae8f065210b7e9ee,2,0.9163854482767981,27.355823269486258,0.7762267360109649,0.8901658800093831
2c6ce38f887f4373ae8f065210b7e9ee,3,0.9163854482771959,84.42073472177447,0.7762267360109648,0.8901658914530702
2c6ce38f887f4373ae8f065210b7e9ee,4,0.9163854482767981,101.63960542149034,0.7762267360109649,0.8901658914530702
2c6ce38f887f4373ae8f065210b7e9ee,5,0.9163854482767981,91.51804433620563,0.7762267360109648,0.8901658800093832
2c886582d8a94d5d9994de58b51911eb,1,0.9163854482771959,43.16266503518165,0.7762267360109648,0.890165912643598
2c886582d8a94d5d9994de58b51911eb,2,0.9163854482767981,27.355823269486258,0.7762267360109649,0.8901658800093831
2c886582d8a94d5d9994de58b51911eb,3,0.9163854482771959,84.42073472177447,0.7762267360109648,0.8901658914530702
2c886582d8a94d5d9994de58b51911eb,4,0.9163854482767981,101.63960542149034,0.7762267360109649,0.8901658914530702
2c886582d8a94d5d9994de58b51911eb,5,0.9163854482767981,91.51804433620563,0.7762267360109648,0.8901658800093832
2cdb6470844d4daba89365be8ad30f14,1,0.9163854482771959,43.16266503518165,0.7762267360109648,0.890165912643598
2cdb6470844d4daba89365be8ad30f14,2,0.9163854482767981,27.355823269486258,0.7762267360109649,0.8901658800093831
2cdb6470844d4daba89365be8ad30f14,3,0.9163854482771959,84.42073472177447,0.7762267360109648,0.8901658914530702
2cdb6470844d4daba89365be8ad30f14,4,0.9163854482767981,101.63960542149034,0.7762267360109649,0.8901658914530702
2cdb6470844d4daba89365be8ad30f14,5,0.9163854482767981,91.51804433620563,0.7762267360109648,0.8901658800093832
2cf849fec80647928b7638ef08e602f4,1,0.9163854482771959,43.16266503518165,0.7762267360109648,0.890165912643598
2cf849fec80647928b7638ef08e602f4,2,0.9163854482767981,27.355823269486258,0.7762267360109649,0.8901658800093831
2cf849fec80647928b7638ef08e602f4,3,0.9163854482771959,84.42073472177447,0.7762267360109648,0.8901658914530702
2cf849fec80647928b7638ef08e602f4,4,0.9163854482767981,101.63960542149034,0.7762267360109649,0.8901658914530702
2cf849fec80647928b7638ef08e602f4,5,0.9163854482767981,91.51804433620563,0.7762267360109648,0.8901658800093832
2d0280394a11463a9bf5b6ef8a1659a1,1,0.9163854482771959,43.16266503518165,0.7762267360109648,0.890165912643598
2d0280394a11463a9bf5b6ef8a1659a1,2,0.9163854482767981,27.355823269486258,0.7762267360109649,0.8901658800093831
2d0280394a11463a9bf5b6ef8a1659a1,3,0.9163854482771959,84.42073472177447,0.7762267360109648,0.8901658914530702
2d0280394a11463a9bf5b6ef8a1659a1,4,0.9163854482767981,101.63960542149034,0.7762267360109649,0.8901658914530702
2d0280394a11463a9bf5b6ef8a1659a1,5,0.9163854482767981,91.51804433620563,0.7762267360109648,0.8901658800093832
2d514ed8cabb4519b0e376bd0950115e,1,0.9163854482771959,43.16266503518165,0.7762267360109648,0.890165912643598
2d514ed8cabb4519b0e376bd0950115e,2,0.9163854482767981,27.355823269486258,0.7762267360109649,0.8901658800093831
2d514ed8cabb4519b0e376bd0950115e,3,0.9163854482771959,84.42073472177447,0.7762267360109648,0.8901658914530702
2d514ed8cabb4519b0e376bd0950115e,4,0.9163854482767981,101.63960542149034,0.7762267360109649,0.8901658914530702
2d514ed8cabb4519b0e376bd0950115e,5,0.9163854482767981,91.51804433620563,0.7762267360109648,0.8901658800093832
2d6cf5ded8634930b65314a62150bc6f,1,0.9163854482771959,43.16266503518165,0.7762267360109648,0.890165912643598
2d6cf5ded8634930b65314a62150bc6f,2,0.9163854482767981,27.355823269486258,0.7762267360109649,0.8901658800093831
2d6cf5ded8634930b65314a62150bc6f,3,0.9163854482771959,84.42073472177447,0.7762267360109648,0.8901658914530702
2d6cf5ded8634930b65314a62150bc6f,4,0.9163854482767981,101.63960542149034,0.7762267360109649,0.8901658914530702
2d6cf5ded8634930b65314a62150bc6f,5,0.9163854482767981,91.51804433620563,0.7762267360109648,0.8901658800093832
2d8059066be34f61af4776f23f00640c,1,0.9163854482771959,43.16266503518165,0.7762267360109648,0.890165912643598
2d8059066be34f61af4776f23f00640c,2,0.9163854482767981,27.355823269486258,0.7762267360109649,0.8901658800093831
2d8059066be34f61af4776f23f00640c,3,0.9163854482771959,84.42073472177447,0.7762267360109648,0.8901658914530702
2d8059066be34f61af4776f23f00640c,4,0.9163854482767981,101.63960542149034,0.7762267360109649,0.8901658914530702
2d8059066be34f61af4776f23f00640c,5,0.9163854482767981,91.51804433620563,0.7762267360109648,0.8901658800093832
2d82e08ea31549a99aa03ac6511613c6,1,0.9163854482771959,43.16266503518165,0.7762267360109648,0.890165912643598
2d82e08ea31549a99aa03ac6511613c6,2,0.9163854482767981,27.355823269486258,0.7762267360109649,0.8901658800093831
2d82e08ea31549a99aa03ac6511613c6,3,0.9163854482771959,84.42073472177447,0.7762267360109648,0.8901658914530702
2d82e08ea31549a99aa03ac6511613c6,4,0.9163854482767981,101.63960542149034,0.7762267360109649,0.8901658914530702
2d82e08ea31549a99aa03ac6511613c6,5,0.9163854482767981,91.51804433620563,0.7762267360109648,0.8901658800093832
2dfa3a4d58a442bb9abbf1f7beb2e5e6,1,0.9163854482771959,43.16266503518165,0.7762267360109648,0.890165912643598
2dfa3a4d58a442bb9abbf1f7beb2e5e6,2,0.9163854482767981,27.355823269486258,0.7762267360109649,0.8901658800093831
2dfa3a4d58a442bb9abbf1f7beb2e5e6,3,0.9163854482771959,84.42073472177447,0.7762267360109648,0.8901658914530702
2dfa3a4d58a442bb9abbf1f7beb2e5e6,4,0.9163854482767981,101.63960542149034,0.7762267360109649,0.8901658914530702
2dfa3a4d58a442bb9abbf1f7beb2e5e6,5,0.9163854482767981,91.51804433620563,0.7762267360109648,0.8901658800093832
2f761f9165384a0e8f51abafd1247e35,1,0.9163854482771959,43.16266503518165,0.7762267360109648,0.890165912643598
2f761f9165384a0e8f51abafd1247e35,2,0.9163854482767981,27.355823269486258,0.7762267360109649,0.8901658800093831
2f761f9165384a0e8f51abafd1247e35,3,0.9163854482771959,84.42073472177447,0.7762267360109648,0.8901658914530702
2f761f9165384a0e8f51abafd1247e35,4,0.9163854482767981,101.63960542149034,0.7762267360109649,0.8901658914530702
2f761f9165384a0e8f51abafd1247e35,5,0.9163854482767981,91.51804433620563,0.7762267360109648,0.8901658800093832
2fd7a41706254e6cb2c24467a5ca0370,1,0.9163854482771959,43.16266503518165,0.7762267360109648,0.890165912643598
2fd7a41706254e6cb2c24467a5ca0370,2,0.9163854482767981,27.355823269486258,0.7762267360109649,0.8901658800093831
2fd7a41706254e6cb2c24467a5ca0370,3,0.9163854482771959,84.42073472177447,0.7762267360109648,0.8901658914530702
2fd7a41706254e6cb2c24467a5ca0370,4,0.9163854482767981,101.63960542149034,0.7762267360109649,0.8901658914530702
2fd7a41706254e6cb2c24467a5ca0370,5,0.9163854482767981,91.51804433620563,0.7762267360109648,0.8901658800093832
3050967715914e7791ae4a1d47551822,1,0.9163854482771959,43.16266503518165,0.7762267360109648,0.890165912643598
3050967715914e7791ae4a1d47551822,2,0.9163854482767981,27.355823269486258,0.7762267360109649,0.8901658800093831
3050967715914e7791ae4a1d47551822,3,0.9163854482771959,84.42073472177447,0.7762267360109648,0.8901658914530702
3050967715914e7791ae4a1d47551822,4,0.9163854482767981,101.63960542149034,0.7762267360109649,0.8901658914530702
3050967715914e7791ae4a1d47551822,5,0.9163854482767981,91.51804433620563,0.7762267360109648,0.8901658800093832
308472c7daa94a4fbb44be3a345a879a,1,0.9163854482771959,43.16266503518165,0.7762267360109648,0.890165912643598
308472c7daa94a4fbb44be3a345a879a,2,0.9163854482767981,27.355823269486258,0.7762267360109649,0.8901658800093831
308472c7daa94a4fbb44be3a345a879a,3,0.9163854482771959,84.42073472177447,0.7762267360109648,0.8901658914530702
308472c7daa94a4fbb44be3a345a879a,4,0.9163854482767981,101.63960542149034,0.7762267360109649,0.8901658914530702
308472c7daa94a4fbb44be3a345a879a,5,0.9163854482767981,91.51804433620563,0.7762267360109648,0.8901658800093832
3098fe550c534448adf2e2844e06950d,1,0.9163854482771959,43.16266503518165,0.7762267360109648,0.890165912643598
3098fe550c534448adf2e2844e06950d,2,0.9163854482767981,27.355823269486258,0.7762267360109649,0.8901658800093831
3098fe550c534448adf2e2844e06950d,3,0.9163854482771959,84.42073472177447,0.7762267360109648,0.8901658914530702
3098fe550c534448adf2e2844e06950d,4,0.9163854482767981,101.63960542149034,0.7762267360109649,0.8901658914530702
3098fe550c534448adf2e2844e06950d,5,0.9163854482767981,91.51804433620563,0.7762267360109648,0.8901658800093832
31260ec93c914a0ea7835850db66e445,1,0.9163854482771959,43.16266503518165,0.7762267360109648,0.890165912643598
31260ec93c914a0ea7835850db66e445,2,0.9163854482767981,27.355823269486258,0.7762267360109649,0.8901658800093831
31260ec93c914a0ea7835850db66e445,3,0.9163854482771959,84.42073472177447,0.7762267360109648,0.8901658914530702
31260ec93c914a0ea7835850db66e445,4,0.9163854482767981,101.63960542149034,0.7762267360109649,0.8901658914530702
31260ec93c914a0ea7835850db66e445,5,0.9163854482767981,91.51804433620563,0.7762267360109648,0.8901658800093832
319376f14ac644759cc5f8fae239d6be,1,0.9163854482771959,43.16266503518165,0.7762267360109648,0.890165912643598
319376f14ac644759cc5f8fae239d6be,2,0.9163854482767981,27.355823269486258,0.7762267360109649,0.8901658800093831
319376f14ac644759cc5f8fae239d6be,3,0.9163854482771959,84.42073472177447,0.7762267360109648,0.8901658914530702
319376f14ac644759cc5f8fae239d6be,4,0.9163854482767981,101.63960542149034,0.7762267360109649,0.8901658914530702
319376f14ac644759cc5f8fae239d6be,5,0.9163854482767981,91.51804433620563,0.7762267360109648,0.8901658800093832
31aa0fb227cb47b1897084a9d23aa10f,1,0.9163854482771959,43.16266503518165,0.7762267360109648,0.890165912643598
31aa0fb227cb47b1897084a9d23aa10f,2,0.9163854482767981,27.355823269486258,0.7762267360109649,0.8901658800093831
31aa0fb227cb47b1897084a9d23aa10f,3,0.9163854482771959,84.42073472177447,0.7762267360109648,0.8901658914530702
31aa0fb227cb47b1897084a9d23aa10f,4,0.9163854482767981,101.63960542149034,0.7762267360109649,0.8901658914530702
31aa0fb227cb47b1897084a9d23aa10f,5,0.9163854482767981,91.51804433620563,0.7762267360109648,0.8901658800093832
322dc0a758414cd2932ad3bd3d78c678,1,0.9163854482771959,43.16266503518165,0.7762267360109648,0.890165912643598
322dc0a758414cd2932ad3bd3d78c678,2,0.9163854482767981,27.355823269486258,0.7762267360109649,0.8901658800093831
322dc0a758414cd2932ad3bd3d78c678,3,0.9163854482771959,84.42073472177447,0.7762267360109648,0.8901658914530702
322dc0a758414cd2932ad3bd3d78c678,4,0.9163854482767981,101.63960542149034,0.7762267360109649,0.8901658914530702
322dc0a758414cd2932ad3bd3d78c678,5,0.9163854482767981,91.51804433620563,0.7762267360109648,0.8901658800093832
3338cda4fe694bc8869b7c587c078246,1,0.9163854482771959,43.16266503518165,0.7762267360109648,0.890165912643598
3338cda4fe694bc8869b7c587c078246,2,0.9163854482767981,27.355823269486258,0.7762267360109649,0.8901658800093831
3338cda4fe694bc8869b7c587c078246,3,0.9163854482771959,84.42073472177447,0.7762267360109648,0.8901658914530702
3338cda4fe694bc8869b7c587c078246,4,0.9163854482767981,101.63960542149034,0.7762267360109649,0.8901658914530702
3338cda4fe694bc8869b7c587c078246,5,0.9163854482767981,91.51804433620563,0.7762267360109648,0.8901658800093832
3354476a318444a88d29eb0105f69289,1,0.9163854482771959,43.16266503518165,0.7762267360109648,0.890165912643598
3354476a318444a88d29eb0105f69289,2,0.9163854482767981,27.355823269486258,0.7762267360109649,0.8901658800093831
3354476a318444a88d29eb0105f69289,3,0.9163854482771959,84.42073472177447,0.7762267360109648,0.8901658914530702
3354476a318444a88d29eb0105f69289,4,0.9163854482767981,101.63960542149034,0.7762267360109649,0.8901658914530702
3354476a318444a88d29eb0105f69289,5,0.9163854482767981,91.51804433620563,0.7762267360109648,0.8901658800093832
