scene,N,subset,lambda_min_eff,logdet_eff,a_opt_eff,si_mae_A,ho_psnr
cube,3,"5,6,20",0.24902953692487634,-1209.0979611643518,1.880411945217039,0.0030044643208384514,19.438029340709406
cube,3,"10,20,24",0.08461958257606607,-2779.6705622098702,5.041011448233291,0.00503262784332037,17.392249896726156
cube,3,"11,28,31",0.04632361418011272,-3661.6362398547135,9.067571395860671,0.018828025087714195,15.561940035775589
cube,3,"12,13,30",0.2399015570995765,-1083.9156786692392,1.8607645906978827,0.003032639855518937,20.345157029253276
cube,3,"5,9,27",0.24883490147622292,-1117.5713261339042,1.8357815599403937,0.0030054054223001003,19.533152712324274
cube,3,"7,28,31",0.021630759605008463,-4923.266656510457,19.329361652580765,0.03100636415183544,14.370506489323683
cube,3,"8,13,29",0.5643851002622593,285.89560246127087,0.8710816556147651,0.004554261919111013,22.859971899087906
cube,3,"5,25,30",0.24902953692487634,-980.0610510358379,1.7849069937404525,0.0030057935509830713,19.686710298020273
cube,3,"9,11,22",0.02469285457510426,-4859.793151989413,17.033849789612074,0.019432397559285164,14.374661235709652
cube,3,"13,14,22",0.2399015570995765,-1126.0930533180508,1.8758061598735722,0.003031063824892044,20.262869287377278
cube,3,"10,27,29",0.10477260764680084,-2353.263830223875,4.069372595275285,0.004527736455202103,18.422287221316623
cube,3,"4,19,26",0.05141017135332938,-2973.400435263556,5.587753800937718,0.005012317560613155,17.578211034721143
cube,3,"14,16,25",0.1072605254937418,-2394.142877515602,4.00827194132949,0.003158719278872013,18.359851072479824
cube,3,"4,22,31",0.02109996217752043,-5010.824042562104,19.819392531628417,0.029129553586244583,14.346381571093485
cube,3,"20,22,26",0.0742499045346476,-2908.4457094252134,5.703147800465023,0.004979291930794716,17.682727723366717
cube,3,"11,15,27",0.024991512969894505,-4736.829794396904,16.394452773393017,0.02498060278594494,14.377479231067907
cube,3,"11,25,31",0.04599695703667119,-3692.5376342428835,9.141971630995034,0.018423207104206085,15.554131870001049
cube,3,"7,12,21",0.13301193922674767,-2069.4078889063057,3.139202606902186,0.00307085202075541,19.205069160174723
cube,3,"0,17,19",0.44157513692681744,-215.8091547607737,1.1188071337336687,0.002998499432578683,23.38188325384294
cube,3,"2,10,18",0.019062826192745814,-2029.848018876215,3.025041400365866,0.0041833240538835526,19.04425645032636
cube,5,"5,22,25,28,31",0.27066029652988477,-620.0803051344237,1.5992943159412876,0.003093698527663946,18.309841923909655
cube,5,"9,10,11,18,30",0.16684014426903598,-1539.8447223109088,2.580184054906138,0.002996671712026,17.86596617996465
cube,5,"3,11,13,18,23",0.4724160007658396,112.66847920518568,0.9783914431280621,0.0028107096441090107,20.57212183624361
cube,5,"2,3,8,20,26",0.4264286798412475,59.968679804874625,0.9990598548523894,0.0028721841517835855,20.343300622339232
cube,5,"1,5,15,17,23",0.16466363860582986,-874.4020952456833,1.6934786114410678,0.003103976370766759,17.823508704038858
cube,5,"4,9,15,18,30",0.08777810942366576,-2590.223001021037,4.828203779783047,0.0031832472886890173,16.186473296289698
cube,5,"15,16,27,29,30",0.15786809315432318,-1479.7546127493365,2.692053110672235,0.0030893629882484674,18.127317798660656
cube,5,"5,10,18,25,26",0.4654267311534557,163.66211823044836,0.9738584920659179,0.002810900332406163,20.764502996357702
cube,5,"2,9,16,20,30",0.1168716627392952,-2118.3558870798815,3.651916072505117,0.003143543377518654,16.61818516148084
cube,5,"2,19,22,27,29",0.0614014745296215,-3071.5690050629596,6.844352287573919,0.005500207655131817,15.361987429598488
cube,5,"1,9,12,25,26",0.0742499045346476,-2864.7116873192676,5.688277892199699,0.0032802331261336803,16.01633625815147
cube,5,"5,14,23,28,29",0.010508632257054264,-442.7798928938777,1.5427345688571288,0.0030027672182768583,19.023579601841597
cube,5,"5,15,25,28,31",0.2719207475421423,-636.3558451583062,1.5956913512279944,0.003086777636781335,18.27460770174992
cube,5,"6,7,13,15,19",0.2436052287475782,-1018.6619097718117,1.8216823720085076,0.003131115809082985,18.06398377034007
cube,5,"1,2,14,16,31",0.13817576520086214,-1893.0366859286012,3.108794851504712,0.0031195860356092453,17.082121207775714
cube,5,"5,12,17,27,29",0.2983766535732002,-539.0937998525346,1.470346704127854,0.003029749495908618,18.936248693914344
cube,5,"6,20,22,29,30",0.04954175209697729,-3384.401873551127,8.472352810715773,0.005884431302547455,15.322146334101694
cube,5,"3,16,19,25,29",0.2674556829339849,-702.5360737806567,1.6273479091176748,0.002903766231611371,19.268672984621794
cube,5,"7,8,17,25,31",0.29624589352727243,-559.0706023333821,1.4817682612941188,0.0030887636821717024,18.63620707493049
cube,5,"6,10,16,21,25",0.09750727987577443,-570.8855369521161,1.4720598248271086,0.0028848692309111357,19.98805398880801
cube,8,"2,4,7,13,22,26,30,31",0.3448625610572979,-143.59894234168462,1.25500014632401,0.00309965293854475,18.12726629125008
cube,8,"2,3,7,21,24,26,28,29",0.21803913213157208,157.6456720501842,1.0623137805863354,0.0029222897719591856,19.146574122634465
cube,8,"5,7,10,23,26,27,28,30",0.3917265598409715,110.16614896578923,1.1051805917283317,0.003035109955817461,18.330306972445886
cube,8,"0,2,6,8,16,23,26,31",0.939388982780471,1430.517295849606,0.5001966414221823,0.0028885093051940203,23.481829127693334
cube,8,"0,10,14,16,17,18,19,28",0.5410986547889686,942.8864800266053,0.6584789145709471,0.0029390770941972733,23.219863123368647
cube,8,"0,3,4,6,8,9,14,23",0.744543017395441,1064.7210878881444,0.5903878166161973,0.002962567610666156,23.14840029917805
cube,8,"9,10,14,15,17,18,20,23",0.1562973463943717,-1474.4483837151522,2.717121104822142,0.003129851771518588,16.188027025817505
cube,8,"8,10,11,16,19,21,27,30",0.5117251169313054,776.2924264094715,0.7372667753572628,0.0028975876048207283,20.011741083943917
cube,8,"3,4,6,7,10,11,16,25",0.29538491549079815,-573.382838137444,1.4883086938557737,0.0029942237306386232,17.55686259914291
cube,8,"5,6,7,10,12,18,27,31",0.4122862936317216,86.07507790229238,1.0666649209109378,0.003005742793902755,18.41810740970044
cube,8,"7,8,13,18,21,25,27,30",0.7360354415248482,1128.6735300169062,0.6073116076421663,0.002910970477387309,20.750510324840995
cube,8,"0,5,7,9,13,17,23,24",0.9701467075812976,1429.136760035848,0.49506251716561944,0.002915345598012209,23.42571410658374
cube,8,"2,11,16,19,23,24,29,30",0.23563318731289257,-719.5866842823579,1.8076669460815027,0.0030366817954927683,17.29751371460314
cube,8,"3,4,15,16,18,19,24,25",0.3348861318382625,-226.03037093661982,1.2955351517038909,0.0029867906123399734,18.25345368617598
cube,8,"6,10,12,14,23,26,28,30",0.14289165836474857,-1553.0681008128495,2.957687344449574,0.0031265863217413425,16.1510071155706
cube,8,"6,11,12,14,18,24,29,30",0.19015049694512545,-1099.3004192486699,2.233961531073932,0.0030871753115206957,16.97950939415269
cube,8,"2,3,6,9,12,27,28,29",0.16749509574484045,-1371.7651562436058,2.5414101905452045,0.003143705427646637,16.09154129576182
cube,8,"0,12,15,16,20,22,23,31",0.09171001035810268,703.7310357076142,0.7788218740219957,0.0030451470520347357,22.901980104657504
cube,8,"2,6,10,13,18,22,23,30",0.4045495897272441,80.74203676585945,1.0821266135298377,0.003023384138941765,18.546322073232535
cube,8,"3,7,14,19,21,23,24,28",0.2933440825722983,-401.8906991538671,1.4661199812400556,0.00305948662571609,17.676228402485886
cube,12,"2,4,5,7,10,12,15,18,20,21,26,28",0.13975086828450692,876.8114898241186,0.7233548062658763,0.002996881492435932,18.600160333189436
cube,12,"0,3,4,7,8,10,19,23,25,26,27,31",0.5799031271603695,1684.024496627429,0.45852332153187914,0.0029603505972772837,23.05880968462205
cube,12,"1,5,7,12,14,16,18,19,23,25,26,28",0.5329212491160887,693.723254246357,0.8149525569240808,0.0030573492404073477,18.089188630302193
cube,12,"1,2,3,4,5,9,12,13,14,16,18,23",0.8134202055708605,1224.4048774506482,0.564704920010319,0.0029601731803268194,18.98819155555933
cube,12,"4,6,10,11,12,17,22,24,26,27,29,31",0.25400942051166225,-468.67131335182137,1.6670796594781185,0.0031049984972923994,16.57823271091518
cube,12,"13,14,15,18,19,20,21,25,26,27,28,31",0.566293378953855,888.4820234079696,0.7608880307428952,0.0030498330015689135,18.679451322517174
cube,12,"1,3,5,6,12,14,15,18,19,21,22,27",0.5877508793470204,792.8686216252829,0.7484696522954574,0.0030532176606357098,18.155211628572076
cube,12,"6,8,10,13,18,19,24,25,26,27,28,30",0.15922322332636452,1336.8037299549155,0.5825712886365135,0.002986283041536808,19.25830027448508
cube,12,"1,6,8,9,14,16,17,19,24,27,28,31",0.4352757529291357,374.0952904088724,0.9892390919689474,0.003123424481600523,17.16060455071688
cube,12,"3,5,6,8,9,18,20,23,25,27,28,30",0.7319249387765289,1224.2649657220281,0.6017652067359259,0.0030189554672688246,18.51104258687806
cube,12,"0,4,6,11,15,16,20,21,24,26,30,31",0.49103714967748546,1447.5006716324742,0.5316145092497593,0.002969475695863366,23.057841253606917
cube,12,"0,1,5,6,9,10,14,22,23,27,29,31",0.14398041240872717,1378.1050283145921,0.5495329777977954,0.0030382839031517506,22.167009685225437
cube,12,"1,4,5,11,12,13,14,15,17,21,25,28",0.3995558527149673,971.3782459139926,0.6776459854313712,0.003063939744606614,18.350014346429397
cube,12,"4,9,11,14,17,18,19,21,22,24,25,27",0.28293351257101185,-312.06332019657714,1.5022791455695534,0.0031272058840841055,16.623330064915372
cube,12,"0,1,9,14,16,19,22,24,27,28,29,31",0.6490076302514807,1062.7704264590811,0.6712483349253906,0.0030832376796752214,21.984466207274455
cube,12,"1,3,8,10,11,13,15,16,22,26,29,31",0.9567886140455759,1632.9514441127535,0.4707818870773076,0.0028543034568428993,19.83836319701936
cube,12,"0,1,4,7,8,13,15,17,20,23,24,28",0.8679054691123963,1652.3281947005198,0.4587364097906174,0.003044166835024953,22.384218204442426
cube,12,"0,4,5,7,11,18,19,21,22,24,27,31",0.7688802722024461,1700.154836741279,0.4552633900081038,0.0029457304626703262,23.132745458769385
cube,12,"1,5,6,7,8,9,17,19,20,23,26,29",0.25174949325175855,1001.6186481095887,0.6710278588030315,0.0030529506038874388,18.353191952902264
cube,12,"3,4,5,8,10,16,23,25,26,28,29,31",0.9529754108310916,1669.7996633436373,0.4686665643413109,0.0028621770907193422,19.660776379465847
cylinder,3,"10,28,29",0.0016885375884214049,-956.1318391514951,8.832698047266353,0.008916215039789677,19.098040133438715
cylinder,3,"8,11,18",0.0007209156247327816,159.95322199459852,11.466724933538835,0.0132210748270154,22.15538625531005
cylinder,3,"12,27,28",0.0038005415026132324,-2278.281578611515,16.30487339945334,0.0886068120598793,13.82757704929222
cylinder,3,"5,20,25",0.013880919436043972,-852.1398867836058,2.445822662549718,0.008304298855364323,21.031282522486787
cylinder,3,"17,21,25",0.019619947954368343,-955.4323541766182,3.07441808659491,0.008871006779372692,20.77274110326733
cylinder,3,"3,20,23",0.004037327213788329,-1494.7613153014133,5.457806529125125,0.011843988671898842,19.463407138910764
cylinder,3,"7,10,16",0.002159539754872473,-957.3173112207567,4.256669787620797,0.010569239966571331,19.852928928184006
cylinder,3,"5,8,16",0.06114175503440874,817.8607491766294,0.9319242198661011,0.013075491413474083,23.473863058794674
cylinder,3,"7,16,21",0.01093232755870119,-135.26534231074885,2.1858685617427422,0.012526371516287327,21.464320773238427
cylinder,3,"4,9,21",0.017831617694668657,-1156.9519595760926,3.2416750125258345,0.01053061243146658,20.20610389063881
cylinder,3,"0,19,21",0.13728232141827382,716.3922914135183,0.8267187133852074,0.015489885583519936,29.25586226579613
cylinder,3,"1,25,27",0.0007782710005652168,-3344.9780153125316,62.56373183923882,0.08658028393983841,13.619867081241646
cylinder,3,"3,8,12",0.01122864526703408,-278.6586696572676,2.0661313101535788,0.01120489090681076,22.085691567932805
cylinder,3,"0,6,13",0.16242602195176992,630.2167576421411,0.8461393032724455,0.010865996591746807,29.602759627384067
cylinder,3,"3,6,25",0.011509155036067486,-2056.9316731080708,3.906016068574068,0.006848576012998819,18.387799313636556
cylinder,3,"4,8,11",0.0010694444830155576,-494.05456783709235,4.264952121777971,0.009739416651427746,21.478140149257943
cylinder,3,"5,14,15",0.040867827075457996,-851.9633400737347,1.9487891508802104,0.008655417710542679,21.111423767530933
cylinder,3,"22,26,27",0.0022048523900432574,-1456.563420763293,10.504884775740749,0.009454933926463127,19.04987289156759
cylinder,3,"1,5,12",0.012961404568129284,-1221.3050426645264,2.7060562986195738,0.008565738797187805,20.72365370651488
cylinder,3,"2,5,8",0.05645120559524432,281.537965810416,1.1586869662915542,0.010460475459694862,22.8883886067675
cylinder,5,"8,11,17,24,30",0.05861364304585782,323.03400770949554,1.2014662528923548,0.007863498292863369,20.899341326018572
cylinder,5,"0,12,14,17,20",0.10013635924125913,-197.736583077302,1.2256484265352288,0.005500266794115305,28.62796678732836
cylinder,5,"4,18,21,24,29",0.01829413174490574,738.1727037885722,1.8542965095194544,0.00973688904196024,20.450045032229358
cylinder,5,"3,16,17,20,27",0.03070219010584976,-324.45885985589166,1.8600710534891236,0.006244650576263666,19.88491689552992
cylinder,5,"8,13,16,27,30",0.0030758734742585424,1262.1214680969597,1.6609374827349215,0.007950791157782078,22.720510455937482
cylinder,5,"0,9,14,22,29",0.10251259212041954,487.07803218508246,0.9471618892035402,0.007544280495494604,28.972289369363054
cylinder,5,"4,21,24,26,30",0.01654526468951801,394.10291449029256,2.2261148089306673,0.008912296034395695,20.512510364030206
cylinder,5,"1,4,16,26,29",0.0135044693325316,228.2747619745661,2.4934432610846273,0.008711296133697033,19.944511563224488
cylinder,5,"11,18,19,23,29",0.0014589242830023968,6.013443027508428,7.7404382759881605,0.009206676855683327,18.82752599331161
cylinder,5,"2,10,19,21,24",0.023653199940320162,220.97838454136433,1.9953456588335605,0.008126633241772652,19.371387621874053
cylinder,5,"2,6,7,8,13",0.02592706498720971,550.3082805960781,1.278499690694436,0.006001629866659641,21.727337556223855
cylinder,5,"3,7,11,14,29",0.002928935487129594,-450.080563327108,3.1591750374232923,0.0076635004952549934,19.19401449193488
cylinder,5,"3,10,21,22,24",0.0008341967248145939,583.2147149510571,1.749559039744882,0.008630163036286831,20.6149593344751
cylinder,5,"1,4,5,15,25",0.002713259211232947,-660.7454002796708,1.8235697769362196,0.005491313058882952,19.36111294770461
cylinder,5,"0,5,7,25,30",0.1294887940210247,788.0718348913465,0.7718739421610139,0.00569089176133275,29.202198593227738
cylinder,5,"6,9,24,25,26",0.003301580348864003,-760.6073070943723,6.823473555365216,0.006279813125729561,18.560051175055357
cylinder,5,"3,12,20,25,31",0.0004684646235376775,-962.5339971956234,8.574391622579878,0.006654168479144573,18.957211189598244
cylinder,5,"1,9,12,13,14",0.036478975657957116,-634.8294145139672,1.849301371398387,0.005575580522418022,19.360656998864282
cylinder,5,"6,11,15,18,26",0.011938975170329333,-96.16153104010729,3.026688556992496,0.007595321163535118,18.9723113967799
cylinder,5,"12,16,21,25,26",0.0396037092014737,674.4040420977556,1.3904082957082928,0.008238032460212708,21.04977409998194
cylinder,8,"0,1,6,12,21,22,29,31",0.08205217818798963,1460.8466797345905,0.7123205198121965,0.005642230622470379,19.210986987104693
cylinder,8,"2,5,13,16,20,21,26,28",0.16080829683435896,2053.548985797548,0.49629461866736113,0.005625669378787279,21.72362702425593
cylinder,8,"8,10,14,17,20,23,24,31",0.0007223693142373662,957.3365243496514,4.994383159524013,0.005945058073848486,20.013843626919815
cylinder,8,"0,1,4,7,12,15,19,29",0.10381716749579147,689.7202972889608,0.8902974884247781,0.005453960504382849,18.739051140021296
cylinder,8,"8,9,14,21,22,28,29,31",0.04900717169431308,1383.9220643220979,0.8570185881876461,0.00568340253084898,20.931093506276568
cylinder,8,"0,3,4,7,12,21,22,24",0.06573076372981139,1332.969049305006,0.7348033722152637,0.005270794034004211,28.934451496795116
cylinder,8,"0,2,3,5,9,19,21,23",0.14042711739898178,1820.4228435929772,0.5182419314192399,0.005233613308519125,28.938196134157558
cylinder,8,"6,10,12,20,23,28,29,31",0.0043052422212183925,195.57329535262147,4.200580225383742,0.0065308124758303165,17.92487507272051
cylinder,8,"1,7,10,11,14,17,25,26",0.004028169749398176,-407.0691703367361,5.158568153562905,0.005288891494274139,17.89081293460583
cylinder,8,"3,4,6,7,9,13,16,28",0.08087689399959229,830.9161146734817,0.9066105899596192,0.005222571548074484,20.129500512185352
cylinder,8,"0,1,5,11,15,16,22,25",0.1041006816270494,1458.3520709047157,0.6236239451683521,0.005023271776735783,19.269661878338013
cylinder,8,"2,6,11,17,19,20,29,30",0.00413817760466214,-669.8881867097839,6.6790163434993435,0.005407064687460661,16.860524348185095
cylinder,8,"1,3,11,13,26,27,29,31",0.053829665064349205,1543.8827311117693,0.823821216740459,0.006419599987566471,20.464338121689366
cylinder,8,"4,5,8,9,11,12,29,30",0.14656905516316693,1246.118052621509,0.673838058831706,0.005323861725628376,21.01802850140913
cylinder,8,"3,5,9,10,13,16,21,26",0.19430791168022699,2222.0719450371835,0.4348548829728944,0.005940373055636883,21.721752503659253
cylinder,8,"5,9,11,19,20,24,25,31",0.03894077321511184,698.7555308397548,1.1833868735201407,0.005841537844389677,19.48882299890354
cylinder,8,"0,3,11,12,22,24,26,31",0.061507126133441295,1596.1102505362742,0.7140628186806804,0.006161238998174667,28.765246701746307
cylinder,8,"1,3,9,11,14,15,16,28",0.02009738407790279,53.465545574182364,1.762959272713756,0.00514510041102767,18.505012264620095
cylinder,8,"0,9,11,13,17,22,23,25",0.042114788355847456,1295.7402683654823,0.8190476283101829,0.0051091439090669155,28.90624238176315
cylinder,8,"0,4,5,6,12,20,22,27",0.1173612669485794,932.0178648313565,0.7437941361257121,0.005238879006356001,28.719259884845997
cylinder,12,"2,7,9,10,15,17,18,20,22,23,24,29",0.014884436660027511,812.5394232028226,2.1451862039861904,0.005095086060464382,17.987629881700936
cylinder,12,"0,1,9,12,14,15,17,18,19,21,26,30",0.006241405956469211,1835.6076711452552,0.9953472810353227,0.005084269214421511,18.97599026549505
cylinder,12,"4,5,13,17,18,22,23,24,27,28,30,31",0.0967243916598103,1932.6439484436141,0.6073485983412323,0.004962393548339605,20.176801707288238
cylinder,12,"0,1,7,9,11,12,13,17,18,25,26,31",0.004220164430291495,1988.5527772358573,1.5088975868898418,0.00513342535123229,19.095563405200558
cylinder,12,"1,2,3,6,7,16,18,19,20,21,22,24",0.09401940640305041,1480.4330121920686,0.7953332663175728,0.004927216097712517,19.29489160834274
cylinder,12,"2,6,7,8,11,12,20,22,23,24,29,30",0.0010076826236618424,1149.0040057349609,3.2391584817458976,0.005009690299630165,18.875026839808235
cylinder,12,"0,2,6,11,12,14,17,18,19,21,23,30",0.00036138608276930974,1633.2321681305004,15.672631018241175,0.004933599382638931,28.52488628715478
cylinder,12,"3,5,8,9,11,12,16,17,21,25,26,29",0.1587262438404907,2475.88324691414,0.40352022735561055,0.005006656050682068,21.209085610006085
cylinder,12,"5,7,8,9,12,15,18,19,21,27,28,29",0.00012793494619710177,1987.4014565364068,37.87226902676064,0.004938521888107061,20.503028076542652
cylinder,12,"0,2,5,7,9,11,14,15,25,26,29,31",0.08482049060351085,2050.6158640728795,0.5606072270186316,0.00501709571108222,28.683432667287903
cylinder,12,"0,1,2,4,5,6,12,13,14,18,23,28",0.11786974944059105,2057.1384797306146,0.490217836474806,0.00517042214050889,16.785570591719704
cylinder,12,"11,12,14,15,16,19,23,24,25,27,28,31",0.0034313516377191644,737.4411599209491,4.209037447781939,0.005477877799421549,17.647271810604263
cylinder,12,"1,7,9,11,12,15,21,24,25,27,28,30",0.0016917965336548278,321.1952000117249,6.336574963084965,0.005069676786661148,17.688707016273884
cylinder,12,"0,1,5,6,13,16,21,24,26,27,30,31",0.11752822101587473,2802.555383665658,0.3938442719567562,0.004935332573950291,19.33339215505588
cylinder,12,"0,4,5,6,11,12,16,17,20,21,27,30",0.03483213519750517,1997.3218031201463,0.6910753570245296,0.005081143230199814,28.843272590112228
cylinder,12,"1,4,9,12,19,20,21,23,26,27,30,31",0.0007830148097194227,886.6758102233732,5.799003848568892,0.0051790447905659676,18.37662369676289
cylinder,12,"2,4,7,10,12,15,16,19,22,27,30,31",0.0016340214363052981,298.4385829026462,5.956853478392737,0.005045104771852493,17.535259029576338
cylinder,12,"1,2,3,7,8,10,11,13,16,22,28,31",0.1553101252842566,2095.6048979579327,0.48177386122516175,0.004901101812720299,20.285015983289068
cylinder,12,"1,4,8,12,13,18,20,21,22,23,29,31",0.09591228103390405,2271.0730236729783,0.5132750208602138,0.0050131892785429955,20.921233965060566
cylinder,12,"3,9,12,14,17,19,20,22,24,27,29,31",0.006438552684209074,528.4902464037183,3.2051604048934697,0.005165956448763609,18.0661849652089
hemisphere,3,"4,22,31",0.00036829924194722684,-2576.030211360278,18.013752849743106,0.008651470765471458,16.883526434036874
hemisphere,3,"7,11,20",0.0002398087220528026,-2535.8695952249386,14.92018570261443,0.007992032915353775,16.141042423274502
hemisphere,3,"2,9,25",1.0922846389869439e-05,-3305.949015969859,108.09951849991313,0.04158559814095497,14.70686404014548
hemisphere,3,"26,27,29",0.001612219898094602,-771.5215178966197,4.436650210352431,0.0200702715665102,20.541994782527443
hemisphere,3,"2,14,25",0.00040523894053255064,-3437.4144392452145,33.615148766767476,0.02363571524620056,15.51094388533742
hemisphere,3,"1,18,26",0.0027634291434526057,-908.4829531373566,4.423783067242168,0.01356134656816721,20.811766579162637
hemisphere,3,"7,24,29",0.0022928383785475242,-1179.1126238512884,5.445332301266916,0.014637930318713188,19.307203529769986
hemisphere,3,"11,28,31",0.0007760626872994217,-1396.7507724836703,8.375081277101843,0.017257777974009514,17.828265555967683
hemisphere,3,"2,16,23",0.0005774931149060002,-736.4578361127402,3.4389404003950323,0.017512569203972816,19.898508081204184
hemisphere,3,"21,24,26",0.0008980023882104182,-45.69475336121576,3.009498237994474,0.016756033524870872,22.085472872967266
hemisphere,3,"1,15,23",0.0002250403534883544,-2788.800634639183,37.75520750534005,0.010689247399568558,15.647312403034368
hemisphere,3,"0,12,27",0.03543146778448143,-645.352969564257,1.5724979935485113,0.012349089607596397,27.99663322897322
hemisphere,3,"15,26,29",0.001612219898094602,-695.5759689466556,4.219356813516834,0.019116319715976715,20.4982622499638
hemisphere,3,"7,13,15",0.0029050536563223063,-954.0049980432757,3.129062406426206,0.01251174509525299,21.279158637112584
hemisphere,3,"8,10,19",0.020122381425813633,-87.63519075600601,1.3846102709931987,0.01443061139434576,21.661340122484695
hemisphere,3,"5,16,23",0.00822101089181468,130.55798632658053,1.3430437598795266,0.01740863546729088,22.187773816407258
hemisphere,3,"4,6,21",0.0017060227702782873,-1413.8913655884485,4.373539971107461,0.009788991883397102,20.59871166074688
hemisphere,3,"13,15,27",0.000799045704127623,-671.1930575202678,3.0093661069107727,0.013468064367771149,21.04558040774526
hemisphere,3,"15,18,30",0.0003904097625069502,-1798.861264094457,13.89940662597816,0.017017941921949387,18.891164921058067
hemisphere,3,"9,11,20",0.0003174734246260808,-2741.4396343621243,23.9905853819412,0.00729676429182291,15.901680350499444
hemisphere,5,"0,2,4,13,31",0.0625525978636603,780.3018601484252,0.8561113894471009,0.007995088584721088,28.24118302277363
hemisphere,5,"6,8,14,16,31",0.009523901644464048,359.05554093208764,1.48485685184491,0.009028920903801918,21.461014766779194
hemisphere,5,"2,4,19,23,29",0.002464754076826392,-675.868914135822,4.639809933426577,0.010103583335876465,17.95113094640226
hemisphere,5,"5,13,17,18,31",0.008309903415777345,756.6825752933721,1.373444206241797,0.00933558028191328,22.34156916111493
hemisphere,5,"7,9,13,14,30",0.004962777074514988,-786.1585966249997,2.4218433428552286,0.005810791160911322,19.76094221279157
hemisphere,5,"4,6,11,16,17",0.0003811671514741775,-1412.8468126668008,13.229340957156642,0.008907497860491276,18.14402340818033
hemisphere,5,"3,5,15,23,30",0.010775352307915532,373.1894529541134,1.126575249166011,0.00975455529987812,20.38479400001733
hemisphere,5,"1,11,18,25,29",0.0002635141982121466,-262.79594875073855,4.404573108844248,0.010053767822682858,19.70599723226493
hemisphere,5,"3,15,17,18,21",0.00024254176015124176,461.3308916229181,3.2297622318002444,0.008464948274195194,21.042154224433574
hemisphere,5,"6,7,8,27,30",0.0008477565366535615,-554.0051830110718,2.9656093632014575,0.006936460733413696,19.789147253651805
hemisphere,5,"15,21,22,24,25",0.011889479605851237,-356.23816322362836,2.3966200170214673,0.009304058738052845,19.943055039378812
hemisphere,5,"9,12,14,18,29",0.00047486819996453596,-758.5718733895628,6.4587017996910125,0.008337072096765041,19.36462144454913
hemisphere,5,"2,3,14,16,28",0.0051878282471865735,-70.96751388349861,1.7195017435052022,0.008405415341258049,19.4121761224789
hemisphere,5,"1,17,20,21,27",0.002265244451416981,-1091.3226945341548,4.08650471666419,0.006928557530045509,18.948340591329668
hemisphere,5,"1,2,11,17,23",0.0016348345390826409,-1205.9348074391223,3.8731812866825237,0.008257273584604263,16.961007909226854
hemisphere,5,"3,12,19,26,28",0.0022007009232896057,-239.03356133272348,2.7471876619923172,0.009877212345600128,19.228029458152836
hemisphere,5,"3,5,7,14,21",0.02876171783638321,620.9995642721199,0.958503737510142,0.007450742181390524,21.99700154936247
hemisphere,5,"8,13,17,20,31",0.009055649235246087,600.7118453163908,1.280850404195207,0.008037896826863289,22.599708698426628
hemisphere,5,"5,7,14,17,23",0.0007954264136556798,-725.9545118968883,3.210906841833277,0.00761595880612731,19.50897715047148
hemisphere,5,"5,6,8,9,18",0.01730988779867908,739.6646233579218,0.8990710432543528,0.007071871310472488,22.467769487593294
hemisphere,8,"8,10,13,15,20,23,24,30",0.006073242202800629,1396.904650204363,0.7703155699350319,0.006479147356003523,21.050887812818804
hemisphere,8,"1,2,3,7,11,14,20,27",0.0007463246598052092,-406.7297519041283,2.8007926375077905,0.006160749588161707,17.248272249232002
hemisphere,8,"3,4,15,20,23,25,28,31",0.0034541422798364148,-27.275917397921788,2.2027449807757256,0.007655291818082333,17.466251491355564
hemisphere,8,"1,2,4,8,14,15,23,26",0.0006010011157211918,612.7443199863106,1.966666168420567,0.006168329622596502,19.74675565246758
hemisphere,8,"6,7,11,15,27,28,29,30",0.0012735100330113582,-370.43946341698603,5.421688076654346,0.0076300338841974735,17.365970750479047
hemisphere,8,"1,5,8,17,20,26,27,29",0.006131541592489819,1249.3333390230343,0.8782068566414482,0.0057721189223229885,21.56417820287064
hemisphere,8,"1,7,12,21,25,27,28,30",0.001837877025273885,-620.7663195811454,3.67953798516621,0.005966218188405037,17.764887488789874
hemisphere,8,"0,4,5,6,16,21,22,27",0.05926426837512516,1529.1341722114435,0.58292565546293,0.005535223055630922,28.013556058340082
hemisphere,8,"4,10,16,18,19,20,22,25",0.00016710876563590406,424.85587426401406,4.526384808033626,0.006289335433393717,19.087199494405542
hemisphere,8,"0,2,5,6,14,15,21,31",0.0783733343401226,1529.3111799598719,0.5774137927204722,0.005713584832847118,27.870767684097068
hemisphere,8,"0,9,11,12,13,22,28,29",0.02265507640325171,1237.7436035697574,0.7432705115649731,0.005877836141735315,27.78537152642641
hemisphere,8,"0,3,11,12,20,25,27,29",0.017368326723597522,951.0025034206614,0.9381977293206265,0.006585501600056887,27.41427978636059
hemisphere,8,"9,13,16,17,22,25,26,28",0.014528486395348067,759.3582214927869,1.0843933651897264,0.005758792161941528,20.686772814281625
hemisphere,8,"0,2,3,9,11,13,24,30",0.025415428624680502,1545.9694151684203,0.5699682830490514,0.005889160092920065,27.756352063150665
hemisphere,8,"0,1,2,6,13,16,29,30",0.06351470934832636,1520.7500598303432,0.5844324917511358,0.005609073676168919,20.79320010532785
hemisphere,8,"8,11,15,17,19,20,21,25",0.008517668087417761,812.1527168385015,1.1157528255035658,0.005902386270463467,20.16965730412311
hemisphere,8,"1,2,15,20,21,23,26,31",0.009323052909126824,551.1874860040471,1.9242316594037356,0.007457434199750423,19.50624278830463
hemisphere,8,"1,8,10,11,14,18,25,30",0.006985625468532148,873.84620255041,0.9803182989502193,0.005947968456894159,20.129353832549846
hemisphere,8,"5,7,13,14,24,25,26,31",0.00431805934297789,1311.3012124957922,0.9614147372626243,0.00615132600069046,21.48961997124372
hemisphere,8,"3,12,13,17,19,27,29,31",0.005730408414242638,940.0569625811733,1.1305265259351684,0.006734971422702074,20.228233385649567
hemisphere,12,"0,3,5,7,9,14,15,16,17,18,24,29",0.042568528351014,2204.419742645022,0.4519825300198935,0.005390204023569822,27.64530713491751
hemisphere,12,"0,4,5,6,12,14,16,20,24,25,29,31",0.04902163985577866,1867.5427255369218,0.518696514606817,0.005605893209576607,27.54975953017881
hemisphere,12,"1,3,4,7,8,9,13,17,18,19,22,23",0.0010546612926129234,1588.9098004284776,1.1336685871683998,0.005449553485959768,20.162881976847842
hemisphere,12,"0,1,4,5,15,17,19,24,27,29,30,31",0.03328443680299164,1724.449703473338,0.57734078151874,0.006063573528081179,20.571391930790305
hemisphere,12,"1,5,8,10,13,17,20,21,23,25,28,31",0.003983815529778438,2094.5816078843036,0.6501276577839843,0.005637126509100199,21.35042860011015
hemisphere,12,"2,4,8,11,14,16,21,23,24,26,28,29",0.0007252262020004526,2092.867810987143,1.5236655687755563,0.005933584179729223,20.52170050838937
hemisphere,12,"1,3,5,6,7,12,15,17,18,22,29,30",0.011189050500293968,1226.803813415781,0.8370720317470967,0.0053910319693386555,19.31072359925086
hemisphere,12,"0,1,3,5,7,8,14,15,17,20,22,23",0.018891133412036677,1863.8247133507693,0.5262447157113477,0.00548016931861639,20.878204073872833
hemisphere,12,"1,2,3,6,9,16,23,24,25,26,28,31",0.006870331220802318,1385.037041654862,1.0734378762951295,0.0061141112819314,18.955181036018974
hemisphere,12,"0,13,15,19,20,21,22,25,26,27,29,30",0.053718504771834465,2042.9910167695048,0.5286703278900097,0.005859659053385258,27.660179105994914
hemisphere,12,"1,4,7,8,13,14,16,21,26,27,28,30",0.009167515857927609,1868.9066684473455,0.6998507030475611,0.005404055118560791,21.126367654264172
hemisphere,12,"0,3,6,8,14,15,16,26,28,29,30,31",0.030366205720117678,2280.8558873340608,0.5014102920261518,0.005736371967941523,27.628698500670197
hemisphere,12,"1,2,7,8,12,17,18,20,23,25,27,30",0.0030036459582679733,812.3093373718311,1.179765940942918,0.00589694594964385,18.477886794917406
hemisphere,12,"2,3,4,7,11,16,19,21,22,23,28,30",0.0017507509784038071,1358.4860030281895,1.269714631283147,0.006010413635522127,18.94220198110443
hemisphere,12,"0,2,5,7,8,11,12,22,24,26,28,30",0.006021712415308476,2165.0130744375856,0.49967613735267485,0.005529997404664755,27.6745489743887
hemisphere,12,"2,3,6,7,10,12,13,17,18,21,22,24",0.008356118464113771,1821.6967850190536,0.685702866980439,0.005308154970407486,20.40780660257741
hemisphere,12,"0,2,4,5,8,11,12,13,15,18,21,29",0.03355113672381253,2660.4254831961534,0.3528464690882053,0.005302386824041605,28.03163363368714
hemisphere,12,"5,7,8,9,11,13,21,23,26,27,28,31",0.0017063022690436888,2333.4049721474707,0.7895352300497527,0.005563627928495407,21.318567881873513
hemisphere,12,"0,1,3,6,12,17,20,22,23,26,28,29",0.005942400318810634,1506.0691395884664,0.8136028296703117,0.005595725495368242,20.425640032867086
hemisphere,12,"2,4,5,8,9,10,13,17,18,20,26,31",0.019901261921016405,2076.421861698024,0.5707324721306724,0.005621993914246559,21.35122518756254
sphere,3,"8,16,29",0.00015540754497207982,110.41263505551196,5.4583859104273325,0.016296954825520515,22.867252970909178
sphere,3,"7,22,23",3.949833990006899e-05,-2889.93267462418,65.90844464366381,0.01007826253771782,15.945774700747661
sphere,3,"1,19,20",0.0002967597442389696,-3166.855137007349,31.081360707996804,0.027761360630393028,14.628447508509035
sphere,3,"10,14,30",0.00025197115173048313,-2293.878706546613,18.732104703425136,0.010334724560379982,17.17123565755532
sphere,3,"16,25,31",3.900289225600841e-05,-977.9495372170069,18.932380861718535,0.0183383971452713,20.536052851229712
sphere,3,"4,10,16",0.0011813176725419816,-839.7415194363971,2.938055033025913,0.013579030521214008,20.269397127251715
sphere,3,"4,6,7",1.9280726799676e-05,-4040.4636801403985,114.00771288590528,0.012637396343052387,14.076633603757791
sphere,3,"5,7,9",0.0010740757849013625,-1578.5789245486008,4.876773488554672,0.010270396247506142,20.527987297212476
sphere,3,"0,1,26",0.050312008137596446,-101.78573476772956,1.2720020695770011,0.012755638919770718,22.131587028669657
sphere,3,"0,6,16",0.0057708609155272565,-65.53648496510708,1.5010978564907278,0.016207991167902946,28.14843446081323
sphere,3,"2,4,10",0.00011204519918530477,-2505.5544505415087,35.45485144793248,0.012561751529574394,16.445203473159754
sphere,3,"2,20,26",0.00027200248632649836,-1642.5524397457089,11.66235239937273,0.017892220988869667,19.40691176249504
sphere,3,"9,17,23",4.748364411318593e-05,-2990.237353269701,62.87502846014543,0.00849252287298441,15.51504159002155
sphere,3,"3,6,21",0.006001528912571306,-621.8739936106308,2.4967158664377105,0.018132682889699936,21.617641750970627
sphere,3,"1,9,17",3.386044480728991e-05,-2110.09845940739,138.99264362995586,0.02682526223361492,12.492139592253553
sphere,3,"2,10,25",0.00020171600745223694,-2316.074551720191,32.89688828635581,0.013421089388430119,17.144543264884803
sphere,3,"10,19,22",0.0007265307651581161,-1830.2022030326889,7.712142646186559,0.013448013924062252,17.586703585524447
sphere,3,"12,15,26",0.0001523790575508458,-1746.167193461964,14.128168209686155,0.01660255342721939,19.11570592395122
sphere,3,"0,15,27",0.07504906050817702,-346.8634741323897,1.334499691954691,0.017049111425876617,27.853190096539574
sphere,3,"2,3,15",0.011764906527678188,-1164.4095303845752,2.5108746762367087,0.012967890128493309,18.386636436216246
sphere,5,"3,12,21,22,29",0.0014183023815095177,43.1587382135679,2.846980956639581,0.009885846637189388,20.951549659475823
sphere,5,"5,19,24,30,31",0.001208150805694188,234.08738173371694,2.012768584488217,0.012602532282471657,20.347842342025785
sphere,5,"0,1,3,22,26",0.00920521033714371,563.9113427075283,1.0254607648796195,0.008773133158683777,21.64998278784506
sphere,5,"7,13,20,25,27",0.0017657639637380187,-623.2713545375304,2.901000642067159,0.0071169245056807995,19.719757934236018
sphere,5,"2,18,20,24,30",0.0021593873191954474,-530.6979261490918,3.3966617202971356,0.010941051878035069,19.057355759112504
sphere,5,"15,17,19,21,28",0.003653751914532205,-561.7558740478551,3.2733777045524577,0.009370352141559124,18.890463433532872
sphere,5,"6,13,15,21,23",0.005683292308325605,475.3683543898925,1.6027237077537717,0.008579910732805729,21.536884763966754
sphere,5,"4,8,9,10,15",0.00016300867945709583,-188.87669081911093,5.887789105156908,0.008648639544844627,20.336732076792142
sphere,5,"10,12,22,23,27",0.0012070027800589133,-1266.628592184159,8.150937874518078,0.01015553716570139,17.046382960886906
sphere,5,"1,10,13,24,27",0.0015364422941841216,202.92923562922698,2.4576224252043386,0.009143568575382233,20.611871357980448
sphere,5,"1,2,11,14,28",0.00033949502879609045,-1629.2130068348054,9.301140645510275,0.00810687243938446,16.63828775427684
sphere,5,"1,10,19,25,30",0.0007265307651581161,-1670.389693797113,8.138866401137498,0.008504899218678474,16.854988080981318
sphere,5,"8,11,13,22,30",0.006314882395711166,545.6507207607392,1.2385131136451477,0.008767344057559967,22.443524082733735
sphere,5,"11,14,18,21,28",0.0073049682567786775,226.51055060380526,1.7395013514345676,0.009963183663785458,20.42964220448383
sphere,5,"3,7,10,13,27",0.01601316341841894,473.88005062836976,1.1599054929268169,0.008351619355380535,21.027241398751354
sphere,5,"1,3,4,5,17",0.006691123502057112,-345.4490603675349,1.5731034448457157,0.007645701989531517,20.07235746089834
sphere,5,"13,14,16,21,23",0.005864467126691472,835.7915177928381,1.310036209103018,0.009054325520992279,22.313125320996676
sphere,5,"8,9,13,15,19",0.003938390575449916,519.9065621370139,1.2403903206033526,0.007405234035104513,21.897682134945104
sphere,5,"12,18,24,29,30",0.0010871829548884154,-202.23265806610007,3.429214449751683,0.011938420124351978,19.990776696651533
sphere,5,"8,13,15,20,31",0.0030864228983523796,704.9668936288997,1.3314518062433092,0.009692756459116936,22.25401934253298
sphere,8,"0,2,6,20,23,25,27,28",0.0015651324686776016,523.4642954026938,1.3931888798546153,0.007089158985763788,27.058253954607277
sphere,8,"0,1,4,7,20,21,22,23",0.006437626050739625,646.2362702677603,1.1651429010401186,0.005558807868510485,20.821032512284923
sphere,8,"1,7,8,10,16,21,26,29",0.0015111110816935236,1626.6925701411462,1.2430973845798006,0.006017074454575777,21.821232820407424
sphere,8,"8,11,13,16,17,29,30,31",0.003364520703618098,1509.866005730743,1.2727849771927295,0.006713549140840769,21.81454073687684
sphere,8,"7,8,11,24,25,27,28,30",0.0001981210033719555,362.61453456365285,4.637619068343409,0.007414241321384907,19.02911533437579
sphere,8,"0,1,9,15,17,21,24,25",0.0033018561905539716,795.2073320255397,1.0901210735699864,0.005699837580323219,20.923919028748372
sphere,8,"0,2,6,16,19,22,23,26",0.011410815393749605,1307.1552911505844,0.7847925298396369,0.00633941451087594,27.525965113588082
sphere,8,"1,3,10,15,17,25,26,29",0.0005751539754594725,685.9529587488552,2.082394515463247,0.006568773649632931,19.42378405111291
sphere,8,"5,10,13,14,16,25,26,30",0.014545314303937218,1477.2247763560063,0.7965825851947232,0.005937831476330757,21.81826186451198
sphere,8,"0,3,6,9,13,20,30,31",0.03929072515328154,1291.4734639147844,0.670981145164896,0.005786535330116749,27.73881636500429
sphere,8,"6,7,10,11,14,20,27,30",0.0013567082248177533,-663.0206013801353,3.919836378523482,0.006665291264653206,16.910456458236087
sphere,8,"2,4,14,15,25,26,27,29",0.0009236301075972486,-113.79983417805371,4.164266273056132,0.007136650383472443,18.390575519266026
sphere,8,"0,3,4,6,18,19,25,26",0.04633450695964339,1281.7382760984879,0.7019890032507164,0.006060982123017311,27.574903792392398
sphere,8,"0,1,2,8,13,20,24,31",0.0772895232090503,1729.8060413845992,0.5259620712428441,0.005734728649258614,20.898124042679875
sphere,8,"8,11,12,17,19,22,25,29",0.000826890310150835,253.34253634023045,2.7711112528545576,0.0066587794572114944,19.364658832549033
sphere,8,"2,3,12,16,18,24,27,28",0.0040097185701835165,947.3851300594862,1.3760741419332871,0.006965705193579197,19.459580091801993
sphere,8,"1,3,13,19,25,29,30,31",0.0022048278393677788,880.232661303136,1.7885324649870353,0.007003154139965773,20.324747812398133
sphere,8,"6,8,11,12,16,19,21,24",4.5631029836292946e-05,1061.349233929997,12.846079672067331,0.006948661990463734,20.71114943691932
sphere,8,"2,3,4,7,17,19,26,30",0.004658623469175146,58.88101479842612,1.9202045756461144,0.00609908951446414,18.328795459381556
sphere,8,"9,12,20,21,22,24,26,27",0.0005826444484219115,275.2835842894516,3.21137759444007,0.006548881996423006,19.46882529274157
sphere,12,"0,1,3,5,7,8,10,11,14,28,29,30",0.1462942180548114,2253.962568722934,0.3916676701934571,0.005510355345904827,21.078749713278405
sphere,12,"2,7,9,13,16,18,19,20,22,26,28,31",0.0070573774655429975,1604.6765401707567,0.9064926765100868,0.005965930875390768,19.91936222732303
sphere,12,"1,2,4,8,10,13,19,23,25,26,30,31",0.0027698180286698827,1747.4142926920179,0.9208487398688648,0.006142688915133476,20.262132404186538
sphere,12,"0,1,3,9,10,13,24,26,28,29,30,31",0.04341512489814877,2241.8855249412436,0.47366902115079007,0.005788506008684635,21.00007203955932
sphere,12,"0,2,6,8,14,15,18,19,20,21,23,28",0.007160473345242231,2044.1942370328277,0.5949510254246659,0.0058836727403104305,27.467959104733023
sphere,12,"0,3,9,10,11,12,18,19,25,26,30,31",0.007308090464143069,1933.5628171389242,0.6332222097655861,0.005866981111466885,27.264329316981843
sphere,12,"0,5,7,10,12,15,19,21,23,24,27,30",0.00714007088118094,1984.5751274057566,0.6380538361840167,0.0059256297536194324,27.439983305000606
sphere,12,"0,3,5,6,9,11,13,18,27,28,30,31",0.10462655279722748,2294.9733448783,0.39882836363950147,0.005702754016965628,27.579215002552427
sphere,12,"0,1,4,5,8,9,10,17,18,20,26,29",0.04367295611419968,2163.8977341413474,0.47401590125787835,0.005376952700316906,21.33068296064301
sphere,12,"4,7,11,16,18,19,21,24,27,28,30,31",0.004769454501335803,1503.972647246639,1.0961791083108834,0.006673905532807112,19.203856122156154
sphere,12,"1,2,3,6,13,24,25,26,27,28,29,31",0.02086929255446348,1713.207578549392,0.771570823808315,0.006212587468326092,19.746804110541767
sphere,12,"2,8,13,14,19,22,23,24,27,28,29,31",0.007878736657262332,1822.7438742452425,0.8475742625182099,0.006560292560607195,19.953916055835823
sphere,12,"2,4,9,10,14,16,17,18,21,22,24,31",0.002330836504209385,1469.7355203790023,1.1332749190921245,0.005736994557082653,19.621401165861915
sphere,12,"4,5,7,8,11,20,21,22,23,26,27,31",0.005283313054069639,1930.0847193094478,0.7714586829612129,0.005683152936398983,20.67252597345586
sphere,12,"1,4,6,10,16,17,21,25,26,28,29,30",0.005941494119773467,1320.6827476414928,1.1174526452018612,0.005721492692828178,19.649411811331404
sphere,12,"0,1,6,7,10,13,17,18,20,21,22,29",0.002364604741169585,1968.9816467986348,0.8437259551058868,0.0053542666137218475,21.20751048373223
sphere,12,"0,1,2,3,5,7,11,12,22,23,25,27",0.08092260607935846,1645.5869122957984,0.5375246903583392,0.0056503284722566605,29.5763744733333
sphere,12,"1,2,3,9,10,13,20,21,22,24,25,27",0.003729075598949435,1576.4183083613993,0.8262683025855658,0.0055295564234256744,19.83364114719824
sphere,12,"0,1,4,5,6,11,17,19,22,26,27,30",0.026608821097168795,1464.5640408881295,0.6636407289351312,0.005747102666646242,20.524503655233342
sphere,12,"0,1,5,8,16,17,18,21,24,26,29,31",0.07686392620199808,2739.818318207065,0.3602777111730867,0.005405719392001629,21.618113442505084
