P,N,cutoff,path,full_lam_min_pos_norm,full_lam_max_norm,full_logdet_pos_norm,full_a_opt_pos_norm,full_d_pos,full_trace,full_min_eig,full_gauge_residual,full_offdiag_max,rank_Fk_min,active_frac_min,boundary_frac_max,proxy_lam_min_norm,proxy_logdet_norm,proxy_a_opt_norm,proxy_valid_frac,scene,subset,variant
500,3,1e-08,dense,4.327440996256814e-05,0.0038553500195935213,-6.220855303148214,547.4599384005153,497,403.6144607724202,4.05343000050492e-14,1.8296021790973305e-05,0.40476657126762394,4,1.0,0.0,0.0014867587729638634,-6.21977185804877,504.9151376434973,1.0,cube,"5,10,18",cap500_cut1e-8
500,3,1e-08,dense,5.331869724579733e-05,0.007027323886835125,-6.6130392964523015,931.1737205071353,497,210.34922586425625,-6.601645302766262e-12,8.387320918104432e-06,0.6580410150185513,4,1.0,0.0,0.0009382490428726542,-6.608040417628497,895.2254392638179,1.0,cube,"11,15,26",cap500_cut1e-8
500,3,1e-08,dense,0.0014228749647778895,0.004096089345059819,-6.317362443912058,599.0555293801791,495,378.4219691685062,-5.388130921772949e-08,1.8012737969149028e-09,0.38031696697200335,4,0.236,0.0,0.00141903473192428,-6.324627267845728,602.1730084707436,1.0,cube,"8,22,25",cap500_cut1e-8
500,3,1e-08,dense,0.0004384624380722717,0.007883550768062814,-7.117727790925757,1821.1691834255598,496,222.43129753632732,-4.29998186357932e-10,3.4059764850123678e-06,0.24483479492027832,2,0.214,0.0,0.0004373080785408246,-7.11719419146799,1819.9935618514403,1.0,cube,"12,22,29",cap500_cut1e-8
500,3,1e-08,dense,0.0015303875007470923,0.0038528558418024937,-6.28597529127978,569.0464319879055,495,318.7156942324433,-1.9667549626750513e-11,4.393327857772618e-09,0.25612506899293275,4,0.226,0.0,0.00152629931444847,-6.293382281609686,572.1556972946478,1.0,cube,"5,7,30",cap500_cut1e-8
500,3,1e-08,dense,2.0288991748398928e-07,0.004437072049254576,-6.351344851910688,12498.00303830499,497,203.66327304546238,-1.6244157603001512e-10,5.0112744455668595e-09,0.35167829232511316,5,1.0,0.0,6.65150054324861e-05,-6.330203939701469,627.9757823493272,1.0,cube,"2,10,18",cap500_cut1e-8
500,3,1e-08,dense,0.0018198084578828094,0.0034334776792167843,-6.222457654463969,511.4237481882605,495,322.76283736208836,-2.6240633293859325e-12,3.342118836618842e-09,0.5540994761689039,4,0.194,0.0,0.001716738909978343,-6.230528776412922,514.7886034358427,1.0,cube,"8,11,14",cap500_cut1e-8
500,3,1e-08,dense,4.2375909926937766e-05,0.008147211484797655,-6.696493465336696,1031.820513201846,497,241.56571391247473,-1.8095853018399303e-13,7.84300397197121e-06,0.6058604239482666,4,1.0,0.0,0.0008629631172778755,-6.689606198253836,985.4889166457031,1.0,cube,"19,24,26",cap500_cut1e-8
500,3,1e-08,dense,0.001614821623383125,0.003222709753486698,-6.255576660620458,541.7186709365552,496,302.0509600315656,-6.270921192823536e-13,1.1072462794725778e-05,0.4489096250165211,2,0.248,0.0,0.0015871082661410732,-6.2624900724150985,544.9123581063552,1.0,cube,"5,12,17",cap500_cut1e-8
500,3,1e-08,dense,5.5971894266080596e-05,0.00953197514262915,-4.744961103002878,365.8576310335069,107,147.14026480455283,-2.213651484339607e-11,1.4529973849320836e-09,0.4427228171146176,2,0.214,0.0,2.766842551603003e-05,-4.874699534472722,1117.1841227925806,0.222,cube,"14,17,20",cap500_cut1e-8
500,3,1e-08,dense,8.875770809647809e-08,0.0031010133678875413,-6.292952464517691,23742.880845305845,497,611.7686145062232,-5.030774895913486e-10,1.8811699485162982e-08,0.49281530456013767,4,0.204,0.0,4.39936022961041e-06,-6.282518214278589,1028.1644193775749,1.0,cube,"0,7,8",cap500_cut1e-8
500,3,1e-08,dense,1.4574679332980832e-06,0.00990452776746101,-11.622444592704271,543424.090572448,495,148.69178507851532,-3.208884346232186e-11,7.021612513114471e-10,0.4657122893014635,3,0.212,0.0,1.4536496899010053e-06,-11.602646222661843,541885.865834719,0.998,cube,"4,22,25",cap500_cut1e-8
500,3,1e-08,dense,0.00013281727948829026,0.003902529157413021,-6.280388698086274,570.8793685837898,497,294.3284011572952,-1.7343619323663828e-11,8.8241926109458e-06,0.36477115264287935,4,0.184,0.0,0.0005291278258881061,-6.282279321386916,561.501816064026,1.0,cube,"13,14,15",cap500_cut1e-8
500,3,1e-08,dense,2.702753330813915e-07,0.01162575354560103,-8.090751529142466,13029.686399183882,497,173.08487698375208,-3.467347434202862e-11,3.333509687008029e-08,0.6621013828834454,4,0.18,0.0,0.00015021557477173835,-8.0634901217218,5488.676129529751,1.0,cube,"22,23,27",cap500_cut1e-8
500,3,1e-08,dense,0.0003402478187877946,0.009359452921547913,-7.367428605890834,2408.737318510395,496,169.6541112536407,-4.022752279576229e-13,3.3286692613675257e-06,0.5062885822897957,4,0.192,0.0,0.0003393803088429121,-7.365265987698885,2405.6993788791583,1.0,cube,"7,24,25",cap500_cut1e-8
500,3,1e-08,dense,0.001782758438267279,0.003991871885877052,-6.2269859729708,514.9283455104747,496,359.2058517116385,-1.4176365326112598e-09,1.9817428550479023e-09,0.5230958623587165,3,0.994,0.0,0.0014398268620909596,-6.233518396481285,517.7971644069711,1.0,cube,"4,13,18",cap500_cut1e-8
500,3,1e-08,dense,0.0013937860615179938,0.004604137581525121,-6.340513306942623,618.33576515468,495,378.5566947914974,-8.07565813494311e-10,1.8249873471190663e-09,0.5780111399220715,4,0.206,0.0,0.0013901631459189811,-6.346279950042117,620.3791391340684,1.0,cube,"13,24,25",cap500_cut1e-8
500,3,1e-08,dense,0.0016248602984808836,0.0034168615054432196,-6.259823299812467,544.78415045813,496,300.1849019311201,-2.926793925373423e-13,8.61987869977126e-10,0.37444344226721876,2,0.22,0.0,0.001247376000155288,-6.266445643076684,547.8843176158434,1.0,cube,"5,14,17",cap500_cut1e-8
500,3,1e-08,dense,9.428361686610998e-06,0.0035219969821954277,-6.2190613934610095,709.848018586863,497,295.5540121321952,-2.2766255719443137e-13,1.3228752870032192e-05,0.20768216814386806,2,0.188,0.0,0.0016742434289240779,-6.215653227961007,500.99130242205376,1.0,cube,"1,5,10",cap500_cut1e-8
500,3,1e-08,dense,0.000617418389928658,0.007727933258597442,-6.88795153161701,1320.108514740292,496,176.60198182622028,-1.7585073942809436e-10,4.684680682757349e-06,0.09386828523282098,4,0.208,0.0,0.0005195896371703073,-6.892396483787212,1323.833906800994,1.0,cube,"10,14,25",cap500_cut1e-8
500,5,1e-08,dense,3.863407064413034e-05,0.007960275314173345,-6.963987379929444,1495.455536385619,497,383.390168138824,2.3039387492176353e-13,3.38401813949453e-06,0.9768768444805906,4,0.206,0.0,0.000561521677967626,-6.957904064347536,1445.9137795425395,1.0,cube,"16,19,20,25,30",cap500_cut1e-8
500,5,1e-08,dense,3.538798072720822e-05,0.0034623937407028712,-6.2476420269239545,581.9665555020757,497,750.1035394492867,1.8190063849307418e-12,1.289452094656328e-05,0.9094045095957215,4,1.0,0.0,0.0017208483558462532,-6.245403974415366,528.4212356063274,1.0,cube,"0,10,18,24,29",cap500_cut1e-8
500,5,1e-08,dense,0.00010953068601160945,0.009351497238279168,-7.495289989756358,2873.991798980463,497,275.983684175347,2.9379972176443754e-12,4.216275663686386e-06,0.23703174248232356,2,0.192,0.0,0.0002821355860741533,-7.491201346262243,2857.9626187006293,1.0,cube,"11,15,17,23,27",cap500_cut1e-8
500,5,1e-08,dense,1.8807633980628804e-08,0.003804235455717312,-6.315597931115248,107360.07265666974,498,626.1885583598124,-6.916305166836919e-12,6.9580987717723545e-06,0.757905001145663,2,0.212,0.0,0.0014920921494665487,-6.291920247544659,570.8719150384309,1.0,cube,"0,1,19,29,30",cap500_cut1e-8
500,5,1e-08,dense,0.0007162829645098313,0.006860043891141989,-6.75562277831814,1123.903728481769,495,305.62251625439046,-1.1534883595987744e-09,1.3884063306231281e-09,0.23085697102389444,2,0.212,0.0,0.0007143791483275355,-6.75786759598702,1123.8893840132923,1.0,cube,"9,15,16,17,19",cap500_cut1e-8
500,5,1e-08,dense,7.314574318259987e-07,0.003210751066079652,-6.259373297217531,3322.4773711993143,497,748.3117575989129,-8.044462978041092e-10,1.614091502672645e-09,0.8100642862782432,4,0.19,0.0,3.566958528317595e-05,-6.250490779570517,581.3563298206536,1.0,cube,"0,18,19,21,25",cap500_cut1e-8
500,5,1e-08,dense,0.0007199469131451081,0.007785519322207492,-6.795583340124905,1153.8415878017036,496,375.40650983385393,-5.904854374974096e-11,1.1841860808342786e-09,0.28832286490133974,3,0.192,0.0,0.0007181511309402819,-6.796893219919712,1154.5270552613622,0.998,cube,"6,18,24,25,31",cap500_cut1e-8
500,5,1e-08,dense,2.2798541380421766e-06,0.007390652338058106,-6.8358891229489975,2095.6921531087596,497,235.6681813467425,-9.96156572549647e-13,5.396494370866917e-06,0.3348438947026833,3,0.208,0.0,0.0006694618487860733,-6.82444111166549,1215.6461590600086,1.0,cube,"4,10,11,14,22",cap500_cut1e-8
500,5,1e-08,dense,0.00016551969402580616,0.009067733152684096,-7.1498055917939105,1823.363356883285,497,325.5165041397888,-1.4496413460490414e-11,3.338069330630337e-06,1.307471241224217,2,0.182,0.0,0.0004515389430978787,-7.145476380577027,1812.781170442857,1.0,cube,"7,17,26,27,28",cap500_cut1e-8
500,5,1e-08,dense,0.00011633440541753052,0.0047499555641542434,-6.349870926135081,635.7775223954204,497,341.07245015278494,3.0382425904333816e-12,8.373306414180186e-06,0.5014737972611764,2,0.182,0.0,0.0013989961842401375,-6.348427775265051,621.0128188827068,1.0,cube,"1,7,13,15,19",cap500_cut1e-8
500,5,1e-08,dense,2.2832795558930047e-08,0.0059312690014521555,-6.576948497832843,88850.01147664186,498,321.16806045340934,-6.034388210773973e-12,7.641276697069113e-06,0.28432273509263495,4,0.218,0.0,0.0009788826593721245,-6.549432010147562,838.9865883666603,1.0,cube,"3,6,7,19,29",cap500_cut1e-8
500,5,1e-08,dense,3.109340765096901e-05,0.004203909048045978,-6.332721775682991,667.9113950260034,497,499.5949266151422,-1.2735059521727846e-11,9.924744343124823e-06,0.5044966424505893,2,0.214,0.0,0.0014134501701348475,-6.329297159100875,606.1092862793145,1.0,cube,"3,9,13,23,25",cap500_cut1e-8
500,5,1e-08,dense,0.0011251264351736666,0.005826793949460453,-6.472257290891978,748.6746590311399,495,528.3990281989663,-2.586897436062085e-07,6.906554605841321e-10,1.539436173485448,2,0.19,0.0,0.00112227693962996,-6.476460929533357,749.6889250639072,1.0,cube,"13,17,23,28,29",cap500_cut1e-8
500,5,1e-08,dense,1.0443018837503713e-08,0.0035194843447765006,-6.297300007020838,192848.1715678808,498,453.5819690399177,1.3520662647638608e-11,1.16803196293049e-05,0.5798560368635983,3,0.222,0.0,0.0007399316944169363,-6.274862614351772,555.889554689935,1.0,cube,"2,5,12,16,19",cap500_cut1e-8
500,5,1e-08,dense,1.0972013600191996e-06,0.002946619961711634,-6.242425058924505,2347.8656472313996,497,801.6857474107317,2.7512936349444688e-11,7.276303345883152e-07,0.5890293081734366,4,0.196,0.0,0.0005844701521914003,-6.236146182333598,520.9627447479198,1.0,cube,"0,8,20,22,31",cap500_cut1e-8
500,5,1e-08,dense,0.0008662635076331232,0.006934205590985474,-6.657137020618558,962.9415600449926,496,486.137810050571,-6.162770889351776e-12,8.880491390642719e-10,1.1277726403189867,2,0.192,0.0,0.00086404398628079,-6.657636918481301,963.0913677968746,0.998,cube,"17,21,26,27,30",cap500_cut1e-8
500,5,1e-08,dense,8.02306756669787e-07,0.005202881134592499,-6.398116472169249,3168.5310747272256,496,342.88427175084166,-5.673152744717185e-10,1.3103531096898182e-09,0.5002492489636229,2,0.18,0.0,0.001304990941542044,-6.3871641222000015,658.2610203398322,1.0,cube,"1,4,15,18,21",cap500_cut1e-8
500,5,1e-08,dense,0.0012786910583590188,0.005253287025565017,-6.3981551469947,670.9775890021814,496,405.7445405537066,-3.994362051290866e-12,1.7205409609408601e-09,0.30274845204095063,3,0.194,0.0,0.0012754212948133238,-6.4015679995492505,672.0297238384485,1.0,cube,"7,11,13,20,25",cap500_cut1e-8
500,5,1e-08,dense,1.3848118832081198e-05,0.006914439870176242,-6.7146889826816984,1186.1503303661423,497,390.32559611630444,1.6035649565531325e-12,9.279720431268917e-06,0.8051081710148171,2,0.206,0.0,0.0007795958708747469,-6.706606936749678,1042.5564443935655,1.0,cube,"1,2,26,29,31",cap500_cut1e-8
500,5,1e-08,dense,9.620994591301181e-08,0.005805104151030249,-6.461160640754651,22146.207457698096,497,305.45789177814396,-6.543347426375013e-10,6.748881424073868e-10,0.4619900971899013,2,0.176,0.0,0.0005617821269627025,-6.4347303682776715,703.1118408175946,1.0,cube,"2,6,9,16,26",cap500_cut1e-8
500,8,1e-08,dense,1.0686656537053633e-08,0.004547160853160792,-6.352972216621851,188521.91131145554,498,786.6512049271984,1.5954877648034525e-11,1.0533252596683152e-05,0.913724179184476,4,0.192,0.0,0.0014531786648661967,-6.326938241358936,601.3926234120968,1.0,cube,"2,6,8,11,13,23,28,31",cap500_cut1e-8
500,8,1e-08,dense,2.2832137091828415e-06,0.0049104936618705715,-6.395815061564717,1551.1470430628283,497,726.7392180049083,-7.113662093268306e-10,1.8003427368234418e-08,1.7348833499509189,2,0.198,0.0,0.0010820952326053557,-6.383973180805882,656.5017346627275,1.0,cube,"0,1,2,12,22,23,28,31",cap500_cut1e-8
500,8,1e-08,dense,8.447830681250503e-08,0.002529964562544813,-6.240965502745869,24309.714932172454,498,1050.7284971384838,4.6202123966238946e-12,1.3207872871135268e-05,0.852528593959777,2,0.21,0.0,3.81693570082286e-05,-6.226906185194335,556.4657947968146,1.0,cube,"0,2,5,9,13,15,17,26",cap500_cut1e-8
500,8,1e-08,dense,1.8694325490625323e-07,0.006390460754212073,-6.652607990897534,11914.975036722153,497,683.2548856160029,1.8746898783516512e-10,9.597776349597044e-09,2.1676587393571536,3,0.21,0.0,0.0004941840462131538,-6.629966615104339,936.9874880419585,1.0,cube,"3,10,16,17,23,25,30,31",cap500_cut1e-8
500,8,1e-08,dense,1.5175764320178154e-07,0.0033230132356488378,-6.278461667451615,13896.42613577627,497,841.6758251639301,-5.995763283280375e-10,2.5043236999386458e-09,0.9169501598865464,2,0.216,0.0,0.0007568313568886688,-6.2596667580065235,541.9581866380577,1.0,cube,"0,5,6,7,11,17,20,28",cap500_cut1e-8
500,8,1e-08,dense,0.0008715795118469315,0.006476708644401918,-6.634708777078524,943.6597673887464,496,673.4238282680276,-9.657181576762287e-12,1.638494301977807e-09,0.8249085761922935,3,0.21,0.0,0.0008693080847084882,-6.637884933291695,945.6670259356424,0.998,cube,"6,11,13,20,22,23,30,31",cap500_cut1e-8
500,8,1e-08,dense,1.776303515059595e-07,0.003949149910759329,-6.324201924169414,12503.191722885687,497,721.1801820324333,-6.841829713423271e-10,6.415335994479221e-09,0.8700609817911605,2,0.206,0.0,0.0008668184760447059,-6.300387524516349,578.6364768110493,1.0,cube,"1,5,9,10,13,17,20,23",cap500_cut1e-8
500,8,1e-08,dense,1.9139276836377066e-07,0.0044439148505088216,-6.347024982811832,11673.6964420342,497,815.7284794266956,-4.892060855599491e-10,1.9283962003219156e-09,1.0422967294369023,2,0.184,0.0,0.0009409945339171273,-6.322530247549843,597.357037002237,1.0,cube,"8,9,10,12,13,23,24,30",cap500_cut1e-8
500,8,1e-08,dense,0.0015338404697384656,0.004098615624308709,-6.296525503421175,575.744165097589,497,902.5338081035499,-5.674768679336237e-16,1.544465154716778e-09,1.469087562684508,1,0.186,0.0,0.0015299428546663686,-6.300941424199078,577.725273372188,1.0,cube,"1,5,8,11,16,28,29,30",cap500_cut1e-8
500,8,1e-08,dense,0.0010017032305641926,0.00638806816288992,-6.553817769805611,836.8931708811476,496,660.4626083598813,-2.4054434388084484e-10,1.8839211170777577e-09,0.3853391375615279,1,0.186,0.0,0.0009991301216657122,-6.556346746627522,838.051451802273,0.998,cube,"1,4,13,15,26,27,30,31",cap500_cut1e-8
500,8,1e-08,dense,0.0006554282659100099,0.007514981230335957,-6.843367696207893,1246.1890377893512,496,573.116469438507,-2.2522279113730678e-12,8.174273369341364e-10,0.8557770896710606,2,0.2,0.0,0.0006537256550225004,-6.84372063103526,1245.659601650699,1.0,cube,"9,12,15,17,21,22,29,30",cap500_cut1e-8
500,8,1e-08,dense,1.4671749688442682e-06,0.003891997293552896,-6.303494756536387,1969.3655157249623,497,955.4667515185587,5.866175457067387e-10,1.5210460116082063e-08,1.044688927534691,4,0.204,0.0,0.00011083539177223953,-6.293425491303417,584.0398727486336,1.0,cube,"5,7,13,16,18,19,26,28",cap500_cut1e-8
500,8,1e-08,dense,2.897474214216292e-07,0.0060854009118631635,-6.515301155632368,7773.738672575512,497,571.8523495183217,-1.1202542704279865e-11,7.195284860069862e-10,0.8567652264127711,2,0.184,0.0,0.0005664615291092962,-6.496139043614755,768.3506287373443,1.0,cube,"1,5,7,14,17,22,26,28",cap500_cut1e-8
500,8,1e-08,dense,1.6360515206764435e-06,0.006464891893032161,-6.588479001047156,2254.9844781291445,497,552.6943177026328,-3.803170467246822e-10,1.6172807072221196e-08,1.191267228681805,3,0.19,0.0,0.0008114181707739261,-6.568731825857896,852.5898518889804,1.0,cube,"2,4,10,16,17,24,25,26",cap500_cut1e-8
500,8,1e-08,dense,1.5854523935252945e-05,0.005658890158247767,-6.557952285610648,974.5399599991022,497,769.9576228227556,6.643834898134788e-13,8.788586052991891e-06,0.6330314839567333,4,0.238,0.0,0.0009473663654581596,-6.551241412160043,849.8032262639537,1.0,cube,"6,10,18,19,21,23,26,30",cap500_cut1e-8
500,8,1e-08,dense,0.0016091148222023733,0.0037625759333180424,-6.2710074541159875,553.8242632585828,496,899.1210130156896,-2.3248090418614933e-09,1.4134141803034247e-09,1.131878450429511,2,0.188,0.0,0.0016049886566063996,-6.276458561749923,555.8818348983817,1.0,cube,"0,4,9,11,13,23,25,31",cap500_cut1e-8
500,8,1e-08,dense,0.0005109185430254387,0.008566257807567021,-7.047096405312879,1606.5909968936614,496,510.2177039098619,-1.3196704038722429e-12,1.3686514241529394e-09,2.1663509635272535,2,0.188,0.0,0.0005096086100357692,-7.046115407622932,1604.724953475784,1.0,cube,"4,9,18,19,23,24,28,30",cap500_cut1e-8
500,8,1e-08,dense,2.5558578741282404e-05,0.006807020848947755,-6.663930228025473,1042.6232216879957,497,518.102105954633,2.7975852203683816e-11,1.3273076546183542e-06,0.33849139042050014,2,0.196,0.0,0.0007549822654055813,-6.661158891524344,969.461947410738,1.0,cube,"2,3,10,12,19,20,27,29",cap500_cut1e-8
500,8,1e-08,dense,0.0012496729226919336,0.004969255943469602,-6.393306774350479,671.8175635937808,495,658.4571556361991,-6.926049109502957e-08,1.9930293200463134e-09,1.0988993651102732,2,0.202,0.0,0.0012464211264328702,-6.397684674020157,672.8137273813697,1.0,cube,"2,3,7,12,18,21,22,26",cap500_cut1e-8
500,8,1e-08,dense,2.6605168309017478e-08,0.005522442084399991,-6.509442242060691,76260.60819270885,498,687.8382238599875,7.794989237539231e-12,6.740000379870401e-06,0.7286028513175935,2,0.21,0.0,0.001086847509897435,-6.484761588888508,763.8017793509523,1.0,cube,"5,7,10,12,19,26,27,28",cap500_cut1e-8
500,12,1e-08,dense,0.0001245525705469035,0.006908740825408637,-6.693092098931648,1025.0299262627514,497,781.835013005136,2.7810196318389717e-11,5.635105954874231e-06,0.9226718588084006,2,0.198,0.0,0.000813650027862256,-6.691934756613326,1012.4305627278953,1.0,cube,"4,7,9,11,12,16,17,19,20,21,27,29",cap500_cut1e-8
500,12,1e-08,dense,3.17723198433691e-07,0.0053779050950179905,-6.41454571178992,7234.266308586337,497,1101.198386168616,-3.69192478197436e-10,1.5871694845456007e-08,1.9782350089366114,4,0.186,0.0,0.000989695953921297,-6.3918078469244355,660.648687298792,1.0,cube,"3,5,10,11,14,16,19,21,22,28,29,30",cap500_cut1e-8
500,12,1e-08,dense,1.634509188580931e-08,0.00505837761327895,-6.445777434634179,123589.01979608361,498,1005.8921918700186,-1.9909246884948725e-11,5.162691893678246e-06,1.6122182198132426,2,0.21,0.0,0.001208886151862449,-6.41971663018497,694.3872269450695,1.0,cube,"0,4,6,9,12,15,16,17,20,22,26,30",cap500_cut1e-8
500,12,1e-08,dense,8.558606791256588e-08,0.004448055929086283,-6.372801433484911,24128.597924671718,498,1353.7323281177398,2.2727532157918574e-13,5.584776508425851e-06,1.2000174577313827,2,0.212,0.0,3.370443421112395e-05,-6.35644973176444,682.8505734978594,1.0,cube,"0,1,8,9,14,16,22,24,26,28,30,31",cap500_cut1e-8
500,12,1e-08,dense,1.3694806619117218e-08,0.004866418952002846,-6.403180321493531,147290.92157704628,498,1229.0263374377046,4.2336204341715425e-12,1.080249951492304e-05,2.5441730146762853,4,0.208,0.0,0.0013079852576909099,-6.378515377169204,651.6732727022211,1.0,cube,"3,6,8,11,13,18,20,23,25,26,27,30",cap500_cut1e-8
500,12,1e-08,dense,0.0010453225584593163,0.006295762632686912,-6.529875205018146,807.7989398809025,496,885.2743075151641,-3.0436597416198704e-11,1.6199018409594446e-09,0.8652745615031019,2,0.186,0.0,0.0010426580162111656,-6.5326895302023535,809.1431269191456,0.998,cube,"4,6,8,10,12,15,19,20,23,25,26,29",cap500_cut1e-8
500,12,1e-08,dense,5.868875796616036e-07,0.0054383826233522685,-6.475343020616466,4325.206291711089,497,1124.43100318671,-1.2680341908784051e-10,4.2210770029605215e-09,3.0507238403160386,3,0.214,0.0,0.0009399963722030303,-6.455588573878489,730.5043358934762,1.0,cube,"4,5,10,11,13,19,20,23,26,27,28,30",cap500_cut1e-8
500,12,1e-08,dense,5.115268114574397e-07,0.006706761237795272,-6.57749458771482,4895.894275800133,497,732.5155079060795,-1.2386960660227003e-09,2.9715016348526576e-08,1.6095763174001185,3,0.178,0.0,0.000803119909525918,-6.5570597094111855,832.4935247774935,1.0,cube,"3,4,7,12,13,14,15,17,19,20,24,25",cap500_cut1e-8
500,12,1e-08,dense,9.8132520402374e-05,0.0056538011746894235,-6.452330202526693,738.849747597121,497,950.625192033143,1.1477615564600509e-11,9.091516449493317e-06,2.3836433532623067,2,0.186,0.0,0.0011778642076269352,-6.45004701286677,720.7794273055038,1.0,cube,"1,4,10,13,14,16,17,20,21,22,24,27",cap500_cut1e-8
500,12,1e-08,dense,6.121142420015628e-07,0.003828083851669752,-6.30169169493017,3925.1747360084287,497,1236.3080645509565,2.282104401739606e-10,2.5134343070951845e-09,1.6650398570245954,3,0.202,0.0,0.0014011164141847568,-6.283757008517155,562.9667785136257,1.0,cube,"2,4,5,6,8,10,13,15,17,21,30,31",cap500_cut1e-8
500,12,1e-08,dense,3.9514266111508446e-07,0.007052145161341803,-6.764236328243303,6267.557294736377,497,842.9583009897933,-3.195864388356808e-10,1.1050967612471159e-09,2.9284775874956086,2,0.202,0.0,0.00046210999145363674,-6.744175818913175,1092.147424852278,1.0,cube,"1,2,3,6,16,17,20,25,26,28,30,31",cap500_cut1e-8
500,12,1e-08,dense,0.0012580941703800865,0.004637766086239599,-6.382699158491621,663.0843772139261,495,1335.1510070888457,-2.3349330796414684e-08,6.101442432566622e-10,1.4395496022943253,2,0.226,0.0,0.0010781923404034521,-6.389812007046494,666.6793250488197,1.0,cube,"0,3,8,9,17,20,22,23,25,28,30,31",cap500_cut1e-8
500,12,1e-08,dense,0.001169356322874879,0.005897307338810235,-6.459845396490312,731.1921750754885,496,785.6241477443097,-4.213484773869098e-13,9.126092619473125e-10,1.544355682440632,2,0.182,0.0,0.0011664623286632477,-6.462788688151944,732.0551284779215,1.0,cube,"1,3,4,6,10,11,14,18,19,21,22,29",cap500_cut1e-8
500,12,1e-08,dense,0.001580813155538311,0.00345388814046828,-6.2691188727126415,553.0159475971052,497,1490.2907875752242,-1.3578275719293226e-10,1.0643609277879508e-09,1.2940827637688144,2,0.236,0.0,0.0015765458702967502,-6.273404899671956,554.7547660331219,1.0,cube,"0,2,3,5,8,9,11,20,26,28,30,31",cap500_cut1e-8
500,12,1e-08,dense,0.0001154653998485171,0.007032556257888822,-6.7858114790902215,1172.4392307065502,497,887.3205798277779,1.0586510781325365e-11,6.817342095789146e-06,2.684023979689557,2,0.208,0.0,0.0006982334820882786,-6.782349956126256,1157.058151785734,1.0,cube,"2,4,9,16,17,18,19,23,26,27,28,31",cap500_cut1e-8
500,12,1e-08,dense,3.6424947237951585e-07,0.004032058313494919,-6.331899428734069,6719.94911248149,497,1303.886723144278,8.835500122902507e-10,1.3695243158359904e-08,1.0580174972410552,3,0.216,0.0,0.0007488316307485023,-6.310221008612994,588.6548623524965,1.0,cube,"0,2,7,11,12,13,15,16,21,25,28,31",cap500_cut1e-8
500,12,1e-08,dense,2.911253661655905e-07,0.005333803411966952,-6.461460701169551,8094.880821879486,497,990.1923976643235,4.748241829198051e-10,2.0296438509355764e-08,0.879724371019116,2,0.202,0.0,0.0007864194600716587,-6.4381900639132645,712.355159366312,1.0,cube,"6,7,8,9,10,11,14,21,22,24,26,28",cap500_cut1e-8
500,12,1e-08,dense,2.498681258567143e-08,0.004004556767451641,-6.348946417184561,81020.42186491001,498,1032.2218344784703,1.853610413251226e-11,8.951537162577444e-06,1.0336005290486208,2,0.232,0.0,0.0014117505502501038,-6.323717843385388,602.1070853700857,1.0,cube,"0,1,2,4,10,11,12,14,15,21,22,26",cap500_cut1e-8
500,12,1e-08,dense,3.631429052023769e-07,0.005182726773000505,-6.407483735537039,6245.953765077288,497,1285.4699441067821,-2.557410941306366e-11,1.7050428509236018e-09,1.1077309828984927,2,0.182,0.0,0.0009887826376631618,-6.388057871650111,659.0947356689688,1.0,cube,"0,3,12,15,21,22,23,24,26,27,29,30",cap500_cut1e-8
500,12,1e-08,dense,0.0018048488110327466,0.003229427733134832,-6.2254056646007125,513.3743398936007,496,1489.198249553483,-2.2703239605228345e-10,2.1430541819078e-09,1.4518452410326903,2,0.192,0.0,0.0018001942362261849,-6.231784857579668,516.0094916945628,1.0,cube,"0,2,5,6,7,8,10,13,17,24,25,26",cap500_cut1e-8
500,3,1e-08,dense,5.016936256724388e-07,0.0029877972949828146,-6.411987426363391,5036.43307731512,497,605.2430470706952,1.8458787925642506e-13,1.731015404791829e-08,0.07257006341920459,5,1.0,0.0,6.54177598035263e-05,-6.403274062147271,981.8324245748091,1.0,cylinder,"2,13,18",cap500_cut1e-8
500,3,1e-08,dense,8.152567895074283e-07,0.0029559993658103507,-6.368749001148439,3267.059621788817,497,383.7244195655371,7.351463136833074e-13,1.4030039394935886e-08,0.12214587363488214,5,0.562,0.0,9.516168613619545e-05,-6.360983532876916,805.514221010118,1.0,cylinder,"12,13,14",cap500_cut1e-8
500,3,1e-08,dense,3.0976296220053075e-07,0.00582425419023342,-6.9524998388145125,20440.891497082128,497,214.6696870368008,-3.3777452334710974e-13,1.2711137434197732e-08,0.10599388042773286,5,0.592,0.0,2.1126596224357654e-06,-6.950165989214323,15201.046237993742,1.0,cylinder,"6,12,24",cap500_cut1e-8
500,3,1e-08,dense,6.646229508328721e-07,0.0026740861260672075,-6.303020288831259,3685.721950530174,497,725.9890400700194,-7.041638727337274e-13,1.2368797894660544e-08,0.0679216580175579,5,0.7,0.0,0.00033422063025876486,-6.293564782987379,618.4451961131855,1.0,cylinder,"0,7,13",cap500_cut1e-8
500,3,1e-08,dense,1.3476593590260611e-05,0.002666512860272903,-6.298292173631637,787.7155664254675,496,346.5426025024125,2.64103257346327e-12,1.7496027023272212e-08,0.08220636310686379,5,0.364,0.0,0.00018626563002608072,-6.30276748029518,658.8689616323957,1.0,cylinder,"1,6,8",cap500_cut1e-8
500,3,1e-08,dense,4.580504955881223e-08,0.0032123341219541654,-6.321991771940958,45187.56818300196,498,385.55295720168465,-5.47941975508651e-13,1.1998758601865823e-08,0.11433827584294715,5,0.492,0.0,0.00016867705253515873,-6.295190710116802,648.5598036184873,1.0,cylinder,"8,9,22",cap500_cut1e-8
500,3,1e-08,dense,1.0014832086417468e-06,0.003956205001920584,-6.63100558202353,4773.316896869361,497,556.0868019590245,-5.532819313788266e-16,1.0460517304515935e-08,0.13104889976393724,5,0.686,0.0,1.161839078299869e-05,-6.626673882859748,2961.192953422435,1.0,cylinder,"21,25,31",cap500_cut1e-8
500,3,1e-08,dense,3.4549745830556735e-07,0.006904762462589583,-7.027839828260345,37993.65542295826,496,228.84951157367357,-5.223194124051643e-12,9.207317799784794e-09,0.1292357406466843,5,0.318,0.0,3.276157438941e-07,-7.041073825873356,41685.19914011754,1.0,cylinder,"1,24,25",cap500_cut1e-8
500,3,1e-08,dense,7.743704327397048e-08,0.006231697153891901,-7.110294571750678,141374.57626071747,488,325.9833980441512,-5.298299777971902e-16,1.0550628928401993e-08,0.17591267091394844,5,0.742,0.0,7.23428258823118e-08,-7.123340078050628,169218.1014620094,0.984,cylinder,"20,24,28",cap500_cut1e-8
500,3,1e-08,dense,1.6324506826103124e-08,0.004832577082868107,-7.009747141521367,222014.43558306753,488,400.6500289723478,-8.255588167895228e-16,1.0736976600388612e-08,0.2051133264093656,5,0.64,0.0,7.549089278031959e-08,-6.998642577972866,122461.61343331714,0.982,cylinder,"14,24,31",cap500_cut1e-8
500,3,1e-08,dense,2.8441885141611215e-07,0.00639551094105062,-6.960812384153899,36482.62376992935,496,367.7009249419994,9.076320146923094e-15,7.436401169876594e-09,0.21038606714640185,5,0.698,0.0,5.965205533897039e-07,-6.973846993845099,36457.547203596376,1.0,cylinder,"22,29,30",cap500_cut1e-8
500,3,1e-08,dense,1.1209320980054087e-05,0.005766547475196524,-6.709104905551688,2481.1198455614567,496,339.887524421218,3.0094926295354925e-13,1.2303115063218908e-08,0.21088394962320503,5,0.69,0.0,7.62888229008023e-06,-6.7177282423320195,2640.565197826719,1.0,cylinder,"18,20,30",cap500_cut1e-8
500,3,1e-08,dense,1.8116068915545818e-07,0.0026287658398092867,-6.295705760853428,11727.59678861874,497,1039.6877179607118,7.395195100703724e-14,1.1194202906239098e-08,0.06304726110193344,5,1.0,0.0,0.0002549432951593061,-6.2846490871427925,601.0915094747238,1.0,cylinder,"0,8,21",cap500_cut1e-8
500,3,1e-08,dense,1.0330013521883741e-07,0.0034224117666881095,-6.622529261906386,22533.44941751814,497,669.6812086690792,-3.260704882484201e-14,1.2623847859514388e-08,0.1001647560214794,5,0.988,0.0,9.317144298808348e-06,-6.611971434501472,3069.139118399201,1.0,cylinder,"11,21,29",cap500_cut1e-8
500,3,1e-08,dense,3.223034143503663e-08,0.008215887915890193,-7.080912907045552,68645.53126230002,498,156.12701360854322,6.62431774789788e-14,1.3411468469612647e-08,0.12435950402746619,5,0.502,0.0,1.7455710204668565e-05,-7.059031117878987,6085.388943588624,1.0,cylinder,"4,12,23",cap500_cut1e-8
500,3,1e-08,dense,2.486390543764926e-07,0.010665748045174596,-7.550723176953878,98213.1226884998,442,222.06106562063903,-3.645689650186062e-16,8.339766869406784e-09,0.33426347895103564,5,0.74,0.0,1.9998179165340114e-07,-7.583128664210882,122342.20331739036,0.894,cylinder,"20,28,30",cap500_cut1e-8
500,3,1e-08,dense,6.614352032767241e-07,0.0026252296823629333,-6.285393942622244,3692.8093786390004,497,722.9052008084797,-2.439832529797835e-13,1.2019385072136694e-08,0.10274963608402468,5,0.698,0.0,0.00036338931710199574,-6.2746720087335675,581.6915727746616,1.0,cylinder,"0,8,14",cap500_cut1e-8
500,3,1e-08,dense,7.36408827115036e-06,0.014455465555097845,-6.9942454063083765,2997.704674918993,497,61.56200098986364,2.683504646345968e-13,1.225463306819392e-08,0.07089947976848945,5,0.31,0.0,4.820756735655478e-05,-6.991701562476875,2791.498099865973,1.0,cylinder,"1,2,17",cap500_cut1e-8
500,3,1e-08,dense,1.0623127345691204e-06,0.008976729200819298,-7.178407288372386,13452.418288129067,497,157.74601727004043,-1.3445727478354743e-13,9.956755788028075e-09,0.1864875921269446,5,0.496,0.0,7.069184287425435e-06,-7.172628953201702,11673.98840991002,1.0,cylinder,"9,14,23",cap500_cut1e-8
500,3,1e-08,dense,3.402700377630115e-06,0.003371153179395405,-6.559256141623346,2938.261549024012,496,251.5836231733868,-1.8162969110252187e-13,2.022399063170085e-08,0.09602913804820071,5,0.336,0.0,1.0515431002527132e-05,-6.565760869343342,2616.8583408577106,1.0,cylinder,"1,6,18",cap500_cut1e-8
500,5,1e-08,dense,1.8301895550079261e-07,0.002804486202474652,-6.389912789959967,12231.815801558472,498,776.5170407235496,3.4433732293321456e-13,1.5058834264988556e-08,0.14165171460526876,5,0.494,0.0,9.404159885172643e-05,-6.368224591313617,878.481501029817,1.0,cylinder,"3,4,13,16,25",cap500_cut1e-8
500,5,1e-08,dense,2.4692317356554215e-07,0.010363738390207685,-8.073850918550846,126117.09473025464,497,319.7515669437735,1.0583070580627254e-12,8.333856988171836e-09,0.33452102593318944,5,0.534,0.0,5.744988862014104e-07,-8.064702641035062,118209.16866676619,1.0,cylinder,"9,15,27,28,30",cap500_cut1e-8
500,5,1e-08,dense,3.646115101191379e-08,0.011276831232850077,-7.3422949903814745,61357.13960378531,498,208.49479908759233,1.2208987255724866e-12,9.182194705857931e-09,0.2580959039935616,5,0.5,0.0,1.2152069627198416e-05,-7.320124468987483,6201.908683912391,1.0,cylinder,"2,4,7,27,30",cap500_cut1e-8
500,5,1e-08,dense,5.049143691581533e-07,0.0025475173313521814,-6.277204683175768,4588.668452623774,497,811.0311509578785,1.3437863204999329e-12,2.0714897047808708e-08,0.09505546922657257,5,0.67,0.0,0.0003411985962141638,-6.266744185168601,576.9720399943858,1.0,cylinder,"0,5,7,10,14",cap500_cut1e-8
500,5,1e-08,dense,6.651233610403454e-07,0.0028422187324105798,-6.33462011620083,3706.5975528199156,497,877.4966343256474,-6.892309659122778e-13,1.5060423409252938e-08,0.20219225862604098,5,0.678,0.0,0.00023155157119577637,-6.325966490495198,682.4152523259772,1.0,cylinder,"0,7,14,26,31",cap500_cut1e-8
500,5,1e-08,dense,1.8592488443905094e-06,0.003231289779649229,-6.4463604520484585,2101.5802195396695,497,771.3124601381863,-5.950436532218014e-14,1.514163538610958e-08,0.2009250287024196,5,0.68,0.0,9.027640313651755e-05,-6.440511206566186,1029.8686580674444,1.0,cylinder,"7,8,10,29,30",cap500_cut1e-8
500,5,1e-08,dense,3.898383033777463e-06,0.003342560308826,-6.501808317557111,1806.8242410313055,497,739.0379701109798,4.4655953262038084e-14,1.5012222915194824e-08,0.2009511088500222,5,0.688,0.0,4.7971874046379495e-05,-6.498057056212298,1311.2074087606206,1.0,cylinder,"3,11,21,22,23",cap500_cut1e-8
500,5,1e-08,dense,2.9957431981138397e-06,0.003578491328410346,-6.582892035849155,2760.43081523005,497,584.2447627683025,-3.932905743046854e-12,2.1157319742212046e-08,0.17821323761589367,5,0.332,0.0,1.3019652899406243e-05,-6.579650183683627,2171.590559901298,1.0,cylinder,"1,9,10,18,31",cap500_cut1e-8
500,5,1e-08,dense,2.882710850794694e-07,0.0049340929397305965,-6.775102930823905,10350.625731848975,497,728.5206321374469,-2.4058641905219607e-13,1.0175022263454564e-08,0.3549081814548963,5,0.736,0.0,8.315585773360586e-06,-6.76736768903732,3592.7623163174517,1.0,cylinder,"19,21,28,30,31",cap500_cut1e-8
500,5,1e-08,dense,8.477463909112282e-07,0.00334201838681647,-6.484444686109681,3670.5681539983766,497,900.2570188354807,-1.9213455687230429e-13,1.4871875760210979e-08,0.1697663623436707,5,0.698,0.0,3.714891185151378e-05,-6.477534119910449,1303.5871215269863,1.0,cylinder,"3,14,21,24,31",cap500_cut1e-8
500,5,1e-08,dense,1.0823371875845047e-06,0.005706005805353529,-6.769163954742298,5156.299080602589,497,591.4450598746129,-1.3658768415934646e-12,1.0606715364943441e-08,0.42323952598892234,5,0.67,0.0,1.0878314620401363e-05,-6.763951736255595,3503.6089658165884,1.0,cylinder,"16,20,25,28,31",cap500_cut1e-8
500,5,1e-08,dense,1.4794277392924487e-07,0.0032509377941134037,-6.50706491752287,15064.340439904006,497,1129.5004415218716,-8.607179974270186e-13,1.4331774018367974e-08,0.16520869772003438,5,0.982,0.0,3.832718052312035e-05,-6.49667741801313,1463.3074561739522,1.0,cylinder,"10,13,18,24,29",cap500_cut1e-8
500,5,1e-08,dense,2.2506834446602477e-08,0.00421843684280524,-6.670654651793687,92576.33144374528,498,554.4593388708148,-2.185040090004539e-14,1.1659098743104782e-08,0.2106291005359645,5,0.604,0.0,1.6808573414391577e-05,-6.647288259890334,2705.1456620120316,1.0,cylinder,"7,12,17,21,24",cap500_cut1e-8
500,5,1e-08,dense,7.956412420072016e-08,0.009855602355324584,-7.254969567031279,40840.17763598038,498,284.56932354877443,1.1114306272146596e-12,7.340328441939739e-09,0.2914355621458147,5,0.324,0.0,3.91450917649858e-06,-7.232628864180618,12723.841209590957,1.0,cylinder,"1,12,17,25,31",cap500_cut1e-8
500,5,1e-08,dense,1.0100162772441976e-07,0.0031220385467284986,-6.471694799691134,21366.211141091622,498,666.8704281658395,7.468426100085788e-13,1.685590853779421e-08,0.1522555553106963,5,0.516,0.0,6.18868417052053e-05,-6.449551723079188,1171.278691372212,1.0,cylinder,"4,7,13,18,30",cap500_cut1e-8
500,5,1e-08,dense,9.576222177892576e-08,0.012226919364299671,-7.679278424623899,60216.05912301845,497,182.0955989848087,-1.5843787161227278e-13,8.495887645560059e-09,0.3552756266916659,5,0.542,0.0,1.6361621703736314e-06,-7.667278766447262,37833.390188865975,1.0,cylinder,"7,9,14,19,20",cap500_cut1e-8
500,5,1e-08,dense,3.765285894921934e-08,0.0035626631195470135,-6.450369099683657,54540.0289084688,498,723.9953672865399,9.94402703049122e-13,1.6808360612674614e-08,0.2369910162201076,5,0.538,0.0,0.00010286211097644562,-6.426258677437563,955.0148728776097,1.0,cylinder,"5,12,23,25,26",cap500_cut1e-8
500,5,1e-08,dense,8.087250270860512e-07,0.0030167697177246465,-6.416675182727711,3451.5022347250815,497,1077.610482656754,2.0550232932170928e-13,1.3895485200324702e-08,0.1795038141800086,5,0.886,0.0,9.265681450962281e-05,-6.408770453101979,949.4304803971497,1.0,cylinder,"3,8,15,21,29",cap500_cut1e-8
500,5,1e-08,dense,7.563615908901269e-08,0.006641991633059496,-6.997142076443692,36589.43322178545,498,426.8200826276215,4.223575294618915e-13,8.356369961019475e-09,0.24462287041829323,5,0.546,0.0,5.6650259221122604e-06,-6.9775344437622575,9384.403233384688,1.0,cylinder,"9,12,19,25,29",cap500_cut1e-8
500,5,1e-08,dense,1.6694849836918007e-08,0.012262982176759816,-7.722929635630451,258220.7776330355,436,240.2440544880087,-4.076250740787633e-16,6.257561007623577e-09,0.22726780761045468,5,0.316,0.0,1.431489009132676e-07,-7.73146754191597,144637.4859629247,0.88,cylinder,"1,6,25,28,30",cap500_cut1e-8
500,8,1e-08,dense,3.091759794337033e-06,0.004079588045931748,-6.597460162385753,2368.1337746702084,497,891.1721136595907,2.2026088690670574e-14,1.4004520991940232e-08,0.27242114180048205,5,0.686,0.0,3.9584707325851155e-05,-6.593097272161947,1754.586832451891,1.0,cylinder,"3,6,7,15,19,21,25,31",cap500_cut1e-8
500,8,1e-08,dense,1.0722648747593e-06,0.004678821733649012,-6.684920529077899,4015.704764031448,497,842.8381941797227,-3.6245639414075054e-12,1.2312947487003117e-08,0.38941675155465527,5,0.32,0.0,3.527162631888635e-05,-6.677744789445599,2172.5982757251786,1.0,cylinder,"1,3,7,19,24,26,27,28",cap500_cut1e-8
500,8,1e-08,dense,3.458867238292375e-08,0.002646162501538466,-6.33349370779259,59057.59163249541,498,974.5812389450182,3.559741995512147e-15,1.8995944328490496e-08,0.1832168322663304,5,0.354,0.0,0.0002407657615489029,-6.307548602033722,651.493687536894,1.0,cylinder,"0,1,2,3,6,9,18,24",cap500_cut1e-8
500,8,1e-08,dense,1.2020308758210336e-08,0.003878658363839117,-6.689631966693204,171496.89393547815,498,1178.4850934407293,-1.1194094453375588e-12,1.242265798625459e-08,0.3683846817414008,5,0.618,0.0,9.724575838341249e-06,-6.663487154715922,3451.541699135859,1.0,cylinder,"11,15,17,18,19,21,24,31",cap500_cut1e-8
500,8,1e-08,dense,7.98022435487826e-06,0.004408681341638862,-6.540546865482989,1587.0354255852453,497,563.4686668208016,-1.2026156880496157e-13,1.8262548145423048e-08,0.2130054802768302,5,0.338,0.0,5.648400300655176e-05,-6.53841274155411,1370.516197412775,1.0,cylinder,"1,2,3,6,7,15,17,26",cap500_cut1e-8
500,8,1e-08,dense,1.5228649482513593e-08,0.004143360675958501,-6.541588788788462,133398.24343006263,498,1192.693098815083,1.7383432146249526e-12,1.0760882066420249e-08,0.5367562093210816,5,0.616,0.0,5.5414372124964525e-05,-6.5155646776072915,1217.7623958980632,1.0,cylinder,"8,14,17,24,26,27,30,31",cap500_cut1e-8
500,8,1e-08,dense,4.580047671089351e-07,0.004275853414796066,-6.737211961308587,7990.010896391674,497,1165.3090647101474,1.505292883308189e-12,1.2284614578341204e-08,0.3515588527196417,5,0.648,0.0,8.636067737716467e-06,-6.728594414219911,3671.948402990113,1.0,cylinder,"10,11,16,19,20,26,29,31",cap500_cut1e-8
500,8,1e-08,dense,1.345912701817e-07,0.004767667019286383,-6.396548119829886,16121.458552805774,498,716.6169144683997,-2.0226051006594108e-12,1.2628906149779379e-08,0.30341839942519433,5,0.504,0.0,0.0001338993962234722,-6.371965385026911,770.66645521703,1.0,cylinder,"2,3,4,8,14,22,25,28",cap500_cut1e-8
500,8,1e-08,dense,1.0680805255305394e-07,0.0035486458704613436,-6.390158159260895,19716.36847331879,498,1088.1930578137958,-8.578764843812763e-13,1.1877366725667867e-08,0.3019479905296738,5,0.49,0.0,0.00018749493279936243,-6.367896488199572,746.64289190428,1.0,cylinder,"0,4,7,17,20,24,29,31",cap500_cut1e-8
500,8,1e-08,dense,1.7102322462860104e-07,0.0043355650070819275,-6.522394591539299,13107.263320352851,498,891.6330983856174,-2.1161005475277494e-14,1.4812503900566135e-08,0.2640031716497316,5,0.536,0.0,8.712738818027291e-05,-6.500965430261721,1125.326504914327,1.0,cylinder,"4,5,7,15,18,22,30,31",cap500_cut1e-8
500,8,1e-08,dense,1.958065192305172e-06,0.0035887555018390945,-6.597361636895868,3272.340173214077,497,1048.3958721981344,2.2103109183265147e-12,1.2088654625127026e-08,0.393247721502388,5,0.328,0.0,1.2785829348250594e-05,-6.593466326449012,2358.7840021487177,1.0,cylinder,"1,6,7,9,16,21,29,31",cap500_cut1e-8
500,8,1e-08,dense,2.3910798838738947e-06,0.0036683294265302,-6.395312123751953,1615.6064408980044,497,1130.4478234910844,-1.957358146858436e-12,1.4646361909357516e-08,0.4678812442146486,5,0.698,0.0,0.000174103186592132,-6.388973260880287,777.8885943853728,1.0,cylinder,"0,7,11,15,24,28,29,30",cap500_cut1e-8
500,8,1e-08,dense,4.6243477334310354e-08,0.003173319789992172,-6.39984886525323,44760.52052442673,498,1252.131727838737,-1.3988305706348323e-12,1.3878519709342857e-08,0.4422716631210741,5,0.562,0.0,8.818062496987056e-05,-6.3741441020962615,828.9058902446754,1.0,cylinder,"5,12,13,14,19,21,28,30",cap500_cut1e-8
500,8,1e-08,dense,9.153256798261692e-07,0.003918751424434575,-6.693235602862605,5687.80646552553,497,1194.2132613985546,6.743006784121192e-13,1.4331410349002983e-08,0.328456181737973,5,0.662,0.0,7.53110038268872e-06,-6.688361523317411,3726.566744865664,1.0,cylinder,"11,15,16,18,22,24,27,29",cap500_cut1e-8
500,8,1e-08,dense,2.332658285507494e-08,0.0031347331857422707,-6.385702707470765,87312.69095443627,498,988.5656403164518,-6.005808246592613e-13,1.8234726222195502e-08,0.2753793001635943,5,0.514,0.0,0.0001408486833641389,-6.35777939889618,770.6463948817901,1.0,cylinder,"2,4,5,7,8,23,27,28",cap500_cut1e-8
500,8,1e-08,dense,2.0302973483020185e-07,0.0041772018250285205,-6.3370303360968165,10676.424531321378,498,872.1615939019803,-2.405258741223465e-12,1.422498423849422e-08,0.6920921159741846,5,0.48,0.0,0.0002262031108767898,-6.316621763641551,647.4998967048633,1.0,cylinder,"0,2,4,15,17,25,26,30",cap500_cut1e-8
500,8,1e-08,dense,3.1482231088726994e-08,0.005064891840647918,-6.7458682559242495,67747.90076236842,498,842.8506363683964,2.6606600469296817e-13,9.443772420843759e-09,0.4518268201519755,5,0.346,0.0,9.565371086043938e-06,-6.722687742423799,3411.290246105778,1.0,cylinder,"1,7,9,21,22,24,30,31",cap500_cut1e-8
500,8,1e-08,dense,1.6343134712098828e-08,0.0042068390318672575,-6.731978258055536,127630.66299820818,498,1030.6795810148078,1.400698216321491e-12,1.2429478151121289e-08,0.5164716431605259,5,0.642,0.0,9.244039454558666e-06,-6.707864084750946,4090.225456758229,1.0,cylinder,"11,14,16,17,23,24,25,26",cap500_cut1e-8
500,8,1e-08,dense,6.585097493402733e-08,0.004113365540765889,-6.687104564487425,34153.77134203702,498,901.716625120021,-7.062335367577714e-13,1.3552616202979939e-08,0.30009770182521195,5,0.482,0.0,1.3731811728468744e-05,-6.665229405541133,3320.162867461117,1.0,cylinder,"4,10,14,15,16,22,24,26",cap500_cut1e-8
500,8,1e-08,dense,4.926295492772116e-08,0.0037093500993404414,-6.390386996859292,41750.81602177228,498,1054.5495202344985,8.234971853091992e-13,1.3721964950107239e-08,0.3458969027577189,5,0.618,0.0,0.00019582054198986272,-6.365216305592225,737.9007312041291,1.0,cylinder,"0,7,12,16,19,22,28,31",cap500_cut1e-8
500,12,1e-08,dense,4.710557448471007e-08,0.0032162740778284133,-6.451869916875035,44171.17498724486,498,1657.7231365929501,-5.32206438213791e-12,1.6870714523076942e-08,0.48837027080531237,5,0.528,0.0,6.13345602245516e-05,-6.426911695814428,1019.821336272528,1.0,cylinder,"2,3,8,9,11,14,18,20,21,22,23,31",cap500_cut1e-8
500,12,1e-08,dense,5.634387791011825e-08,0.003617875377481472,-6.463688626147195,36956.45916179987,498,1333.8663193445811,2.3974987290498544e-12,1.663351317146436e-08,0.36660980218314554,5,0.338,0.0,8.305417495182962e-05,-6.440205946676095,1023.9779760978731,1.0,cylinder,"1,3,5,9,10,11,14,17,18,23,24,30",cap500_cut1e-8
500,12,1e-08,dense,1.538004032063333e-08,0.0034336610967373345,-6.512572153008782,132307.19939684562,498,1851.8281981816167,3.3810284926078493e-12,1.4422115503372057e-08,0.5076563085104232,5,0.616,0.0,5.8400571241607493e-05,-6.485498681185747,1241.128914378331,1.0,cylinder,"3,8,10,14,15,16,17,19,26,27,29,31",cap500_cut1e-8
500,12,1e-08,dense,1.2550329310373549e-08,0.003132544439571522,-6.433981354653068,161585.74647680603,498,2318.2391088186664,9.107476173477168e-13,1.3107284259242613e-08,0.4211549769863504,5,0.672,0.0,0.00011842172397320678,-6.405149111599837,875.0901811538637,1.0,cylinder,"0,7,8,18,19,21,22,23,24,26,28,29",cap500_cut1e-8
500,12,1e-08,dense,3.285397496688746e-08,0.003623422520243583,-6.566816048978658,63600.6472593016,498,1638.8345235362845,-1.192364723971767e-12,1.1450112320358878e-08,0.5548118432836198,5,0.358,0.0,2.686687392203324e-05,-6.541998255448621,1806.8739231808297,1.0,cylinder,"1,6,9,11,13,14,19,21,26,28,29,30",cap500_cut1e-8
500,12,1e-08,dense,3.2824423257084554e-08,0.003065004478748497,-6.378827552666244,62244.31238871982,498,1476.202391069061,2.6237032476735025e-12,1.6315121331533867e-08,0.3568828448337186,5,0.312,0.0,0.00016448308326345396,-6.352870657836236,742.8338266731529,1.0,cylinder,"0,1,2,6,10,11,13,15,17,19,27,29",cap500_cut1e-8
500,12,1e-08,dense,1.240707390211932e-07,0.003013802415940377,-6.380041564204197,17169.237725544852,498,1383.150714712202,-1.950404025434885e-12,1.598102474270622e-08,0.3526615879053142,5,0.35,0.0,0.00017982497202358465,-6.357425943401127,765.0551917181663,1.0,cylinder,"0,1,4,6,10,11,12,13,14,19,20,29",cap500_cut1e-8
500,12,1e-08,dense,1.1417274082190523e-07,0.002904580465427608,-6.347354031458625,18614.876686183292,498,1555.8910085276682,-3.935258370255366e-13,1.7311414075428385e-08,0.5722454136746034,5,0.516,0.0,0.00022005414211660667,-6.323104645272713,678.1565819078992,1.0,cylinder,"0,2,4,5,6,8,11,15,19,22,28,31",cap500_cut1e-8
500,12,1e-08,dense,7.39817137702483e-08,0.003487334135681767,-6.568932734625915,29167.497410902306,498,1714.35181554284,-2.5365464202478358e-12,1.3736765395268569e-08,0.4835552960255867,5,0.534,0.0,3.0683335073679426e-05,-6.546093991260842,1634.9443154146811,1.0,cylinder,"2,4,9,11,13,16,19,21,24,25,28,29",cap500_cut1e-8
500,12,1e-08,dense,7.692392841267621e-08,0.0033940106745595877,-6.49733778036699,27779.137956398114,498,1894.00668166737,-3.360137145734791e-12,1.2258836964348934e-08,0.8267030598774214,5,0.484,0.0,5.852316750919911e-05,-6.474120385420851,1247.8454021295909,1.0,cylinder,"4,6,8,13,14,15,21,22,26,29,30,31",cap500_cut1e-8
500,12,1e-08,dense,6.282601010660078e-08,0.003300875174249875,-6.53085029138527,33673.27955056838,498,1784.2077004421508,8.300292108244235e-13,1.4891837984362931e-08,0.5629537193754173,5,0.514,0.0,4.8775966900913366e-05,-6.5074483460689185,1380.154427716043,1.0,cylinder,"4,8,10,12,14,16,18,19,20,21,23,29",cap500_cut1e-8
500,12,1e-08,dense,2.5583671955176443e-08,0.0044564590780262646,-6.591956799251025,80693.16079999889,498,1349.5028441285854,-4.68868954889036e-13,1.3337998102041978e-08,0.5307190373289689,5,0.596,0.0,3.229854701918954e-05,-6.566934634049868,1715.2996964839128,1.0,cylinder,"3,6,10,14,15,16,17,18,25,28,29,30",cap500_cut1e-8
500,12,1e-08,dense,3.200744464045152e-08,0.004495266214695207,-6.581830721782365,64529.995522735546,498,1523.1759297533476,-2.1781285327500248e-14,1.1728048358454726e-08,0.3818287289670734,5,0.606,0.0,4.6518631547245135e-05,-6.55615131273711,1325.178047633843,1.0,cylinder,"6,8,12,16,19,20,22,24,27,28,29,30",cap500_cut1e-8
500,12,1e-08,dense,3.5009954198212035e-08,0.0032284725846195572,-6.405132982154068,58437.61532087821,498,1721.6106692592466,2.0156844233774294e-12,1.4050192653030996e-08,0.44743671428471904,5,0.294,0.0,0.00016008394587032303,-6.379684786017429,787.8143937396552,1.0,cylinder,"0,1,5,7,12,15,18,22,24,26,29,30",cap500_cut1e-8
500,12,1e-08,dense,7.489563708811445e-08,0.00459429200921875,-6.508446005801974,28078.542362513064,498,1346.6779065094108,-1.0021109755134853e-12,1.1541911438279326e-08,0.6716799804218159,5,0.514,0.0,6.861183412274174e-05,-6.485466830485082,1031.436029327582,1.0,cylinder,"3,4,8,12,15,17,19,20,27,28,29,31",cap500_cut1e-8
500,12,1e-08,dense,3.639690382626364e-08,0.004757551205143923,-6.655454192647844,57530.922525462986,498,1275.1006289314892,-6.878179140342702e-13,1.2058829372784187e-08,0.7871611709862748,5,0.59,0.0,3.0898116972819155e-05,-6.631279758655677,1943.3872105640025,1.0,cylinder,"3,6,10,12,15,19,20,21,22,26,28,30",cap500_cut1e-8
500,12,1e-08,dense,1.587895996606313e-07,0.0035355420315193982,-6.422518185757041,13658.206192153142,498,1546.5024804267855,2.1576611288478373e-13,1.3960339807750179e-08,0.3393200404150707,5,0.534,0.0,0.00013911224910445692,-6.401879602650833,854.1199114011683,1.0,cylinder,"0,4,9,10,11,12,18,19,24,25,26,30",cap500_cut1e-8
500,12,1e-08,dense,1.720197834630235e-08,0.005152946547561738,-6.826744928015048,123335.73551792192,498,1240.6467231148192,-2.3589583474687128e-12,1.0732899519352966e-08,0.8942705116288003,5,0.288,0.0,6.406594936914853e-06,-6.801804313116449,5857.42363657205,1.0,cylinder,"1,6,7,9,19,21,22,24,27,28,29,31",cap500_cut1e-8
500,12,1e-08,dense,4.240840710814095e-08,0.002665333775356725,-6.348340260265752,48369.02260234444,498,1815.9193961461237,-2.4812513651902715e-13,1.7952861114011277e-08,0.5950615602722447,5,0.574,0.0,0.00019357438390051464,-6.323300498588814,701.113115210684,1.0,cylinder,"0,3,5,7,10,12,13,17,18,19,23,30",cap500_cut1e-8
500,12,1e-08,dense,7.56474290598379e-08,0.00334061860962232,-6.494613210472176,28265.372769891124,498,1662.5540422342556,-3.5285776146255284e-13,1.3977532777029057e-08,0.36811826838691947,5,0.352,0.0,4.310061435703739e-05,-6.470794336379425,1239.8725103131844,1.0,cylinder,"1,3,4,6,11,13,15,21,24,26,27,28",cap500_cut1e-8
500,3,1e-08,dense,2.1402044077574985e-06,0.00409008187912199,-6.46263339674938,3088.680880433503,499,296.6807211165591,-2.7960966875184567e-13,3.0905768021351424e-13,0.08588318947740145,9,0.508,0.0,1.932259251660213e-05,-6.422392444091252,1175.272583216555,1.0,hemisphere,"9,10,11",cap500_cut1e-8
500,3,1e-08,dense,1.985940442330595e-07,0.005660175850397351,-6.612916118065695,22370.781732458334,499,384.9627930776501,-5.728423549004493e-13,2.9236762046583667e-13,0.1942178315536696,9,0.71,0.0,2.4476481249446625e-05,-6.551484341269182,1394.3236492864917,1.0,hemisphere,"19,21,22",cap500_cut1e-8
500,3,1e-08,dense,2.417685943869175e-07,0.0037781596495290904,-6.50480409274237,13795.480072649034,499,489.56536688457743,-9.336701975575385e-13,5.505795700889709e-13,0.12242364341409219,9,0.814,0.0,4.1755078174731366e-05,-6.4505177397613185,1089.728462609225,1.0,hemisphere,"10,21,30",cap500_cut1e-8
500,3,1e-08,dense,4.7304325397193964e-08,0.010276515367727992,-7.443323841353259,165779.37361284049,483,211.06266926437772,-7.398906544427605e-17,3.821681554666403e-14,0.14383175636769668,9,0.48,0.0,5.625146240576254e-08,-7.392774156539055,134451.920079071,0.968,hemisphere,"9,11,19",cap500_cut1e-8
500,3,1e-08,dense,4.895173256491147e-07,0.004318891551219765,-6.528206571040363,8394.769066165896,499,379.16531302909,-7.411673813746689e-13,4.800090542247251e-13,0.1598605041916646,9,0.602,0.0,7.202427242345052e-05,-6.472885417978772,1024.3790248594696,1.0,hemisphere,"8,17,19",cap500_cut1e-8
500,3,1e-08,dense,2.2358297166997865e-08,0.00814478789289737,-7.1640486438676945,241118.44941780434,497,237.68457683059918,-6.99047755501679e-18,1.5103392484040375e-13,0.10883458472212357,9,0.59,0.0,3.511456406979949e-08,-7.133728183244481,205106.0612116385,0.998,hemisphere,"17,23,27",cap500_cut1e-8
500,3,1e-08,dense,3.5758201011825293e-07,0.004427683097878638,-6.482653587394816,12244.431505634104,499,402.98393869102483,3.239704180202295e-13,2.051017232114658e-13,0.12674890006113237,9,0.696,0.0,0.00010124668687727008,-6.425208868799802,881.6445935642857,1.0,hemisphere,"13,25,27",cap500_cut1e-8
500,3,1e-08,dense,5.195122970785317e-07,0.004796437141326586,-6.711440379523256,11209.05418138596,499,382.941704953284,6.120414160257268e-13,3.654178371636101e-13,0.12904847719972512,9,0.418,0.0,3.044228664358936e-06,-6.659328348478457,3949.729894922118,1.0,hemisphere,"4,10,26",cap500_cut1e-8
500,3,1e-08,dense,8.841479855050935e-08,0.006514305104209195,-6.95336901512529,69423.40423110008,499,196.08581853887046,4.0224608163883364e-13,3.6135873961592116e-13,0.1057825577063233,9,0.508,0.0,1.4582003753759891e-07,-6.910221351002172,48444.54127600478,1.0,hemisphere,"1,7,24",cap500_cut1e-8
500,3,1e-08,dense,7.865872473819504e-07,0.0064273485468716975,-6.737609448529526,7591.757047907417,499,247.0794785357593,-9.981603271577588e-13,6.959763191166822e-13,0.13013164468113098,9,0.524,0.0,1.0686417051835153e-05,-6.685049503032537,2453.402690507005,1.0,hemisphere,"12,17,26",cap500_cut1e-8
500,3,1e-08,dense,8.652527331464066e-07,0.0033576304842441156,-6.451736888000405,4823.3868255143125,499,352.4504941953537,4.145275338330906e-13,3.821646936271674e-13,0.09568550239524269,9,0.476,0.0,3.706838374639789e-05,-6.401930208626306,904.6894449197416,1.0,hemisphere,"2,9,21",cap500_cut1e-8
500,3,1e-08,dense,6.439809610107746e-07,0.004197938748264394,-6.529093932411682,7120.070303984287,499,387.40032115870764,3.672110357536349e-14,1.3410475445268304e-13,0.12157115948318395,9,0.566,0.0,6.901204696786045e-05,-6.47593128616801,1079.2987014393927,1.0,hemisphere,"8,17,19",cap500_cut1e-8
500,3,1e-08,dense,2.2435212697578123e-08,0.009084903240702609,-7.171311964444066,157630.5058351327,494,200.25993450926512,-1.0259429923769496e-17,9.300048509980037e-14,0.13251753026321,9,0.478,0.0,3.732433220448135e-08,-7.1209832521713805,106044.57358224544,0.99,hemisphere,"9,25,31",cap500_cut1e-8
500,3,1e-08,dense,1.9549659012580014e-08,0.01037787213643861,-7.375163432451517,173808.66096040548,496,173.6229632579635,-2.085159147843695e-17,9.012365526756595e-14,0.16920927808723685,9,0.468,0.0,3.9622516090799386e-08,-7.323366577968592,94947.70981161795,0.994,hemisphere,"4,23,30",cap500_cut1e-8
500,3,1e-08,dense,1.2277397573930844e-07,0.007159558530059045,-6.97432902651068,55326.07296260079,495,249.71519744653972,-3.845470661452108e-13,2.427645650442075e-13,0.10996849790048838,9,0.718,0.0,2.2932358108519998e-07,-6.924847956726593,31702.37217926551,0.992,hemisphere,"6,20,31",cap500_cut1e-8
500,3,1e-08,dense,2.4540452994665686e-07,0.0038238977574977066,-6.510615074556422,13841.280188931582,499,492.3912301807695,-1.3537479573409185e-13,9.147989491102416e-14,0.12382416517786722,9,0.786,0.0,7.051078531518545e-05,-6.454765360117215,1011.983021670564,1.0,hemisphere,"10,13,30",cap500_cut1e-8
500,3,1e-08,dense,1.5886571731893258e-08,0.023118267489720793,-8.007293573089946,370331.45276215434,424,44.434384689238414,-5.763948135185928e-14,7.438057468950632e-14,0.10396115409778667,9,0.486,0.0,1.0427684318490615e-08,-7.977258579789149,464401.86470786115,0.852,hemisphere,"9,12,14",cap500_cut1e-8
500,3,1e-08,dense,5.387444384310862e-07,0.006657386598723902,-6.756420634270107,10674.56973378841,499,248.80281763438074,-3.4759007961460454e-13,2.354788663991125e-13,0.13648095074119115,9,0.458,0.0,7.510651922110535e-06,-6.703160081365299,3037.1273040319543,1.0,hemisphere,"9,22,26",cap500_cut1e-8
500,3,1e-08,dense,5.0962231127613e-07,0.004779161133049338,-6.618267420674925,9483.718154881775,499,357.0841033706272,3.0814890569774686e-13,2.045168760987705e-13,0.1171442992829411,9,0.546,0.0,2.4129286344429557e-05,-6.563127568280865,1561.4949441978856,1.0,hemisphere,"12,21,27",cap500_cut1e-8
500,3,1e-08,dense,9.761274697778135e-07,0.0032730741491727882,-6.394220054250299,5989.671477842077,499,572.3742931143258,6.677508237895657e-14,9.087622635694142e-14,0.10831750863435204,9,0.98,0.0,7.569095699648752e-05,-6.3458621903921575,794.6942963696954,1.0,hemisphere,"3,10,26",cap500_cut1e-8
500,5,1e-08,dense,6.126776813547615e-07,0.003934111522461783,-6.49825796074838,9500.724615659019,499,992.143130766813,-5.191897615998613e-13,1.5791738938378818e-13,0.21596113540378856,9,0.974,0.0,4.632116782280127e-05,-6.445357914305942,998.6113951708627,1.0,hemisphere,"10,13,18,24,31",cap500_cut1e-8
500,5,1e-08,dense,5.004114801153546e-07,0.005439735717281972,-6.552688318206969,7995.641812329175,499,543.9336168646903,5.151752505497265e-13,1.9801415701477574e-13,0.2028196908705243,9,0.458,0.0,6.071105189061634e-05,-6.500528564960564,1060.468707775729,1.0,hemisphere,"9,13,15,23,25",cap500_cut1e-8
500,5,1e-08,dense,1.3570225148597643e-06,0.004199504331808425,-6.490901782248487,4303.653906760694,499,688.3737343863862,4.2448043777870703e-13,1.6430576213476016e-13,0.21521478301450075,9,0.52,0.0,6.699219871232638e-05,-6.443325065762851,943.3839464314364,1.0,hemisphere,"8,9,25,26,31",cap500_cut1e-8
500,5,1e-08,dense,2.3298081843630724e-06,0.002749236592674114,-6.317941665939644,2495.8577102287218,499,678.4067626233655,-8.114523369586978e-13,4.689968229419939e-13,0.12978021683628482,9,0.66,0.0,0.000228081898343261,-6.274101924857899,588.0857464938773,1.0,hemisphere,"2,5,6,8,14",cap500_cut1e-8
500,5,1e-08,dense,1.7674200400560345e-06,0.0030467957297174953,-6.366504361685675,3027.4039428102838,499,660.1668884289559,2.6382960079856035e-13,1.5100125032248614e-13,0.14989412023062948,9,0.438,0.0,0.00016530095033575842,-6.319068621220742,669.8985945741795,1.0,hemisphere,"1,4,8,13,15",cap500_cut1e-8
500,5,1e-08,dense,1.649679790515725e-06,0.003485492804780588,-6.430104092971579,3597.718113415852,499,688.0455230179607,-3.1634744093224105e-13,1.4264668282334557e-13,0.17771328237840534,9,0.418,0.0,9.734080473309571e-05,-6.383067961200986,820.3240986778276,1.0,hemisphere,"1,4,13,16,31",cap500_cut1e-8
500,5,1e-08,dense,8.057957415060935e-07,0.00432854537544083,-6.514186277075964,6203.821203192903,499,819.0364804853352,8.17553707024854e-13,2.519510536613302e-13,0.2082267051509963,9,0.874,0.0,5.699708960504889e-05,-6.467113804034556,1001.6261289359106,1.0,hemisphere,"5,10,23,24,28",cap500_cut1e-8
500,5,1e-08,dense,1.278300598244246e-06,0.005071965483341965,-6.415990317336529,3824.521516214071,499,563.014927145274,-6.988143706859555e-13,2.7197133432828006e-13,0.2742439838138762,9,0.502,0.0,0.00012980243390457946,-6.3695956915232825,732.9257765491341,1.0,hemisphere,"2,8,9,15,23",cap500_cut1e-8
500,5,1e-08,dense,3.8166247549043173e-07,0.006133412998003674,-6.798067794184653,12578.954766738227,499,443.1130129333869,-8.512524723742337e-13,3.4884452346948564e-13,0.21925672301207405,9,0.494,0.0,1.5584016354770848e-06,-6.752511170750346,5308.730300159659,1.0,hemisphere,"1,15,25,26,27",cap500_cut1e-8
500,5,1e-08,dense,2.046036809912464e-06,0.0036684332593552526,-6.451163594020456,2977.3945610272413,499,667.1696218338734,-4.2475764020962775e-13,1.9634048830529214e-13,0.17045364162176913,9,0.578,0.0,4.9535963888136834e-05,-6.410341777461566,913.3766122343453,1.0,hemisphere,"3,10,12,24,31",cap500_cut1e-8
500,5,1e-08,dense,2.4517952794047383e-08,0.01316447310015158,-7.458582045266767,204650.3229448161,484,228.6870135090362,-1.9920847601963503e-16,2.456820300832419e-13,0.2755957049709442,9,0.476,0.0,2.735451760281653e-08,-7.434611913850033,212466.47337465576,0.972,hemisphere,"1,6,22,27,28",cap500_cut1e-8
500,5,1e-08,dense,2.483953652319913e-06,0.0036648718005076264,-6.391673765724875,2768.863850493073,499,733.0244901262411,2.299346217819304e-13,1.5767263705154596e-13,0.21402652843411465,9,0.712,0.0,0.00012458659116355115,-6.349716735471744,731.5818397078167,1.0,hemisphere,"3,8,10,19,22",cap500_cut1e-8
500,5,1e-08,dense,3.790401497299491e-07,0.007666208593347705,-7.035213425345793,16678.140889690905,499,417.64385281709815,-2.8451714725527544e-14,3.5634490405642073e-14,0.2613242081430162,9,0.448,0.0,6.369448893803548e-07,-6.989919747944091,10410.084012963418,1.0,hemisphere,"4,10,12,15,31",cap500_cut1e-8
500,5,1e-08,dense,1.986597626376354e-06,0.004028593953537861,-6.367116836745933,2932.1843154704243,499,667.9261188071328,-1.102007673063581e-13,6.57891668712854e-14,0.2492557902443978,9,0.708,0.0,0.00019347441494982177,-6.323709742658553,654.4066865261476,1.0,hemisphere,"5,6,11,16,25",cap500_cut1e-8
500,5,1e-08,dense,6.770705278305917e-07,0.004320502245312128,-6.417332938411313,5807.0076287434695,499,705.5176487039364,-1.3155840891503068e-12,4.577958133182329e-13,0.23881980146797466,9,0.608,0.0,0.00019097035172428584,-6.3676419727894675,720.6884572845407,1.0,hemisphere,"0,16,17,19,27",cap500_cut1e-8
500,5,1e-08,dense,2.1392871209376725e-06,0.004281677249214555,-6.533741535212206,3461.527586618531,499,472.86223716872547,8.606980145957788e-13,4.585027031845478e-13,0.1227515737834777,9,0.514,0.0,3.110820685715701e-05,-6.490162140673929,1196.606093998048,1.0,hemisphere,"1,5,7,14,31",cap500_cut1e-8
500,5,1e-08,dense,2.1916532892597083e-06,0.005511301300105432,-6.536189425612148,3608.4309911675323,499,407.8722322578541,-4.822461874276485e-13,2.280828969454138e-13,0.14383183451335918,9,0.602,0.0,2.2925799287972876e-05,-6.492472257595817,1192.9382039324232,1.0,hemisphere,"6,7,17,21,25",cap500_cut1e-8
500,5,1e-08,dense,5.486115499863139e-07,0.003873738250848576,-6.492397722819871,7141.08387321419,499,808.6276430831613,2.6379320753055663e-13,1.0439249034197492e-13,0.2085215115550053,9,0.848,0.0,6.294122395561678e-05,-6.442851489139431,988.4594125630565,1.0,hemisphere,"2,13,24,28,29",cap500_cut1e-8
500,5,1e-08,dense,1.559125522918963e-06,0.003093076962724822,-6.338600232985484,3957.2470569320403,499,720.688577342477,1.6364986669824447e-12,7.562908015793826e-13,0.16979451496502104,9,0.49,0.0,0.0004266139046984335,-6.28834328968184,599.3352170772722,1.0,hemisphere,"0,6,9,13,27",cap500_cut1e-8
500,5,1e-08,dense,8.663990595032048e-07,0.003552716010390862,-6.446513451484671,5658.5020643338685,499,937.9044930864304,3.881823248258476e-14,5.3285820378098105e-14,0.15894697687795512,9,0.594,0.0,0.00011441634419227467,-6.395813438472964,833.2615298316721,1.0,hemisphere,"3,13,17,21,29",cap500_cut1e-8
500,8,1e-08,dense,2.006370003545752e-06,0.0031522997002679386,-6.373663563588537,3034.013692193688,499,1219.6759684377616,7.947616943463727e-13,2.2281711134241206e-13,0.24548246558287334,9,0.698,0.0,0.0002485430013751191,-6.329964633223437,674.8924331783854,1.0,hemisphere,"0,11,13,18,19,22,23,25",cap500_cut1e-8
500,8,1e-08,dense,1.7355966473120221e-06,0.004926710549733928,-6.50866183352185,3622.895906290618,499,865.5269407303281,5.458741098030018e-15,8.201192032606749e-14,0.35795697013203925,9,0.486,0.0,3.3865527254708625e-05,-6.465112197592091,1065.7623679354642,1.0,hemisphere,"1,5,7,19,24,26,27,30",cap500_cut1e-8
500,8,1e-08,dense,1.6361787832221773e-06,0.003728715181206673,-6.397272396515249,3538.6757297581694,499,1254.9704203043248,4.026043997001834e-13,9.915235136117516e-14,0.36917889217840594,9,0.674,0.0,0.00024093517660948497,-6.352353584439465,695.4770576226558,1.0,hemisphere,"0,5,6,23,25,26,28,29",cap500_cut1e-8
500,8,1e-08,dense,2.331502626312173e-06,0.006452516594539287,-6.58882129187642,3269.8021076509294,499,722.3229964783179,-3.2628348807654074e-13,8.653910566842452e-14,0.3412862165383311,9,0.476,0.0,2.906339194755678e-05,-6.549114904707291,1400.6440380495626,1.0,hemisphere,"9,12,16,17,18,23,25,28",cap500_cut1e-8
500,8,1e-08,dense,3.324996329895313e-06,0.002873342638361642,-6.320988243111272,2009.683253742103,499,1101.2058441347785,-8.896762549838296e-13,2.886386035757584e-13,0.183542877289044,9,0.53,0.0,0.00031306108805744545,-6.280174654744379,598.1148644375861,1.0,hemisphere,"0,1,3,6,10,13,17,23",cap500_cut1e-8
500,8,1e-08,dense,1.3036893429705784e-06,0.00465492512958313,-6.592581053201315,5281.108550989425,499,1061.6184058594647,-7.085410817092574e-13,1.5523027098705937e-13,0.3065748614776975,9,0.666,0.0,3.7176327506801665e-05,-6.546108645303388,1335.5817277718531,1.0,hemisphere,"10,13,14,15,18,28,29,30",cap500_cut1e-8
500,8,1e-08,dense,1.8499528445054948e-06,0.0034166836132956424,-6.393603813049786,2916.0295960289786,499,1148.8468723680419,1.5749910199073096e-12,4.2684291743348783e-13,0.260845717543176,9,0.554,0.0,0.00014142704016537568,-6.351321478799495,728.1207308095852,1.0,hemisphere,"2,3,8,10,12,18,24,28",cap500_cut1e-8
500,8,1e-08,dense,1.3653960444580321e-06,0.0034801727714689774,-6.375603818799475,4065.3367362512067,499,1212.1460994576123,8.560271632165883e-13,2.3979065771159033e-13,0.33734903527712135,9,0.47,0.0,0.00027272161247872433,-6.328889142984723,666.7466171722896,1.0,hemisphere,"0,4,8,10,18,20,23,30",cap500_cut1e-8
500,8,1e-08,dense,9.078658485576498e-07,0.004421499892778557,-6.511600489534907,5223.824744810992,499,962.5142995486794,-1.3473507249131544e-12,3.292054737456718e-13,0.34520004715301056,9,0.516,0.0,4.357087100330894e-05,-6.462592144208296,1063.6607900704146,1.0,hemisphere,"1,8,12,20,21,27,29,30",cap500_cut1e-8
500,8,1e-08,dense,2.8189501165308215e-06,0.0039641056021028,-6.447117764618479,2627.61573946076,499,894.8501788918259,-1.1364745949871136e-12,3.6263525963912663e-13,0.2984911625974709,9,0.488,0.0,4.481620637176741e-05,-6.407592777103091,919.7322317201182,1.0,hemisphere,"1,3,6,10,15,22,24,26",cap500_cut1e-8
500,8,1e-08,dense,3.2008558049547733e-06,0.006105549446321262,-6.569305697712147,2838.074909731288,499,635.9183505324488,2.293130804254627e-13,8.197171693322422e-14,0.25857652684790233,9,0.494,0.0,4.8364528301431864e-05,-6.528617017176524,1212.601994496072,1.0,hemisphere,"1,4,7,10,13,17,25,28",cap500_cut1e-8
500,8,1e-08,dense,2.5387198140591767e-06,0.002835755116568069,-6.331161813115546,2303.281053735947,499,1149.971300244396,1.6092395735746251e-12,5.349734918947279e-13,0.26683264867698764,9,0.604,0.0,0.0002823646070755501,-6.290131785351098,610.9950843116629,1.0,hemisphere,"0,2,3,12,16,18,19,20",cap500_cut1e-8
500,8,1e-08,dense,1.8228452026143566e-06,0.00402887190945527,-6.515505953699805,3813.61965942757,499,975.0971250340403,-3.320572216352599e-13,9.777421904279978e-14,0.3311707314418616,9,0.424,0.0,6.238719300741732e-05,-6.470925219073983,1030.8254246768947,1.0,hemisphere,"4,6,12,13,15,24,29,31",cap500_cut1e-8
500,8,1e-08,dense,2.099211116797561e-06,0.004212889560633003,-6.515363797756248,3383.5937942895766,499,857.5703288786273,3.1223374580190336e-13,1.1037606925333964e-13,0.3013269251890188,9,0.432,0.0,4.9488513624894994e-05,-6.472594451439579,1098.0135255131145,1.0,hemisphere,"2,4,12,16,18,19,25,26",cap500_cut1e-8
500,8,1e-08,dense,2.7056390500218255e-06,0.006629639640603183,-6.659669143443316,3500.952413917592,499,561.4430531539235,-2.7715807079942145e-13,1.1525157526655796e-13,0.29874512463838215,9,0.466,0.0,7.104096148893908e-06,-6.622552524750221,2001.0628069454656,1.0,hemisphere,"1,3,7,12,17,19,28,31",cap500_cut1e-8
500,8,1e-08,dense,2.1779232402467614e-06,0.006691256540574077,-6.785866867143762,5537.186044832923,499,588.6741706892213,-1.9636857715715867e-14,1.6641089444248078e-14,0.3688877642847797,9,0.418,0.0,5.011902867741732e-06,-6.745671261724024,3176.2321242411276,1.0,hemisphere,"4,6,7,14,18,23,27,28",cap500_cut1e-8
500,8,1e-08,dense,1.9558790737153502e-06,0.003361340401194056,-6.392322035628448,3070.298819374894,499,1085.2798854041112,-7.253987636674085e-13,2.259821751598841e-13,0.23423443735261468,9,0.436,0.0,9.971643494824319e-05,-6.348563785402857,735.7032237029795,1.0,hemisphere,"4,5,9,11,13,25,26,28",cap500_cut1e-8
500,8,1e-08,dense,2.255491885216232e-06,0.005206179002370557,-6.561012955867073,3331.877426389312,499,804.6253189436638,8.954694624516043e-13,2.3551012928509107e-13,0.3654322902276873,9,0.604,0.0,2.4819662410355345e-05,-6.521172549077525,1340.8519926357972,1.0,hemisphere,"3,12,14,15,23,25,26,27",cap500_cut1e-8
500,8,1e-08,dense,3.438876658109461e-06,0.004378684167726958,-6.455516957866256,2406.4011273493766,499,852.5823309854464,-1.8357277503655567e-13,8.68077141287032e-14,0.34945645375058504,9,0.488,0.0,0.00012716482178675123,-6.415766020021254,853.9607344631899,1.0,hemisphere,"1,5,6,11,12,29,30,31",cap500_cut1e-8
500,8,1e-08,dense,2.260529233983714e-06,0.00410364914837002,-6.495158914087685,2839.1830138744895,499,840.4715084418489,2.365820209743343e-13,9.663669459557222e-14,0.25457921893853624,9,0.45,0.0,2.8700744418670122e-05,-6.454524140340627,1112.726250217936,1.0,hemisphere,"2,4,10,11,12,17,18,21",cap500_cut1e-8
500,12,1e-08,dense,2.5143300464888004e-06,0.0038391368887617325,-6.413078399801572,2752.063619826354,499,1699.1939506161712,-1.1457284865452128e-13,5.786195455270879e-14,0.3635324053792379,9,0.578,0.0,0.00015264129370207703,-6.371497742149566,756.176996945089,1.0,hemisphere,"3,5,8,10,17,19,20,24,26,27,29,30",cap500_cut1e-8
500,12,1e-08,dense,2.6329773559248547e-06,0.009637468503859157,-6.966936968074134,6721.09962092347,499,609.7454011445448,3.8233964301849987e-13,7.935801187908931e-14,0.6172051424999296,9,0.44,0.0,6.354102443895553e-06,-6.9285551207260525,4685.540963182194,1.0,hemisphere,"4,6,7,9,12,15,17,19,20,24,28,30",cap500_cut1e-8
500,12,1e-08,dense,3.004318899296517e-06,0.0033496839162555016,-6.372330410421546,2324.5279340072725,499,1543.178717181718,4.527693431597268e-13,1.0624419149345222e-13,0.4468031877152465,9,0.504,0.0,0.0002091931706633129,-6.331040048409255,676.7815529980505,1.0,hemisphere,"1,3,5,7,8,10,13,14,22,28,30,31",cap500_cut1e-8
500,12,1e-08,dense,1.5165174652106613e-06,0.0033378614409498753,-6.407321878778769,4195.232845214633,499,2149.6960427746053,5.3896143343228455e-12,8.243333053550398e-13,0.3587900470970506,9,0.662,0.0,0.0001702126487416029,-6.360070288419167,749.6172420494688,1.0,hemisphere,"0,5,7,11,13,15,18,21,22,24,26,29",cap500_cut1e-8
500,12,1e-08,dense,2.9085262697754427e-06,0.005534460771522541,-6.600075497606332,3182.6682695487007,499,1029.8219591881177,2.4521196850755893e-13,8.39630988311958e-14,0.4352192235606642,9,0.422,0.0,1.719729081200109e-05,-6.560422871899246,1522.8630181794483,1.0,hemisphere,"3,4,6,7,9,12,15,21,25,29,30,31",cap500_cut1e-8
500,12,1e-08,dense,2.300238507764638e-06,0.006210502208979186,-6.578572442514227,3125.053436770689,499,1061.2306698593407,8.893451982807371e-14,6.050081812041974e-14,0.5078371965237273,9,0.502,0.0,4.535970815233446e-05,-6.538601629475924,1208.0926372286026,1.0,hemisphere,"1,2,3,7,11,15,20,23,27,28,30,31",cap500_cut1e-8
500,12,1e-08,dense,3.3369577422118105e-06,0.00435908377941436,-6.43690604668896,2368.444876154704,499,1225.932776621204,8.202223622522098e-13,1.796481063443519e-13,0.455193452495903,9,0.52,0.0,0.00013279711700305068,-6.397049977783056,804.7231725169914,1.0,hemisphere,"2,5,8,12,14,15,19,20,22,23,24,30",cap500_cut1e-8
500,12,1e-08,dense,2.5428671592651177e-06,0.004245400641137465,-6.4185122498979625,2662.417727147696,499,1366.9522572635747,1.4313916769111537e-12,2.568432667605365e-13,0.493672864121447,9,0.426,0.0,0.00010761965736383847,-6.376953271957239,770.3702758973186,1.0,hemisphere,"2,4,8,11,12,13,17,23,25,27,28,29",cap500_cut1e-8
500,12,1e-08,dense,2.174007471960529e-06,0.0032529410797678833,-6.39888475551127,2754.1527896857447,499,1581.261205685359,3.1355267013557048e-12,6.478108507743432e-13,0.4466023729782612,9,0.59,0.0,0.00011725626103213532,-6.3563800659135365,734.449840261604,1.0,hemisphere,"2,3,5,6,13,15,16,17,18,20,24,30",cap500_cut1e-8
500,12,1e-08,dense,4.607789399280285e-06,0.003384293998408101,-6.340814036269253,1808.9622896476415,499,1286.079318646354,9.216192098607411e-13,2.2153960254284363e-13,0.4240839435524222,9,0.424,0.0,0.00024086555359201358,-6.301853125246116,629.269580395534,1.0,hemisphere,"0,2,4,6,7,8,9,11,17,18,24,30",cap500_cut1e-8
500,12,1e-08,dense,3.2720931268103368e-06,0.0030046316130677227,-6.348182035425258,2021.7230080254762,499,1490.8335742226604,1.9618444451480386e-12,4.4832531490260227e-13,0.3622899103020699,9,0.492,0.0,0.0002411418751045661,-6.308354869387922,639.339237278316,1.0,hemisphere,"0,1,2,3,8,11,12,15,17,18,24,30",cap500_cut1e-8
500,12,1e-08,dense,3.428000754022696e-06,0.0033015991983702296,-6.356847324251691,2155.732827172387,499,1473.5559267158637,1.2611637345763826e-12,2.7760280963679176e-13,0.35703108800694244,9,0.42,0.0,0.00021810032982721674,-6.3162918798240355,648.7012914286342,1.0,hemisphere,"0,1,2,3,4,14,16,18,21,22,28,30",cap500_cut1e-8
500,12,1e-08,dense,2.4328098408375986e-06,0.0032648036604883282,-6.407667195086558,2928.066677759146,499,1585.5202809008445,1.7796692718510492e-12,3.5380010205887776e-13,0.37736454626991844,9,0.494,0.0,0.00012495604300983076,-6.364883461475421,767.3290639122483,1.0,hemisphere,"4,5,7,8,11,14,18,19,20,21,23,27",cap500_cut1e-8
500,12,1e-08,dense,3.158984791052876e-06,0.0035156632425322174,-6.391072916738289,2445.5172538489755,499,1609.5223503328696,-2.1735929039861514e-13,8.40285828210712e-14,0.43496138393844475,9,0.45,0.0,0.0001150459494008747,-6.349189978816245,711.6275688103743,1.0,hemisphere,"1,3,4,5,12,13,16,18,25,29,30,31",cap500_cut1e-8
500,12,1e-08,dense,1.3006630699404993e-06,0.003504555452458074,-6.417106513590609,3877.5622649949937,499,1995.318106200843,-2.095527120967236e-12,3.1199418935161796e-13,0.38567669578319985,9,0.6,0.0,0.00020407453458416423,-6.371104155766001,747.2832860710663,1.0,hemisphere,"0,5,11,13,17,21,23,25,26,27,28,29",cap500_cut1e-8
500,12,1e-08,dense,2.9112714870300354e-06,0.0036518161256187255,-6.414477331024701,2467.6008425859236,499,1538.0289577234266,1.603972561768202e-12,3.285227374381014e-13,0.38227847696563094,9,0.514,0.0,0.00016865536059900755,-6.3735630426150225,762.3288206678089,1.0,hemisphere,"2,3,5,7,9,10,17,18,20,21,29,30",cap500_cut1e-8
500,12,1e-08,dense,2.807216536191364e-06,0.003084218772967597,-6.384743152453138,2511.0287892466276,499,1615.3658474391832,-1.21005680165415e-12,2.6641560577276175e-13,0.3296095273683527,9,0.448,0.0,0.0001372583832794339,-6.342647014374401,720.8782226193953,1.0,hemisphere,"1,4,5,6,8,11,16,17,18,20,21,23",cap500_cut1e-8
500,12,1e-08,dense,2.513960244661199e-06,0.0034405047101339925,-6.422658285210719,2798.2663954823015,499,1720.4993531044986,-3.9691027549974707e-13,8.193430497330053e-14,0.40743048995892783,9,0.586,0.0,9.849237581327273e-05,-6.3810523163035935,795.7464341036172,1.0,hemisphere,"3,5,10,14,16,17,18,20,21,22,28,29",cap500_cut1e-8
500,12,1e-08,dense,3.225582770345296e-06,0.004680175901076478,-6.424668102541971,2195.4784181181917,499,1181.6922758599453,1.466708698938184e-15,3.840752516889407e-14,0.43149839167252857,9,0.41,0.0,0.0001893036844221112,-6.385286453971017,744.4762309885991,1.0,hemisphere,"0,2,4,6,9,17,19,23,24,28,29,30",cap500_cut1e-8
500,12,1e-08,dense,3.088077008413687e-06,0.004143692421808763,-6.369156744763556,2139.702760798992,499,1264.3746732505274,-1.4380337198804938e-13,5.429167653950609e-14,0.3980194165172891,9,0.48,0.0,0.00026316859497613285,-6.328843330796888,655.2464735096314,1.0,hemisphere,"0,1,2,6,8,9,10,15,23,25,27,28",cap500_cut1e-8
500,3,1e-08,dense,1.5204470277739844e-07,0.005711843692267604,-6.727535463884319,23541.66510514673,499,260.85445364719106,-3.6712577015972706e-13,2.7666558342626614e-13,0.13409745508576615,9,0.496,0.0,1.5922338566657831e-06,-6.668262255376554,4661.734307215537,1.0,sphere,"1,22,26",cap500_cut1e-8
500,3,1e-08,dense,2.3245174755414357e-07,0.0059239448236385675,-6.910121149513907,29347.392277360028,499,399.05132487282765,-5.68803767717692e-13,2.7577868020813144e-13,0.16768074592756912,9,0.654,0.0,1.1055034810431808e-06,-6.852017033737474,11957.658542241574,1.0,sphere,"7,18,31",cap500_cut1e-8
500,3,1e-08,dense,1.552875627766797e-06,0.004994258587800541,-6.613390503755059,4433.5767826394,499,204.95177342621548,-2.1109337524228677e-13,2.494863075877587e-13,0.08612114907407027,9,0.494,0.0,1.0745520023879323e-05,-6.5666476741880775,1662.8578083262225,1.0,sphere,"1,6,10",cap500_cut1e-8
500,3,1e-08,dense,2.6093889604165954e-07,0.00462789838684326,-6.739696835322717,20426.12317130099,499,445.39219532033223,-3.212190838010131e-13,1.7008196305319694e-13,0.13657866458970658,9,0.746,0.0,3.994863986955565e-06,-6.684061033532282,4226.894492356509,1.0,sphere,"16,20,24",cap500_cut1e-8
500,3,1e-08,dense,1.39117001119416e-08,0.0117762650359006,-7.56721698115408,340127.5225370017,482,187.34822316225748,-3.003988818513446e-16,5.526834636572263e-14,0.16074176649743663,9,0.592,0.0,2.8084479570998365e-08,-7.515100484108744,206498.6756307908,0.966,sphere,"17,20,23",cap500_cut1e-8
500,3,1e-08,dense,8.404263136674275e-07,0.004239699869050557,-6.432778019099574,5086.487391216112,499,354.43765876081767,-4.711240550028722e-13,3.3513734326809086e-13,0.10824610458228556,9,0.596,0.0,7.802825263302127e-05,-6.383841581195742,868.1543290219278,1.0,sphere,"5,17,27",cap500_cut1e-8
500,3,1e-08,dense,2.9178218296227693e-08,0.006746148996733404,-7.024237393534328,105710.5676159837,497,258.51046604568995,-4.7332216738206304e-17,6.121896918973688e-14,0.1160685390947078,9,0.736,0.0,1.1675758368604958e-08,-6.9914903716486725,218331.34959130854,0.998,sphere,"6,23,27",cap500_cut1e-8
500,3,1e-08,dense,1.2293280890674874e-08,0.014876308945363648,-7.74787990568072,494725.9098176998,464,117.37195961057901,-9.705878840213266e-14,7.298953300831246e-14,0.1371208413134596,9,0.542,0.0,3.147563404343285e-08,-7.713170329348832,314138.4583001725,0.932,sphere,"12,14,19",cap500_cut1e-8
500,3,1e-08,dense,1.1501337341178244e-06,0.003028158759961414,-6.339523157094328,3599.2565157544122,499,438.6885065664162,-3.1473775137774024e-13,2.715696442901179e-13,0.0925206170594585,9,0.528,0.0,0.0003594613714486928,-6.2922389298182235,605.403440343176,1.0,sphere,"0,11,12",cap500_cut1e-8
500,3,1e-08,dense,1.504860945361217e-08,0.005191674228423789,-6.851325312746693,168819.84681327216,497,408.14284029947316,-6.543197969939354e-14,5.784785362862002e-14,0.1496172145885062,9,0.84,0.0,1.8438126389419156e-08,-6.795517499752298,118227.78901808083,0.996,sphere,"15,24,31",cap500_cut1e-8
500,3,1e-08,dense,1.0617955008866031e-07,0.0046943660131602664,-6.687451697229111,39036.30106064252,499,523.570936306717,6.224135391454907e-13,2.914316978888613e-13,0.17572091277156204,9,0.89,0.0,2.5833953033183503e-06,-6.624825611586959,3370.830884699295,1.0,sphere,"19,26,29",cap500_cut1e-8
500,3,1e-08,dense,8.578661676477225e-08,0.006923578487119315,-6.979868993407421,49458.78500789638,497,271.8304593169097,-1.6659381320258909e-13,1.2023576289092466e-13,0.10926224695369222,9,0.736,0.0,1.0697934086666224e-08,-6.9516592353035405,207564.75652478487,0.998,sphere,"19,23,25",cap500_cut1e-8
500,3,1e-08,dense,7.46879944001879e-07,0.004807476856650442,-6.57863206010531,7731.030990556926,499,380.94965617454955,-2.309773330716122e-13,2.1229640007469542e-13,0.1405863418578427,9,0.782,0.0,7.623368761416933e-06,-6.532285253328571,2004.0754706325672,1.0,sphere,"3,30,31",cap500_cut1e-8
500,3,1e-08,dense,2.461540605994002e-08,0.006455820361955556,-6.874971961568702,112107.74497929696,499,332.44535545496655,-9.04736808236366e-14,6.160962903371193e-14,0.14516358367310078,9,0.784,0.0,1.212475022845162e-07,-6.814200240237098,23883.989176853745,1.0,sphere,"15,18,30",cap500_cut1e-8
500,3,1e-08,dense,1.6829926534165238e-07,0.003402422811229412,-6.414388911008471,20092.305549586505,499,623.0834702488603,2.2521307718449636e-12,1.1139975027121227e-12,0.10360809406055978,9,0.868,0.0,0.00015411472683836124,-6.352827828462266,737.4547159711262,1.0,sphere,"0,2,5",cap500_cut1e-8
500,3,1e-08,dense,1.115097090936171e-07,0.0036208318750626895,-6.468716255162708,27996.031071649675,499,573.9240091523883,6.777942954789419e-13,3.647018520042832e-13,0.10411872691419946,9,0.74,0.0,7.99056698302769e-05,-6.4023733778310685,852.9510656003815,1.0,sphere,"5,13,20",cap500_cut1e-8
500,3,1e-08,dense,1.0494268963081965e-06,0.005726600295959086,-6.755419010807934,8136.098290950111,499,237.23142556531178,-4.568384516165369e-13,3.751142273258586e-13,0.10003000685941453,9,0.448,0.0,1.0017504725683525e-05,-6.700894295499119,2885.9661820022575,1.0,sphere,"4,12,26",cap500_cut1e-8
500,3,1e-08,dense,1.224033873363547e-07,0.004946809939059143,-6.808735132520752,36727.048027457604,499,464.25418499846637,1.7249228276592975e-13,1.1197266216147464e-13,0.13768613179649286,9,0.94,0.0,8.953227728578021e-07,-6.75124064709905,6230.791475489186,1.0,sphere,"11,24,31",cap500_cut1e-8
500,3,1e-08,dense,9.217777737500853e-07,0.005200902642261898,-6.713305234951235,7767.809389889567,499,295.87893730971996,1.8340419546889868e-13,1.365393314509679e-13,0.10710300618587022,9,0.434,0.0,6.4399052226183904e-06,-6.662958775969354,2665.9495587309807,1.0,sphere,"2,4,26",cap500_cut1e-8
500,3,1e-08,dense,1.8496811370656098e-06,0.0026888161294261314,-6.322041258498445,2717.3124895921887,499,397.1877042212502,2.593937961387596e-13,3.2227560978457043e-13,0.08347353403740052,9,0.532,0.0,0.00016129983099097807,-6.277981253355271,599.2693560835478,1.0,sphere,"5,11,12",cap500_cut1e-8
500,5,1e-08,dense,1.5164914049699666e-06,0.0034597615279666916,-6.445489105518606,3300.07861213639,499,552.9749882473261,-1.5350041057370632e-13,1.2772594011728673e-13,0.1567757990275301,9,0.45,0.0,6.667995923759882e-05,-6.400920139372427,889.8497437179766,1.0,sphere,"3,4,8,17,28",cap500_cut1e-8
500,5,1e-08,dense,3.776761107137366e-07,0.005906578314408696,-6.827948678818038,19742.03433316487,499,624.7419577103955,-5.332198355937897e-14,3.285556325271164e-14,0.3297092805371489,9,0.686,0.0,9.126590763339868e-07,-6.774672282863111,6477.081694971406,1.0,sphere,"19,22,26,27,29",cap500_cut1e-8
500,5,1e-08,dense,6.658711262444497e-07,0.005068654960942692,-6.711627189551504,8960.535137321864,499,649.999887323267,-8.218990538069043e-13,2.777854068741953e-13,0.2258477363193446,9,0.772,0.0,6.755433123598331e-06,-6.663552570435852,2806.082571225514,1.0,sphere,"2,26,27,29,30",cap500_cut1e-8
500,5,1e-08,dense,1.3810499789020272e-08,0.005673027302493686,-6.913434022755011,181591.00317822004,499,577.4196117599189,4.712688108701436e-14,4.0667845842913845e-14,0.19033158895861485,9,0.44,0.0,3.286148314339547e-08,-6.859134259911092,81061.19591881399,1.0,sphere,"4,11,16,24,30",cap500_cut1e-8
500,5,1e-08,dense,1.0460955349307093e-06,0.003089256301803267,-6.372906429104833,5197.229270781328,499,890.5775258492457,2.0370228052545103e-12,7.793361370689567e-13,0.18128345704637383,9,0.72,0.0,0.00010469201911784262,-6.323404123530363,680.5855946914978,1.0,sphere,"5,13,16,25,27",cap500_cut1e-8
500,5,1e-08,dense,2.236067605849027e-06,0.005872693673480625,-6.51550620744046,3333.997135783219,499,544.3346239251177,5.031600136477137e-13,1.858334844091163e-13,0.18739347551976676,9,0.676,0.0,4.347005809949093e-05,-6.473554731647223,1053.8268191608402,1.0,sphere,"2,3,7,28,31",cap500_cut1e-8
500,5,1e-08,dense,8.256769351498679e-07,0.003258558372259798,-6.39323594242709,5680.972240730622,499,985.2530893348413,-6.888574552320055e-13,2.6280827989561e-13,0.1646569915257805,9,0.592,0.0,0.0002209275949650468,-6.342876045598217,701.5688779661187,1.0,sphere,"0,5,17,26,29",cap500_cut1e-8
500,5,1e-08,dense,1.237089661564648e-06,0.004646515552275771,-6.692515764689211,6075.013810577405,499,571.5397313337762,-3.0097734200762454e-13,1.682226147975328e-13,0.1638209108274822,9,0.486,0.0,9.548111304174582e-06,-6.649758850888918,2796.8040753797495,1.0,sphere,"1,7,18,24,31",cap500_cut1e-8
500,5,1e-08,dense,4.3387989717079807e-07,0.0033815426816151276,-6.409711081928947,9772.598643920788,499,1106.6804145572619,2.907713783292798e-12,8.230445503227078e-13,0.23378297291844372,9,0.884,0.0,0.00022498613158994482,-6.355599075825183,720.8615621971768,1.0,sphere,"0,16,21,28,29",cap500_cut1e-8
500,5,1e-08,dense,8.080326903501402e-07,0.003551456116886714,-6.5157349555843584,7595.00343689051,499,884.065917626542,9.296431243566767e-13,3.1733367917153526e-13,0.20279238851034798,9,0.766,0.0,2.7796152714580313e-05,-6.464775438229193,1285.2448353439697,1.0,sphere,"6,11,18,21,26",cap500_cut1e-8
500,5,1e-08,dense,1.2921026144650495e-06,0.0060586548294847345,-6.547752958820669,4673.896078375514,499,523.8687399743001,3.1466528601503674e-13,1.2144974970053278e-13,0.2596654199324079,9,0.698,0.0,5.064588239948452e-05,-6.501789980407947,1079.0515904274387,1.0,sphere,"5,20,23,25,27",cap500_cut1e-8
500,5,1e-08,dense,1.3613816507585357e-06,0.005410257520958536,-6.554957684152134,5037.678573075603,499,607.383008600508,-2.75911901418673e-13,1.0430432832833192e-13,0.34343721615712974,9,0.77,0.0,1.5203820892140258e-05,-6.511741276270133,1622.260583987453,1.0,sphere,"3,20,26,28,30",cap500_cut1e-8
500,5,1e-08,dense,1.7482643236855153e-06,0.00438081068579098,-6.562815027441339,4334.956275838597,499,554.4564534849842,-6.969894296513573e-13,3.4528715166962404e-13,0.1615612625200193,9,0.428,0.0,1.1650111833656277e-05,-6.520062038962528,1702.3905492323904,1.0,sphere,"4,10,17,24,29",cap500_cut1e-8
500,5,1e-08,dense,1.2969144026223002e-06,0.004549250573133444,-6.499554576633872,4124.962759489156,499,620.102864527071,2.856982228918725e-13,1.3799277117949356e-13,0.17585113880464082,9,0.404,0.0,5.927160284751366e-05,-6.453747510887035,985.4518710155229,1.0,sphere,"2,3,4,16,24",cap500_cut1e-8
500,5,1e-08,dense,2.2266452747263597e-06,0.0033518882843685603,-6.412197205270154,3114.7334804649972,499,684.526872931856,-1.1319832768377082e-13,9.408135491599097e-14,0.19693304596361377,9,0.724,0.0,0.0001330096710367312,-6.369196747967784,775.5374760689416,1.0,sphere,"2,5,11,20,29",cap500_cut1e-8
500,5,1e-08,dense,1.3760652945732788e-06,0.0034073218039844576,-6.3948718669987334,3951.9304815529463,499,779.0412935592344,1.9680286046652729e-13,1.0920018750561519e-13,0.19361697366598918,9,0.764,0.0,0.00014638733311255937,-6.3487829192039245,725.7865118020226,1.0,sphere,"5,11,19,20,21",cap500_cut1e-8
500,5,1e-08,dense,6.412892184317917e-07,0.0037881725970566778,-6.534258549691511,8632.125696649553,499,922.8447073082771,6.365775413460178e-14,6.051237674112143e-14,0.21193373056664205,9,0.718,0.0,2.478449625349333e-05,-6.483578930841165,1380.1327576396855,1.0,sphere,"6,16,18,26,29",cap500_cut1e-8
500,5,1e-08,dense,1.8527795732391345e-06,0.005195222116853815,-6.436702034512593,3306.8768210521125,499,531.8829127558611,1.718954839580178e-13,1.1328268010100289e-13,0.19065861476303414,9,0.518,0.0,0.00014381978150445474,-6.39118829751846,781.7459647759426,1.0,sphere,"8,9,15,23,25",cap500_cut1e-8
500,5,1e-08,dense,1.6007966643551604e-06,0.004656862390076708,-6.458048460758356,3784.127381018588,499,548.1944558729217,3.7529522288359085e-13,1.7237208926893414e-13,0.1919923652044226,9,0.56,0.0,6.433719549119164e-05,-6.411713282425029,887.3636752371452,1.0,sphere,"6,13,17,22,31",cap500_cut1e-8
500,5,1e-08,dense,2.3634960054944386e-07,0.006944096122294845,-6.916871175511733,21443.50605859866,497,468.4869612983953,6.708580973602982e-17,2.28448488164876e-13,0.2095069232561546,9,0.68,0.0,1.1858568343155055e-08,-6.893627988716633,182145.97423487797,0.998,sphere,"11,20,25,27,29",cap500_cut1e-8
500,8,1e-08,dense,2.1756489094830936e-06,0.003639841437048782,-6.441741243964201,3192.960102810985,499,993.3812272353571,3.039181447561563e-13,1.1459988211379453e-13,0.24487077258001674,9,0.478,0.0,6.235994865395758e-05,-6.398030348101284,876.8141458478984,1.0,sphere,"1,2,5,13,14,25,28,29",cap500_cut1e-8
500,8,1e-08,dense,1.8509025645628713e-06,0.003282726100959268,-6.433533852393315,3507.2211756798465,499,1150.7310766091873,-9.45879633256997e-13,2.682793072346604e-13,0.22332382985323024,9,0.502,0.0,8.357315843224074e-05,-6.389240086425866,851.6695650728526,1.0,sphere,"1,6,10,13,15,16,23,24",cap500_cut1e-8
500,8,1e-08,dense,1.6899413853512262e-06,0.003989118848747637,-6.52847656755202,4140.446972324729,499,896.3377402799586,7.142520592069925e-13,2.2785260756354284e-13,0.28550580671456127,9,0.414,0.0,4.257088614422594e-05,-6.482699414174397,1144.034362513579,1.0,sphere,"4,6,13,14,18,19,25,26",cap500_cut1e-8
500,8,1e-08,dense,1.6002986357872078e-06,0.005548455583899987,-6.651907758760449,5790.800507277657,499,855.6563373906587,1.3387815162024802e-12,3.0687503873320963e-13,0.33101793692211895,9,0.5,0.0,4.056855433114377e-06,-6.607323769603729,2289.799902079978,1.0,sphere,"1,14,16,22,23,24,25,29",cap500_cut1e-8
500,8,1e-08,dense,1.483221053830794e-06,0.006017451690701077,-6.7216776926704,6221.610645291177,499,652.2682155562434,3.35644923313283e-13,1.0151015881821594e-13,0.26445633518855527,9,0.468,0.0,3.5196503549496472e-06,-6.681945803163746,3579.954174136203,1.0,sphere,"1,2,10,19,20,24,25,30",cap500_cut1e-8
500,8,1e-08,dense,2.7303736075719016e-06,0.004394406782185339,-6.479820779623994,2560.3059291281324,499,775.5612887491716,4.532511518884199e-13,1.9618647297120675e-13,0.2850953030562511,9,0.43,0.0,8.524826110869668e-05,-6.440021479728561,924.8452625105949,1.0,sphere,"4,5,7,9,15,19,24,31",cap500_cut1e-8
500,8,1e-08,dense,2.3811118220369576e-06,0.004641539815445071,-6.453191825286058,2830.8853779073243,499,892.5728708358183,-2.838547372756511e-13,1.0008366609611335e-13,0.29206143499051274,9,0.458,0.0,9.901607187562225e-05,-6.411800346861419,862.2655279267797,1.0,sphere,"3,4,7,13,27,28,30,31",cap500_cut1e-8
500,8,1e-08,dense,2.948574194128106e-06,0.0037625851921584217,-6.390320939501169,2440.453043055069,499,924.8121931892159,-1.2247828093888925e-12,3.6648677808906484e-13,0.28764305954089864,9,0.52,0.0,0.00010343060623553783,-6.349425300753693,753.7073754699825,1.0,sphere,"5,9,11,12,14,16,18,22",cap500_cut1e-8
500,8,1e-08,dense,1.1608079330458398e-06,0.00962994522947675,-7.256082946777678,15774.47621429246,499,392.6523962852258,-1.0608046614545822e-13,6.543599158992988e-14,0.242541915653524,9,0.462,0.0,1.8936685964740297e-06,-7.215528991940779,12457.683655811597,1.0,sphere,"2,4,7,12,14,23,25,30",cap500_cut1e-8
500,8,1e-08,dense,1.4475959248971372e-06,0.004180257977982072,-6.505067201673742,4543.552315871944,499,1159.3090251508868,1.9266272605067414e-15,4.490161920213266e-14,0.317528926221205,9,0.692,0.0,5.616347469250212e-05,-6.459498781479727,1037.081088429132,1.0,sphere,"5,14,19,21,22,28,29,31",cap500_cut1e-8
500,8,1e-08,dense,2.6374300887565413e-06,0.004005451836522792,-6.378645411146816,2515.03285058032,499,1096.3841611939763,-1.0332444862433183e-12,2.598981838464293e-13,0.3537040698599496,9,0.688,0.0,0.0002000988685002499,-6.3371684385708305,679.9186365177408,1.0,sphere,"3,5,6,8,11,14,23,27",cap500_cut1e-8
500,8,1e-08,dense,1.9751627986976495e-06,0.003566557333563331,-6.4827199640678685,3435.3702298980884,499,940.9474838819094,2.75283918924063e-13,1.3596839360188533e-13,0.27477621594106266,9,0.506,0.0,2.8080718654079875e-05,-6.4403925377061055,1126.468403063711,1.0,sphere,"1,7,9,11,15,16,18,26",cap500_cut1e-8
500,8,1e-08,dense,3.0412812355022594e-06,0.004666473767352416,-6.4044424304228995,2412.460963322355,499,814.5395781118768,8.079184023179753e-13,2.23754353009849e-13,0.4186979118963825,9,0.474,0.0,9.760446642466804e-05,-6.364432040205733,777.2470135685215,1.0,sphere,"1,5,10,16,20,22,25,30",cap500_cut1e-8
500,8,1e-08,dense,2.6580095410177127e-06,0.00627807474021044,-6.653868453080594,3601.2336293287317,499,615.6587326860961,-1.1591555784883997e-13,7.379890324739573e-14,0.2525197464614478,9,0.466,0.0,1.57364619643251e-05,-6.614987343769448,1819.0481262859391,1.0,sphere,"1,9,11,18,20,23,25,27",cap500_cut1e-8
500,8,1e-08,dense,2.1003281102212096e-06,0.004058309152955391,-6.424447086635777,2712.970832543577,499,898.1476495614395,-5.583433021483231e-13,1.7401010649993516e-13,0.27494225662119653,9,0.468,0.0,0.00012398939457457575,-6.382962875440891,793.4634137041769,1.0,sphere,"1,3,4,13,18,27,28,30",cap500_cut1e-8
500,8,1e-08,dense,1.3438037215482234e-06,0.003738205942466853,-6.4447086554660284,4435.124335847975,499,1314.0869879871057,2.619604685529439e-13,6.651031095555835e-14,0.36452461180012896,9,0.728,0.0,0.00013047202806745227,-6.3987440528037665,838.0925588310902,1.0,sphere,"5,8,20,24,25,26,28,29",cap500_cut1e-8
500,8,1e-08,dense,3.921437272471794e-06,0.00889696947187952,-6.647505218227253,2786.2253562271126,499,488.97118226063213,-3.163465341620908e-14,9.563014924861456e-14,0.41009856602937655,9,0.498,0.0,1.5422158905933323e-05,-6.611221839688893,1542.4077555491585,1.0,sphere,"9,10,11,12,15,20,25,30",cap500_cut1e-8
500,8,1e-08,dense,2.75902595220191e-06,0.0044580226312598715,-6.483017948174778,2929.1816817602958,499,935.467006197141,-3.6317651253465735e-13,9.981465788028925e-14,0.3065379174576557,9,0.462,0.0,7.367560515440945e-05,-6.440535495584635,908.3807417783686,1.0,sphere,"1,3,7,11,13,16,19,25",cap500_cut1e-8
500,8,1e-08,dense,2.0230710763437813e-06,0.004071872778064098,-6.485085293738424,3231.052303354328,499,982.8774511095686,7.208149008230968e-13,2.205876180249586e-13,0.3392857428142683,9,0.494,0.0,3.915417445274823e-05,-6.443791206945567,1022.6837039459602,1.0,sphere,"1,3,10,16,23,25,26,30",cap500_cut1e-8
500,8,1e-08,dense,1.921070733884053e-06,0.002840061507418345,-6.329792447338694,3054.2238053549354,499,1316.5000728597402,-7.713728272449046e-13,2.478687059999695e-13,0.2677212435835058,9,0.584,0.0,0.0002519090210743002,-6.284428403642831,597.4335198817234,1.0,sphere,"0,3,8,13,17,19,20,28",cap500_cut1e-8
500,12,1e-08,dense,2.2653604803927088e-06,0.004998520463475539,-6.563762624329323,3604.441112066826,499,1433.8172732700164,-1.0384219525927385e-12,1.563784933457675e-13,0.48090504265896106,9,0.678,0.0,4.100491937966743e-05,-6.522118111637292,1242.344399641631,1.0,sphere,"5,6,7,11,15,18,22,23,26,28,30,31",cap500_cut1e-8
500,12,1e-08,dense,2.471918408031716e-06,0.003229800632394164,-6.392272945594613,2878.902620617637,499,1636.2275183405498,1.4688369236402337e-12,2.9658052232198437e-13,0.5271570406255229,9,0.518,0.0,0.00013321138449023815,-6.348878245325053,730.1331382375984,1.0,sphere,"5,8,9,10,13,15,16,19,20,22,24,25",cap500_cut1e-8
500,12,1e-08,dense,1.803554294785541e-06,0.003410046000079235,-6.418275089081937,3120.389822974203,499,1709.2786239347652,2.999446800959135e-13,9.564010819995779e-14,0.42571326431906553,9,0.588,0.0,0.00013254743195213812,-6.375526662940229,802.795479667269,1.0,sphere,"2,5,8,10,11,14,15,17,21,27,29,31",cap500_cut1e-8
500,12,1e-08,dense,1.79621753002275e-06,0.005628359979755655,-6.65793264897197,3981.911442136815,499,1001.7465498761264,1.6231785880671534e-13,5.703104010607204e-14,0.49857275661680883,9,0.45,0.0,2.6609208187318247e-05,-6.615924273803639,1744.3213087461693,1.0,sphere,"4,9,12,14,15,16,17,19,20,21,26,28",cap500_cut1e-8
500,12,1e-08,dense,1.6233081706751973e-06,0.00442926568430312,-6.538973066084772,3900.830852933562,499,1483.2722888380686,-4.22869335034437e-12,6.924918741448519e-13,0.4505208885967825,9,0.476,0.0,4.374920341831083e-05,-6.495790349168253,1179.9277963498466,1.0,sphere,"1,5,14,15,17,18,20,21,27,28,29,31",cap500_cut1e-8
500,12,1e-08,dense,2.7222310733451265e-06,0.003984271515946858,-6.456329980727696,2808.3019362619116,499,1433.7950089647356,-2.4891555830455195e-12,4.770341287555476e-13,0.4878505583123719,9,0.566,0.0,8.671659926581349e-05,-6.414671742233786,880.6829037932036,1.0,sphere,"3,6,10,12,13,14,15,21,22,26,27,30",cap500_cut1e-8
500,12,1e-08,dense,2.7734578565598517e-06,0.0028296889033923123,-6.329579320184419,2221.7881131267454,499,1590.8205994780308,1.3808253585684271e-12,3.352942064605108e-13,0.36586902852731046,9,0.478,0.0,0.0003166211879573834,-6.288184289837293,612.4099810924641,1.0,sphere,"0,3,4,5,6,8,10,15,17,18,22,30",cap500_cut1e-8
500,12,1e-08,dense,2.9188290681084714e-06,0.0032974700176233215,-6.380320311668381,2373.434961545236,499,1491.4003441298069,-2.5922203668568276e-12,5.523126171085572e-13,0.32804202527092813,9,0.494,0.0,0.00020223142566185904,-6.338461503609518,687.5251228596288,1.0,sphere,"0,1,8,9,11,12,14,16,18,20,25,29",cap500_cut1e-8
500,12,1e-08,dense,2.3279708307719247e-06,0.004017914717427526,-6.542645807546316,3359.905482123435,499,1393.056838092541,-1.19033369103417e-12,2.299831602432463e-13,0.3798082039456251,9,0.624,0.0,2.280428413592113e-05,-6.50162241705232,1294.7216299776187,1.0,sphere,"2,3,6,11,14,15,16,17,20,26,29,31",cap500_cut1e-8
500,12,1e-08,dense,2.153717835363351e-06,0.004118777936391134,-6.468709487172342,3023.4846457181934,499,1507.168662776931,1.4908868410656861e-12,2.491650332946428e-13,0.44291400350370813,9,0.512,0.0,7.894958428999606e-05,-6.427570827723348,960.7601652998887,1.0,sphere,"2,3,6,9,11,13,18,22,24,26,27,30",cap500_cut1e-8
500,12,1e-08,dense,3.250753272109399e-06,0.0032088078936920264,-6.3767000994786995,2232.0829307064,499,1514.2133166258914,-1.9355048572838713e-13,8.538241276771289e-14,0.3601637098550422,9,0.458,0.0,0.00016427249042272365,-6.3367298437791835,693.5611166118763,1.0,sphere,"1,3,4,5,8,10,14,15,19,25,29,31",cap500_cut1e-8
500,12,1e-08,dense,3.0094979637263965e-06,0.0042655411583963215,-6.425434643266346,2379.6176570159523,499,1339.6407063205097,1.5824199589564712e-12,2.8961693174247173e-13,0.4204746778810536,9,0.468,0.0,0.00016171453247037124,-6.384440036801977,761.9177742320677,1.0,sphere,"1,5,7,8,11,12,14,15,16,19,27,29",cap500_cut1e-8
500,12,1e-08,dense,2.023027902131879e-06,0.002998091100001345,-6.3536878612989485,2801.781710313698,499,1891.8242227976623,-5.5083585603447205e-12,1.0355106981753023e-12,0.4994948710740732,9,0.67,0.0,0.00027575060566188496,-6.310601830710318,640.0796682275671,1.0,sphere,"0,2,3,5,7,13,14,15,16,19,24,26",cap500_cut1e-8
500,12,1e-08,dense,1.930066922017117e-06,0.003485979389740158,-6.398079424229043,3110.4342582184804,499,1754.3099367787217,3.890429572948701e-13,8.321498252370743e-14,0.530713107763435,9,0.404,0.0,0.00019413939624124768,-6.354301143015541,717.981205290851,1.0,sphere,"0,4,9,10,11,12,13,15,18,24,26,31",cap500_cut1e-8
500,12,1e-08,dense,3.3344691161441843e-06,0.003734198277834853,-6.3940675777029226,2373.8475633262365,499,1512.6521408968438,5.323131092892297e-13,1.1107071655422306e-13,0.4390135320522435,9,0.506,0.0,0.00018508432332909605,-6.352870810865536,709.3955362782914,1.0,sphere,"0,3,6,7,9,17,21,22,23,26,27,29",cap500_cut1e-8
500,12,1e-08,dense,2.189026376822283e-06,0.004805776688300903,-6.540736485356799,3337.0626553385346,499,1265.563646836221,3.740263307405555e-13,6.883774168657639e-14,0.44778846794384175,9,0.492,0.0,4.229178936946346e-05,-6.498198631116007,1193.057446696896,1.0,sphere,"1,2,5,7,10,12,13,14,18,20,27,28",cap500_cut1e-8
500,12,1e-08,dense,3.492547830966566e-06,0.003980177360098789,-6.3935604303375,2191.4421573981617,499,1490.0224054387882,1.6874678737677229e-12,3.054654831982591e-13,0.39786972475101734,9,0.6,0.0,0.00019021315259788954,-6.353837899201516,709.3140891869913,1.0,sphere,"0,3,6,10,14,15,17,18,20,26,30,31",cap500_cut1e-8
500,12,1e-08,dense,2.749264447663811e-06,0.004204735679676053,-6.377396024389421,2454.280462668685,499,1509.063248843916,5.880018694170985e-14,5.542689425888454e-14,0.4089376988238097,9,0.706,0.0,0.0002412075664491842,-6.336282044290459,664.1439179255631,1.0,sphere,"0,2,5,11,15,16,20,25,27,28,30,31",cap500_cut1e-8
500,12,1e-08,dense,2.348113870450031e-06,0.003587497138208869,-6.439906734545668,2767.254901164294,499,1604.3739421082764,-2.6568572990920777e-12,4.963420132700754e-13,0.45942731573406514,9,0.594,0.0,9.761981939922907e-05,-6.399104415198454,845.3465752961001,1.0,sphere,"2,3,5,14,15,16,17,18,25,26,27,29",cap500_cut1e-8
500,12,1e-08,dense,2.082736787344472e-06,0.0038830170224801426,-6.434400132154404,3298.4149167723785,499,1390.414217130145,3.501691991925071e-12,6.845362461331416e-13,0.5182210504619325,9,0.396,0.0,0.00012167394631054728,-6.3884915622177365,811.7234360884996,1.0,sphere,"4,6,8,12,13,14,17,20,21,22,24,26",cap500_cut1e-8
