scene,N,n_runs,n_subsets,n_seeds,n_renders,err_mean,err_median,sigma_solver,sigma_render,sigma_repeat,sigma_subset,R_signal,cv_solver,sh_gram_rank,normal_cov_eff_rank,conv_finite_rate,old_style_conv_rate,proj_grad_norm_median,tail_rel_change_median
conf_cube_axis,2,20,4,5,1,0.016013543028384397,0.0162415280938148,0.00034285180717947216,0.0,0.00034285180717947216,0.008681880918862751,25.32254675944601,0.021410115586023588,4.0,1.0035053491592407,1.0,0.0,1.4687508344650269,0.02349224651283965
conf_cube_axis,3,20,4,5,1,0.018970644241198854,0.00707270868588235,0.0002323869549099738,0.0,0.0002323869549099738,0.026474283227184602,113.92327610403382,0.01224981882298416,4.0,1.0035053491592407,1.0,0.0,1.7811610698699951,0.019778995135252303
conf_cube_axis,5,20,4,5,1,0.003023218759335525,0.00306275871116665,3.927666805961374e-06,0.0,3.927666805961374e-06,0.00012881816237153275,32.79762992523037,0.0012991672514048036,4.0,1.0035053491592407,1.0,0.0,2.000947058200836,0.01511331591917715
conf_cube_axis,8,20,4,5,1,0.0030277109122834748,0.0030603359919041,4.606071790583507e-06,0.0,4.606071790583507e-06,0.00012351771338978845,26.81628055435518,0.0015213050135984235,4.0,1.0035053491592407,1.0,0.0,1.9289774894714355,0.0142610344037857
conf_prism8,2,20,4,5,1,0.009125263674650285,0.0073915134416893,0.0005369518393058926,0.0,0.0005369518393058926,0.00725251960701305,13.506834460960677,0.05884233688474439,5.0,1.1762902736663818,1.0,0.0,2.038695752620697,0.02761585262477205
conf_prism8,3,20,4,5,1,0.009204997273627603,0.0032261313172057,0.0004368276337321463,0.0,0.0004368276337321463,0.01208156158179115,27.657502980224265,0.04745548757343593,5.0,1.1762902736663818,1.0,0.0,2.477419376373291,0.01618735879965005
conf_prism8,5,20,4,5,1,0.00327102427836503,0.0032057310454546998,5.686370981717583e-06,0.0,5.686370981717583e-06,0.00017026118525285882,29.94197631499431,0.0017384068407342505,5.0,1.1762902736663818,1.0,0.0,2.3954955339431763,0.01471241737788805
conf_prism8,8,20,4,5,1,0.0032461067778057897,0.0032494626939296497,3.462390389576702e-06,0.0,3.462390389576702e-06,4.170903676078546e-05,12.046312537820047,0.0010666286190120675,5.0,1.1762902736663818,1.0,0.0,2.347987651824951,0.014895379529357551
conf_cylinder_r03_d12,2,20,4,5,1,0.020790849765762627,0.0068048536777495505,0.0007880825976891786,0.0,0.0007880825976891786,0.029421393719691012,37.332880850256856,0.037905261524565255,6.0,1.204194188117981,1.0,0.0,2.0664605498313904,0.0580683915157713
conf_cylinder_r03_d12,3,20,4,5,1,0.00406096664955835,0.00415266258642075,1.3866405042244905e-05,0.0,1.3866405042244905e-05,0.00023978884919929297,17.292791352103205,0.0034145577245144193,6.0,1.204194188117981,1.0,0.0,2.77020800113678,0.046588670663595746
conf_cylinder_r03_d12,5,20,4,5,1,0.0035486726206726896,0.00350891449488695,1.0566840479323112e-05,0.0,1.0566840479323112e-05,0.00011062090392982976,10.468683060588408,0.00297768816930767,6.0,1.204194188117981,1.0,0.0,3.1330809593200684,0.02482849990340255
conf_cylinder_r03_d12,8,20,4,5,1,0.0032943801488726798,0.00329830846749245,7.781087809472967e-06,0.0,7.781087809472967e-06,6.990242056664367e-05,8.98363085962634,0.002361927724745311,6.0,1.204194188117981,1.0,0.0,3.6558083295822144,0.0211672425580998
conf_cone_r04_d12,2,20,4,5,1,0.0108838688815012,0.011223174631595549,3.90323236362945e-05,0.0,3.90323236362945e-05,0.0036414112632873045,93.29219795414154,0.003586254489213473,9.0,1.2381188869476318,1.0,0.0,1.2674899697303772,0.02418666429774715
conf_cone_r04_d12,3,20,4,5,1,0.007005522213876196,0.00709833856672045,2.0086108337329983e-05,0.0,2.0086108337329983e-05,0.0005343523743147164,26.60308136054528,0.0028671821634573364,9.0,1.2381188869476318,1.0,0.0,1.933625042438507,0.024333132996372353
conf_cone_r04_d12,5,20,4,5,1,0.006820046785287509,0.00679535977542395,1.2348847640200202e-05,0.0,1.2348847640200202e-05,0.00014306299253476722,11.585128969365748,0.0018106690509571948,9.0,1.2381188869476318,1.0,0.0,1.905836284160614,0.01419761336936585
conf_cone_r04_d12,8,20,4,5,1,0.006881698383949639,0.00688429572619495,1.0296857068178046e-05,0.0,1.0296857068178046e-05,0.00022489706136034847,21.841330793585772,0.0014962668361336018,9.0,1.2381188869476318,1.0,0.0,2.023906707763672,0.01423106903827325
conf_egg,2,20,4,5,1,0.031265749270096385,0.01920502539724105,0.0007210684032633387,0.0,0.0007210684032633387,0.031151349883657357,43.201657072582464,0.023062565909878666,9.0,2.1555464267730713,1.0,0.0,1.208595633506775,0.030466254708905502
conf_egg,3,20,4,5,1,0.01098207496106619,0.01025093719363205,3.436621955090107e-05,0.0,3.436621955090107e-05,0.0020103371980385153,58.49747875412747,0.0031293011268577827,9.0,2.1555464267730713,1.0,0.0,1.623838722705841,0.03775908231135865
conf_egg,5,20,4,5,1,0.007117600739002171,0.006894338177517,2.3174355649563458e-05,0.0,2.3174355649563458e-05,0.000715699780702966,30.883265602961774,0.003255922395671257,9.0,2.1555464267730713,1.0,0.0,1.9984777569770813,0.021659011966867148
conf_egg,8,20,4,5,1,0.005710838176310015,0.00570988911204035,7.522848063592241e-06,0.0,7.522848063592241e-06,0.00017529250474258696,23.301348539914937,0.0013172931593122173,9.0,2.1555464267730713,1.0,0.0,2.5718393325805664,0.01517150711634325
conf_icosphere_sub3,2,20,4,5,1,0.016380198486149262,0.0129452180117368,0.00042788679853312807,0.0,0.00042788679853312807,0.007477325840155431,17.475009431908234,0.02612219863482972,9.0,2.265393018722534,1.0,0.0,1.1174718737602234,0.0474769717711048
conf_icosphere_sub3,3,20,4,5,1,0.010723714018240519,0.011384127195924451,3.837565687495789e-05,0.0,3.837565687495789e-05,0.0022361129550735256,58.2690470252955,0.0035785789148873935,9.0,2.265393018722534,1.0,0.0,1.4819117784500122,0.02720983398952865
conf_icosphere_sub3,5,20,4,5,1,0.007193707791157021,0.007034658221527899,1.4851645319632136e-05,0.0,1.4851645319632136e-05,0.0007779184345551337,52.37927635713308,0.0020645327487292097,9.0,2.265393018722534,1.0,0.0,2.018517017364502,0.018307930384086353
conf_icosphere_sub3,8,20,4,5,1,0.0056564388563856,0.00560057605616745,6.891432102124254e-06,0.0,6.891432102124254e-06,0.00036281984607015427,52.647960640621655,0.001218334057362692,9.0,2.265393018722534,1.0,0.0,2.3282183408737183,0.014097722074881799
