scene,P_full,G1_rank_wI,G2_logdet_wI,G3_effrank_wI,G4_cond_wI,G5_mineig_wI,G1_rank_resamp0,G2_logdet_resamp0,G3_effrank_resamp0,G4_cond_resamp0,G5_mineig_resamp0,G1_rank_resamp1,G2_logdet_resamp1,G3_effrank_resamp1,G4_cond_resamp1,G5_mineig_resamp1,G1_rank_resamp2,G2_logdet_resamp2,G3_effrank_resamp2,G4_cond_resamp2,G5_mineig_resamp2,G1_rank_resamp3,G2_logdet_resamp3,G3_effrank_resamp3,G4_cond_resamp3,G5_mineig_resamp3,G1_rank_resamp4,G2_logdet_resamp4,G3_effrank_resamp4,G4_cond_resamp4,G5_mineig_resamp4,G1_rank_mesh05,G2_logdet_mesh05,G3_effrank_mesh05,G4_cond_mesh05,G5_mineig_mesh05,G1_rank_mesh025,G2_logdet_mesh025,G3_effrank_mesh025,G4_cond_mesh025,G5_mineig_mesh025,G1_rank_rot10,G2_logdet_rot10,G3_effrank_rot10,G4_cond_rot10,G5_mineig_rot10,G1_rank_rot30,G2_logdet_rot30,G3_effrank_rot30,G4_cond_rot30,G5_mineig_rot30,G1_rank_rot45,G2_logdet_rot45,G3_effrank_rot45,G4_cond_rot45,G5_mineig_rot45,G1_rank_scale73,G2_logdet_scale73,G3_effrank_scale73,G4_cond_scale73,G5_mineig_scale73,G1_rank_wa2,G2_logdet_wa2,G3_effrank_wa2,G4_cond_wa2,G5_mineig_wa2,n_face
conf_cone_r04_d12,2906,9.0,-8.897253036499023,2.3851518630981445,6968401.5,6.456090773099277e-08,9.0,-8.939074516296387,2.3814380168914795,14315574.0,3.1505514641594345e-08,9.0,-8.84122085571289,2.3956053256988525,8740577.0,5.119404278275397e-08,9.0,-8.945757865905762,2.382448434829712,10770393.0,4.182796331519967e-08,9.0,-8.831043243408203,2.4139835834503174,7884539.5,5.6287721150738435e-08,9.0,-8.926749229431152,2.3992760181427,7625936.0,5.855527618336964e-08,9.0,-9.203446388244629,2.330375909805298,17099354.0,2.7014666059699266e-08,9.0,-8.953230857849121,2.3913440704345703,10430357.0,4.287578647677037e-08,8.0,-9.973188401528212,2.3851381897475092,5792365857.72226,7.766880728850906e-11,8.0,-9.973188359448889,2.3851381897475084,5792363654.553908,7.76688368304143e-11,8.0,-9.973188505074582,2.3851381897475026,5792371181.189435,7.76687359071467e-11,8.0,-1.3045530253156232,2.358299823254972,7128660347.314713,4.2244516019793783e-07,8.0,-3.2924266227456966,2.358299823255025,7128611876.152728,5.7869593510084314e-08,
conf_cube_axis,13406,4.0,-8.421436309814453,1.6683721542358398,162121360.0,3.543233040304017e-09,5.0,-7.624117851257324,1.6540851593017578,2614497.25,2.215730745547262e-07,5.0,-7.622673034667969,1.6862238645553589,1896175.125,2.990800851421227e-07,5.0,-7.6700029373168945,1.6465792655944824,2579805.0,2.2483341410861613e-07,5.0,-8.077913284301758,1.672800064086914,18099830.0,3.158571360017959e-08,5.0,-7.456463813781738,1.6674402952194214,1300299.25,4.4221317807568994e-07,5.0,-7.563179969787598,1.6829321384429932,2198546.0,2.5934258474080707e-07,5.0,-7.567205905914307,1.6474155187606812,2098495.25,2.768264835140144e-07,5.0,-8.22826039105259,1.668367442518561,75356121.51225321,7.622928806409499e-09,5.0,-8.228260401181654,1.6683674425185657,75356125.39636979,7.622928413497263e-09,5.0,-8.228260392326924,1.6683674425185544,75356121.9730248,7.62292875979844e-09,5.0,2.111932906668752,1.6657889017530667,75225251.40744978,0.0002364912712555741,5.0,0.12405858221225632,1.6657889017531182,75225242.5500369,3.239606837003995e-05,
conf_cube_plus_cone,4891,9.0,-6.554062843322754,2.3142967224121094,267622.28125,1.8292972754352377e-06,9.0,-6.550081729888916,2.295802593231201,277539.0625,1.787975861589075e-06,9.0,-6.578878402709961,2.3111023902893066,266778.25,1.8300249848834937e-06,9.0,-6.532938480377197,2.313340902328491,257098.875,1.913231017169892e-06,9.0,-6.504734992980957,2.3354291915893555,235564.265625,2.068103867713944e-06,9.0,-6.49282693862915,2.299189805984497,230660.46875,2.141711775038857e-06,9.0,-6.5332536697387695,2.2750401496887207,261092.390625,1.9079479898209684e-06,9.0,-6.4576897621154785,2.3467187881469727,230719.296875,2.1244329673208995e-06,9.0,-6.581855393982911,2.3142871625161034,350593.9383481003,1.3963759651029533e-06,9.0,-6.581855393993064,2.3142871625160977,350593.9383675184,1.3963759650256152e-06,9.0,-6.581855393971511,2.3142871625161114,350593.938309494,1.3963759652567175e-06,9.0,2.7025905800612016,2.3059684915324534,384010.8303325719,0.014299555900629419,9.0,0.7147162316378557,2.30596849153208,384010.8312441958,0.0019588432694085693,
conf_cyl_plus_sphere,3722,9.0,-4.615173816680908,3.248321294784546,6359.451171875,6.297899381024763e-05,9.0,-4.600233554840088,3.2537753582000732,6551.43115234375,6.120352918514982e-05,9.0,-4.629354000091553,3.2658019065856934,6902.99609375,5.755999154644087e-05,9.0,-4.623082160949707,3.2203588485717773,6893.67333984375,5.895112917642109e-05,9.0,-4.609724521636963,3.2639825344085693,6413.86376953125,6.210729770828038e-05,9.0,-4.635019779205322,3.2442829608917236,6606.85498046875,6.048071008990519e-05,9.0,-4.6188883781433105,3.257725954055786,6405.11181640625,6.207557453308254e-05,9.0,-4.709498882293701,3.1367578506469727,7561.3857421875,5.421490641310811e-05,9.0,-4.615735736438415,3.248306762476073,6391.606716845879,6.266216304535648e-05,9.0,-4.615735736438422,3.248306762476071,6391.606716846042,6.266216304535486e-05,9.0,-4.615735736438406,3.248306762476071,6391.606716844767,6.266216304536741e-05,9.0,4.38587731670421,3.2017401046442764,7481.17589311467,0.45999949041455274,9.0,2.3980029685497097,3.201740104644257,7481.175893122371,0.06301362882384641,
conf_cylinder_r03_d12,4080,6.0,-6.141489505767822,2.355930805206299,2446993.75,1.8417432556816493e-07,6.0,-6.113641262054443,2.346264600753784,2124262.75,2.1366393809785222e-07,6.0,-6.1115264892578125,2.371978759765625,2070546.125,2.148724149719783e-07,6.0,-6.123315811157227,2.345916509628296,2094952.75,2.16443069689376e-07,6.0,-6.1273674964904785,2.3660902976989746,2413122.5,1.8618858632635238e-07,6.0,-6.155130386352539,2.3457295894622803,2297704.25,1.9634526893241855e-07,6.0,-6.138669490814209,2.3500618934631348,2204117.25,2.0458816152313375e-07,6.0,-6.21699333190918,2.3300302028656006,3060531.5,1.4838811068784707e-07,5.0,-4.268643419726624,2.35591915004959,10036.958087240408,4.490139052612773e-05,5.0,-4.268643419726416,2.355919150049591,10036.958087229841,4.4901390526175e-05,5.0,-4.268643419726514,2.3559191500495897,10036.958087234498,4.490139052615418e-05,5.0,4.87685593737548,2.354042805623695,10103.144460745003,0.41966937072116867,5.0,2.8889815892179485,2.3540428056237053,10103.144460913038,0.05748895489235447,
conf_cylinder_r06_d06,5084,6.0,-6.418750286102295,2.1362905502319336,2008453.25,2.458635322000191e-07,6.0,-6.529544830322266,2.1154370307922363,3229635.25,1.5453082369276672e-07,6.0,-6.493061542510986,2.1338894367218018,2906137.0,1.6970625438261777e-07,6.0,-6.520898342132568,2.1326098442077637,3289986.5,1.501234976331034e-07,6.0,-6.471104145050049,2.139522075653076,2942490.25,1.6760215260092082e-07,6.0,-6.561439037322998,2.1026089191436768,3100829.75,1.6106157829653966e-07,6.0,-6.51295280456543,2.109708070755005,2951839.75,1.6902299648791086e-07,6.0,-6.550853252410889,2.113980293273926,3071503.25,1.6167500405117607e-07,5.0,-4.657602528991588,2.1362823780328815,25017.126420438723,1.9738695285194924e-05,5.0,-4.657602528991606,2.1362823780328806,25017.126420438763,1.973869528519487e-05,5.0,-4.657602528991047,2.136282378032882,25017.126420370147,1.9738695285249025e-05,5.0,4.70587587247789,2.1335363532345837,25309.34009322603,0.22882372484686234,5.0,2.7180015243462874,2.133536353234666,25309.340090394595,0.031345715735954155,
conf_egg,4156,9.0,-4.417978286743164,3.764472484588623,9759.76171875,3.7715981306973845e-05,9.0,-4.436103820800781,3.755326986312866,10377.328125,3.5484874388203025e-05,9.0,-4.4110870361328125,3.791966676712036,9535.265625,3.81706740881782e-05,9.0,-4.416989326477051,3.7706687450408936,9703.0029296875,3.794039730564691e-05,9.0,-4.417713642120361,3.7481393814086914,9752.4755859375,3.7937290471745655e-05,9.0,-4.41572380065918,3.749410390853882,9823.5771484375,3.775350342039019e-05,9.0,-4.45840311050415,3.7003185749053955,10790.119140625,3.4648834116524085e-05,9.0,-4.432577133178711,3.770001173019409,10664.5673828125,3.451317752478644e-05,9.0,-4.418567493209418,3.764461759126908,9811.592777241136,3.751673807728924e-05,9.0,-4.418567493209592,3.7644617591269065,9811.592777256647,3.7516738077229906e-05,9.0,-4.418567493209523,3.7644617591269065,9811.592777250258,3.751673807725434e-05,9.0,4.702737950759161,3.721751047823656,11084.799740583421,0.31925644707222656,9.0,2.714863602603905,3.7217510478236364,11084.799740672295,0.04373375987255701,
conf_ellipsoid_x13z07,2750,9.0,-4.018150329589844,4.673766136169434,3303.174072265625,8.175839320756495e-05,9.0,-4.022003173828125,4.65510368347168,3308.487060546875,8.245649951277301e-05,9.0,-4.011198043823242,4.687204360961914,3281.87353515625,8.213591354433447e-05,9.0,-4.0184197425842285,4.665481090545654,3349.879150390625,8.124957821564749e-05,9.0,-4.004544258117676,4.709813117980957,3143.467529296875,8.460718527203426e-05,9.0,-4.022552490234375,4.669800281524658,3300.414306640625,8.128781337291002e-05,9.0,-4.016042709350586,4.679643630981445,3236.431396484375,8.285248622996733e-05,9.0,-4.024594306945801,4.644660472869873,3212.658203125,8.429336594417691e-05,9.0,-4.018383926788577,4.673756713002838,3310.0951562450714,8.158742217088483e-05,9.0,-4.0183839267886565,4.673756713002837,3310.0951562477294,8.158742217081934e-05,9.0,-4.0183839267885935,4.673756713002839,3310.095156245811,8.158742217086661e-05,9.0,4.696833410501898,4.6282775981579185,3660.4420508523826,0.46901194162362275,9.0,2.708959062348695,4.628277598157958,3660.442050814083,0.06424821118199062,
conf_ellipsoid_z06,3704,9.0,-4.12752628326416,4.4472737312316895,4222.16552734375,6.781545380363241e-05,9.0,-4.146816730499268,4.407087802886963,4390.54296875,6.594777369173244e-05,9.0,-4.130603313446045,4.421143054962158,4216.94189453125,6.86225394019857e-05,9.0,-4.1280412673950195,4.433372497558594,4138.2548828125,6.983084313105792e-05,9.0,-4.129693984985352,4.454263687133789,4406.93212890625,6.500350718852133e-05,9.0,-4.135617733001709,4.431155681610107,4280.87451171875,6.704072438878939e-05,9.0,-4.15404748916626,4.393365383148193,4603.0419921875,6.325791764538735e-05,9.0,-4.1421661376953125,4.381829738616943,4363.30859375,6.761770782759413e-05,9.0,-4.127826246683457,4.4472644233046426,4233.627281120719,6.763185050365869e-05,9.0,-4.127826246683573,4.447264423304638,4233.627281125047,6.763185050358953e-05,9.0,-4.127826246683462,4.447264423304644,4233.627281121113,6.763185050365241e-05,9.0,4.891090315296318,4.411244738812829,4647.5500396616635,0.52768929111157,9.0,2.9032159671422164,4.41124473881283,4647.550039651567,0.0722862042620159,
conf_hemisphere_sq,4610,9.0,-4.246476173400879,4.220210075378418,6884.8466796875,4.6193523303372785e-05,9.0,-4.237572193145752,4.250216484069824,6807.00390625,4.6207245759433135e-05,9.0,-4.259859085083008,4.206986427307129,7246.81396484375,4.400476973387413e-05,9.0,-4.276780128479004,4.141495704650879,7243.61083984375,4.4886783143738285e-05,9.0,-4.242408275604248,4.2263898849487305,6755.1044921875,4.7260291466955096e-05,9.0,-4.257523059844971,4.199798583984375,7007.03271484375,4.573626210913062e-05,9.0,-4.25198221206665,4.208912372589111,6866.025390625,4.649458423955366e-05,9.0,-4.267816066741943,4.183681011199951,7099.61572265625,4.497999179875478e-05,9.0,-4.247002376237062,4.2201983667989404,6917.499474952941,4.597546628601199e-05,9.0,-4.247002376236999,4.220198366798944,6917.499474948963,4.597546628603839e-05,9.0,-4.247002376236979,4.220198366798942,6917.499474947558,4.5975466286047743e-05,9.0,4.990715689373158,4.184779862466835,7563.723555727269,0.4483468541172409,9.0,3.0028413412186548,4.1847798624668275,7563.7235557391095,0.06141737727623821,
conf_icosphere_sub3,6065,9.0,-4.42525577545166,3.872809648513794,12005.7412109375,2.980425051646307e-05,9.0,-4.414527893066406,3.8673393726348877,11643.703125,3.08815433527343e-05,9.0,-4.443795680999756,3.848207473754883,12586.9736328125,2.8549797207233496e-05,9.0,-4.436445236206055,3.8314297199249268,12092.5546875,2.9990760594955646e-05,9.0,-4.4261884689331055,3.88535475730896,12097.4072265625,2.9450407964759506e-05,9.0,-4.4216413497924805,3.8454513549804688,11907.2822265625,3.0427634555962868e-05,9.0,-4.436352252960205,3.8646106719970703,12299.5625,2.913071512011811e-05,9.0,-4.4566545486450195,3.8363897800445557,12962.5703125,2.7800291718449444e-05,9.0,-4.4259881872543625,3.8728011128732294,12085.639295537805,2.9607213270094157e-05,9.0,-4.425988187254436,3.8728011128732285,12085.639295545645,2.9607213270074967e-05,9.0,-4.425988187254352,3.8728011128732285,12085.639295536172,2.960721327009817e-05,9.0,5.0875539527513,3.840529100695728,13109.191604831503,0.3828790905897599,9.0,3.099679604580643,3.8405291006955,13109.191606755963,0.05244919048404859,
conf_prism8,9822,5.0,-6.043337821960449,2.204091787338257,922919.6875,5.207265303397435e-07,5.0,-6.0661845207214355,2.193875789642334,1088291.875,4.446502828159282e-07,5.0,-6.025272846221924,2.2180111408233643,1065355.0,4.468280678793235e-07,5.0,-6.045019626617432,2.221693277359009,1079732.5,4.42048360582703e-07,5.0,-6.111844539642334,2.2059295177459717,1055907.625,4.5497407086259045e-07,5.0,-6.052824020385742,2.190621852874756,1087795.125,4.4582918690139195e-07,5.0,-6.047176837921143,2.199413299560547,986398.5,4.883860924564942e-07,5.0,-6.10450553894043,2.197082996368408,1097265.375,4.399002477839531e-07,5.0,-6.3711269898896985,2.204074386520997,4747587.877549016,1.0122791788651789e-07,5.0,-6.371126989703038,2.204074386520998,4747587.873099547,1.0122791798138931e-07,5.0,-6.3711269898343,2.2040743865209986,4747587.876227975,1.0122791791468509e-07,5.0,3.656696529820001,2.203013335704694,4744042.907386341,0.0022955884870250695,5.0,1.6688221177406475,2.20301333570265,4744044.420704523,0.0003144640759928415,
conf_snowman,3422,9.0,-4.213631629943848,4.17128849029541,6178.86962890625,5.3714891691925004e-05,9.0,-4.2508416175842285,4.092103958129883,6944.3251953125,4.905814421363175e-05,9.0,-4.21021032333374,4.218658924102783,6184.4853515625,5.2563773351721466e-05,9.0,-4.21122407913208,4.1882429122924805,6319.732421875,5.218145452090539e-05,9.0,-4.218070030212402,4.1731367111206055,6341.697265625,5.225352288107388e-05,9.0,-4.201352119445801,4.2019453048706055,6110.5771484375,5.3758583817398176e-05,9.0,-4.230976581573486,4.138370990753174,6458.1572265625,5.193186370888725e-05,9.0,-4.225386142730713,4.194641590118408,6324.39697265625,5.17927146574948e-05,9.0,-4.214016419642655,4.171278553815989,6200.26267036006,5.3529550964079124e-05,9.0,-4.214016419642636,4.171278553815993,6200.26267035947,5.352955096408424e-05,9.0,-4.214016419642594,4.171278553815996,6200.262670357351,5.35295509641025e-05,9.0,4.719534433883978,4.128203900025525,6890.877960463318,0.38131172344594744,9.0,2.7316600857314697,4.128203900025559,6890.877960349827,0.052234482664688775,
conf_sphere_on_cube,5854,9.0,-5.7366557121276855,2.287437677383423,51202.671875,9.638270057621412e-06,9.0,-5.776060581207275,2.2528042793273926,60646.9140625,8.291021913464647e-06,9.0,-5.706114768981934,2.3058583736419678,46445.85546875,1.0518266208237037e-05,9.0,-5.739614009857178,2.2674782276153564,50040.234375,9.968800441129133e-06,9.0,-5.639686107635498,2.3198182582855225,45666.8125,1.0784871847135946e-05,9.0,-5.6594929695129395,2.318439245223999,41532.8671875,1.1827225534943864e-05,9.0,-5.750051498413086,2.292008399963379,53960.91796875,9.120933100348338e-06,9.0,-5.769259452819824,2.258613348007202,55438.9140625,9.02843657968333e-06,9.0,-5.741413887345725,2.287428254972936,53482.54318102494,9.227411633549688e-06,9.0,-5.741413887345572,2.2874282549729363,53482.54318094989,9.22741163356265e-06,9.0,-5.741413887345181,2.287428254972943,53482.54318089878,9.227411633571459e-06,9.0,3.7229988248221124,2.2754789302634193,60604.49062268243,0.10991857491143162,9.0,1.7351244766024527,2.2754789302629974,60604.4906570669,0.015057339020419993,
conf_sphere_r05,6178,9.0,-4.435619354248047,3.8537650108337402,12266.7158203125,2.929188121925108e-05,9.0,-4.445130825042725,3.824450969696045,12543.9453125,2.897308877436444e-05,9.0,-4.395840167999268,3.912313938140869,11292.8818359375,3.137161547783762e-05,9.0,-4.457749843597412,3.83080792427063,13072.36328125,2.7584486815612763e-05,9.0,-4.437596797943115,3.8729848861694336,12511.072265625,2.8452452170313336e-05,9.0,-4.453100204467773,3.8133292198181152,12940.5908203125,2.8163667593616992e-05,9.0,-4.4467339515686035,3.8422203063964844,12578.658203125,2.8605947591131553e-05,9.0,-4.431305408477783,3.8737072944641113,12057.53515625,2.961791687994264e-05,9.0,-4.436293198156855,3.853754917245936,12341.256772135315,2.9114954645821933e-05,9.0,-4.436293198156738,3.853754917245936,12341.256772122084,2.9114954645853158e-05,9.0,-4.436293198156773,3.8537549172459387,12341.25677212649,2.911495464584275e-05,9.0,5.09191680046745,3.820166716205284,13586.796659930118,0.3779342657804695,9.0,3.104042452302369,3.8201667162051534,13586.796661243467,0.05177181722519675,
conf_torus_R05_r02,2348,9.0,-4.117311477661133,4.360494613647461,3787.411865234375,8.090775372693315e-05,9.0,-4.114804267883301,4.374107837677002,3811.295166015625,7.999374793143943e-05,9.0,-4.118858814239502,4.357301712036133,3772.730712890625,8.124787564156577e-05,9.0,-4.124846458435059,4.3419084548950195,3787.90234375,8.127354522002861e-05,9.0,-4.114434242248535,4.35436487197876,3765.207763671875,8.188310312107205e-05,9.0,-4.131417274475098,4.333590507507324,3867.217529296875,7.971223385538906e-05,9.0,-4.129916191101074,4.329193592071533,3671.472412109375,8.375916513614357e-05,9.0,-4.097883224487305,4.399515151977539,3208.768310546875,9.308671724284068e-05,9.0,-4.117612967169438,4.360483282983311,3797.6517861302054,8.068959677432771e-05,9.0,-4.117612967169531,4.360483282983308,3797.6517861332572,8.06895967742628e-05,9.0,-4.117612967169508,4.360483282983311,3797.6517861326633,8.06895967742754e-05,9.0,4.4390736358700496,4.316020343830359,4215.502414753684,0.394729513778713,9.0,2.4511992877177473,4.316020343830433,4215.502414677146,0.0540725361350523,
conf_torus_R06_r035,2896,9.0,-4.142654895782471,4.305593013763428,4092.369873046875,7.648899190826342e-05,9.0,-4.155706405639648,4.271239280700684,4198.29833984375,7.532934250775725e-05,9.0,-4.134398937225342,4.324223518371582,4009.177490234375,7.76935339672491e-05,9.0,-4.141228199005127,4.304559230804443,4002.53759765625,7.794106204528362e-05,9.0,-4.136805057525635,4.317119121551514,3927.4423828125,7.90794802014716e-05,9.0,-4.137763023376465,4.338412761688232,4093.385009765625,7.549355359515175e-05,9.0,-4.150705814361572,4.276682376861572,3935.056884765625,7.992527389433235e-05,9.0,-4.111738204956055,4.348442077636719,3741.340576171875,8.227452053688467e-05,9.0,-4.142969399085464,4.305582147192942,4103.917589836939,7.627374710197354e-05,9.0,-4.142969399085462,4.305582147192943,4103.917589836936,7.627374710197358e-05,9.0,-4.142969399085413,4.305582147192946,4103.9175898352905,7.627374710200416e-05,9.0,4.621977045492459,4.260023097704998,4563.504042621238,0.459412784687907,9.0,2.6341026973396535,4.260023097705035,4563.504042557194,0.06293325817730894,
conf_two_spheres_row,2250,9.0,-4.12751579284668,4.365837097167969,5160.3583984375,6.106586079113185e-05,9.0,-4.12528133392334,4.36863899230957,5193.49658203125,6.075297642382793e-05,9.0,-4.128663063049316,4.358417987823486,5206.408203125,6.079382364987396e-05,9.0,-4.130875587463379,4.36571741104126,5212.17138671875,6.044185283826664e-05,9.0,-4.133683681488037,4.357203006744385,5215.25,6.0446363931987435e-05,9.0,-4.139314651489258,4.343469142913818,5329.20654296875,5.9548416174948215e-05,9.0,-4.114989757537842,4.392695426940918,4986.755859375,6.269162986427546e-05,9.0,-4.144397258758545,4.376137733459473,5205.2939453125,5.901081021875143e-05,9.0,-4.127788030303608,4.3658290092469505,5172.970039235564,6.091697408037398e-05,9.0,-4.1277880303036465,4.365829009246946,5172.970039237156,6.091697408035524e-05,9.0,-4.127788030303616,4.365829009246948,5172.970039235728,6.091697408037206e-05,9.0,4.3837008351157,4.314384991858477,5713.2478697141805,0.2870078718472864,9.0,2.39582648696346,4.314384991858534,5713.247869606062,0.03931614682913949,
A_cylinder,,6,nan,nan,,,,,,,,,,,,,,,,,,,,,,,,,,,,,,,,,,,,,,,,,,,,,,,,,,,,,,,,,,,,,,,10208
A_prism16,,6,-16.71379280090332,2.1570327281951904,,,,,,,,,,,,,,,,,,,,,,,,,,,,,,,,,,,,,,,,,,,,,,,,,,,,,,,,,,,,,,,10123
A_prism32,,6,-17.145790100097656,2.1376614570617676,,,,,,,,,,,,,,,,,,,,,,,,,,,,,,,,,,,,,,,,,,,,,,,,,,,,,,,,,,,,,,,10197
A_prism4,,5,nan,nan,,,,,,,,,,,,,,,,,,,,,,,,,,,,,,,,,,,,,,,,,,,,,,,,,,,,,,,,,,,,,,,8010
A_prism8,,5,nan,nan,,,,,,,,,,,,,,,,,,,,,,,,,,,,,,,,,,,,,,,,,,,,,,,,,,,,,,,,,,,,,,,9822
B_bevel05,,9,-4.467447280883789,2.5565943717956543,,,,,,,,,,,,,,,,,,,,,,,,,,,,,,,,,,,,,,,,,,,,,,,,,,,,,,,,,,,,,,,13187
B_bevel15,,5,nan,nan,,,,,,,,,,,,,,,,,,,,,,,,,,,,,,,,,,,,,,,,,,,,,,,,,,,,,,,,,,,,,,,13406
B_bevel30,,5,nan,nan,,,,,,,,,,,,,,,,,,,,,,,,,,,,,,,,,,,,,,,,,,,,,,,,,,,,,,,,,,,,,,,13406
B_cube,,5,nan,nan,,,,,,,,,,,,,,,,,,,,,,,,,,,,,,,,,,,,,,,,,,,,,,,,,,,,,,,,,,,,,,,13406
B_rounded,,9,-6.033259868621826,2.432319402694702,,,,,,,,,,,,,,,,,,,,,,,,,,,,,,,,,,,,,,,,,,,,,,,,,,,,,,,,,,,,,,,11919
