scene,N,subset,pixel_seed,init_mode,information,reconstruction_error,final_objective,grad_norm,proj_grad_norm
conf_cube_axis,3,"1,15,31",2093279801,global,-8.170715154782643,0.02630646713078022,6.197227776283398e-05,0.0002147793728239811,1.281821370124817
conf_cube_axis,3,"1,15,31",2093279801,oracle_local,-8.170715154782643,0.003244915744289756,6.370945629896596e-05,0.0003207029285732109,2.802022695541382
conf_cube_axis,3,"11,14,29",2139411774,global,-7.530533878305924,0.007808269467204809,6.569625838892534e-05,0.0002518548333991504,1.6756436824798584
conf_cube_axis,3,"11,14,29",2139411774,oracle_local,-7.530533878305924,0.003189279930666089,7.209746399894357e-05,0.00031833178936581543,2.494868278503418
conf_cube_axis,3,"9,24,26",1617650276,global,-7.388351358052009,0.00508875772356987,6.795866647735238e-05,0.0002685495814372597,1.8266359567642212
conf_cube_axis,3,"9,24,26",1617650276,oracle_local,-7.388351358052009,0.0031324720475822687,7.608745363540947e-05,0.00032075135933409555,2.3746283054351807
conf_cube_axis,3,"7,12,26",1590557582,global,-7.412350218288664,0.004426604602485895,6.18910780758597e-05,0.00025690114337688683,1.8256914615631104
conf_cube_axis,3,"7,12,26",1590557582,oracle_local,-7.412350218288664,0.003194945864379406,7.057192124193534e-05,0.00031704951174471726,2.528898000717163
conf_cube_axis,3,"7,13,22",845384362,global,-7.005477580374351,0.003020282369107008,6.719730299664661e-05,0.0002975576229554323,2.1533467769622803
conf_cube_axis,3,"7,13,22",845384362,oracle_local,-7.005477580374351,0.0031121589709073305,7.296112744370475e-05,0.0003241915910460737,2.510934829711914
conf_cube_axis,3,"4,10,13",668723535,global,-6.920091119803478,0.0028780722059309483,7.237502723000944e-05,0.00031207811381523266,2.1248855590820312
conf_cube_axis,3,"4,10,13",668723535,oracle_local,-6.920091119803478,0.002980447607114911,7.909742271294817e-05,0.00032471616923259084,2.350738763809204
conf_cube_axis,3,"0,9,28",451020263,global,-6.92985268319666,0.0029976412188261747,6.732968904543668e-05,0.000279578135429641,2.0128707885742188
conf_cube_axis,3,"0,9,28",451020263,oracle_local,-6.92985268319666,0.003087956691160798,7.35608846298419e-05,0.00031985620439364826,2.44441556930542
conf_cube_axis,3,"21,22,27",2144295918,global,-7.306624378172274,0.0031025942880660295,6.548989767907187e-05,0.0002729001342481301,1.971299409866333
conf_cube_axis,3,"21,22,27",2144295918,oracle_local,-7.306624378172274,0.0031600792426615953,7.240184640977532e-05,0.00031581346666764514,2.471292018890381
conf_cube_axis,3,"1,2,20",1550746056,global,-8.371191961912992,0.030316118150949478,5.616409544018097e-05,0.00019087872353535664,1.1314040422439575
conf_cube_axis,3,"1,2,20",1550746056,oracle_local,-8.371191961912992,0.0032748449593782425,6.0018981457687914e-05,0.00032263409995112065,3.0036067962646484
conf_cube_axis,3,"0,13,14",1806826969,global,-6.931027735855931,0.0028385166078805923,7.511713192798197e-05,0.0003069414532619254,2.119262456893921
conf_cube_axis,3,"0,13,14",1806826969,oracle_local,-6.931027735855931,0.0028897433076053858,7.876309973653406e-05,0.0003170135854604431,2.275601625442505
conf_cube_axis,5,"4,6,22,25,27",1632719898,global,-12.056022921173895,0.038104891777038574,5.7623117754701525e-05,0.00017803321597906321,1.0168116092681885
conf_cube_axis,5,"4,6,22,25,27",1632719898,oracle_local,-12.056022921173895,0.003272577188909054,5.875012720935047e-05,0.00031368334809249367,2.9712820053100586
conf_cube_axis,5,"1,9,12,27,28",180799898,global,-11.03960688058663,0.036399319767951965,5.616340058622882e-05,0.00017633498343483188,1.0303503274917603
conf_cube_axis,5,"1,9,12,27,28",180799898,oracle_local,-11.03960688058663,0.0032575989607721567,5.892786430194974e-05,0.00031498060893203893,2.9780306816101074
conf_cube_axis,5,"10,12,19,22,23",240318139,global,-7.8188398844266045,0.0037227689754217863,5.287065505399369e-05,0.0002332154422109225,1.7159090042114258
conf_cube_axis,5,"10,12,19,22,23",240318139,oracle_local,-7.8188398844266045,0.003214598633348942,6.618661427637562e-05,0.0003220271898669791,2.7520124912261963
conf_cube_axis,5,"2,7,18,25,31",1157421699,global,-7.513698421315537,0.0031492323614656925,5.806794797535986e-05,0.00025315723869785695,1.8518478870391846
conf_cube_axis,5,"2,7,18,25,31",1157421699,oracle_local,-7.513698421315537,0.003219952806830406,6.889665382914245e-05,0.0003231199203396965,2.6503331661224365
conf_cube_axis,5,"5,16,24,26,29",83698680,global,-7.037468748529444,0.0027548044454306364,7.416747394017875e-05,0.0002900225448395287,1.9539390802383423
conf_cube_axis,5,"5,16,24,26,29",83698680,oracle_local,-7.037468748529444,0.0028513732831925154,8.179577707778662e-05,0.00033256425333422576,2.3029587268829346
conf_cube_axis,5,"2,7,8,10,15",2019627789,global,-6.956398936167505,0.0029999830294400454,6.602903886232525e-05,0.0002724947571302665,1.9175890684127808
conf_cube_axis,5,"2,7,8,10,15",2019627789,oracle_local,-6.956398936167505,0.0031285355798900127,7.5339681643527e-05,0.0003193416378050855,2.4078762531280518
conf_cube_axis,5,"7,11,21,22,28",1967628017,global,-7.3762248344206816,0.003113768994808197,6.04608649155125e-05,0.0002632693334755232,1.9368716478347778
conf_cube_axis,5,"7,11,21,22,28",1967628017,oracle_local,-7.3762248344206816,0.003186536254361272,6.970376125536859e-05,0.0003150855471873016,2.5474629402160645
conf_cube_axis,5,"13,18,20,27,31",1276262380,global,-7.183682698739131,0.0029613967053592205,6.802567804697901e-05,0.0002794445003305449,1.983896255493164
conf_cube_axis,5,"13,18,20,27,31",1276262380,oracle_local,-7.183682698739131,0.0030688007827848196,7.533904863521457e-05,0.00032154363486215567,2.4132678508758545
conf_cube_axis,5,"1,4,10,11,23",476449407,global,-7.414469272083869,0.003146648872643709,5.5257376516237855e-05,0.00023810260095839374,1.7155152559280396
conf_cube_axis,5,"1,4,10,11,23",476449407,oracle_local,-7.414469272083869,0.0032315198332071304,6.858460255898535e-05,0.00033043922499145475,2.710576057434082
conf_cube_axis,5,"6,7,8,24,27",511802201,global,-7.087518625334193,0.0030695644672960043,6.3340638007503e-05,0.0002695871829763066,1.963754653930664
conf_cube_axis,5,"6,7,8,24,27",511802201,oracle_local,-7.087518625334193,0.0031704972498118877,7.209470641100779e-05,0.00033904706344144067,2.641507863998413
conf_prism8,3,"13,21,23",478399023,global,-7.141868321669924,0.003010041546076536,7.861021731514484e-05,0.00036331646235280776,2.5377259254455566
conf_prism8,3,"13,21,23",478399023,oracle_local,-7.141868321669924,0.0030389546882361174,8.235732093453407e-05,0.0003684412454255653,2.544856548309326
conf_prism8,3,"3,19,25",381991993,global,-7.16858440482544,0.003194663440808654,6.657335325144231e-05,0.0003169042042517844,2.205374240875244
conf_prism8,3,"3,19,25",381991993,oracle_local,-7.16858440482544,0.003328754100948572,7.619826646987349e-05,0.0003763831613539912,2.8469767570495605
conf_prism8,3,"9,30,31",1447981154,global,-8.001445665998249,0.015942329540848732,6.860905705252662e-05,0.0002911803503992091,1.9071625471115112
conf_prism8,3,"9,30,31",1447981154,oracle_local,-8.001445665998249,0.003619278548285365,6.180357013363391e-05,0.00037845101688789166,3.499854564666748
conf_prism8,3,"1,9,21",770240884,global,-7.211420600966698,0.0034638643264770508,5.899592360947281e-05,0.00032421481144218257,2.64872145652771
conf_prism8,3,"1,9,21",770240884,oracle_local,-7.211420600966698,0.00356502179056406,6.418021803256124e-05,0.0003681279382686862,3.203517198562622
conf_prism8,3,"2,4,13",1353949776,global,-7.056584780252657,0.0033232825808227062,6.702468090225011e-05,0.00034043859601315683,2.5545952320098877
conf_prism8,3,"2,4,13",1353949776,oracle_local,-7.056584780252657,0.003398151835426688,7.204992289189249e-05,0.0003633866140340698,2.830698013305664
conf_prism8,3,"1,16,25",1902732627,global,-7.260093479254634,0.004020288120955229,5.985259122098796e-05,0.0003149790185359119,2.4735002517700195
conf_prism8,3,"1,16,25",1902732627,oracle_local,-7.260093479254634,0.00350950681604445,6.645249231951311e-05,0.000374325727658582,3.180448293685913
conf_prism8,3,"0,7,13",280370963,global,-6.993924814591062,0.0030497098341584206,7.955588080221787e-05,0.0003581082482461022,2.4478631019592285
conf_prism8,3,"0,7,13",280370963,oracle_local,-6.993924814591062,0.003058150876313448,8.110969793051481e-05,0.0003638512977497504,2.510505437850952
conf_prism8,3,"16,22,24",659848221,global,-7.344860625322808,0.003764609107747674,6.77435309626162e-05,0.0003264718616807325,2.4038188457489014
conf_prism8,3,"16,22,24",659848221,oracle_local,-7.344860625322808,0.0032190445344895124,7.352419925155118e-05,0.00037445099713870556,2.938321590423584
conf_prism8,3,"10,14,17",1218522832,global,-7.307587428684958,0.0079428656026721,6.064991612220183e-05,0.0002862300646747998,2.0499918460845947
conf_prism8,3,"10,14,17",1218522832,oracle_local,-7.307587428684958,0.0035642178263515234,6.6584070737008e-05,0.0003711521244571095,3.203402519226074
conf_prism8,3,"2,17,30",105734942,global,-7.988209428706352,0.037575121968984604,6.28394482191652e-05,0.00024594728200594366,1.4314459562301636
conf_prism8,3,"2,17,30",105734942,oracle_local,-7.988209428706352,0.0037337196990847588,5.752204015152529e-05,0.00037230721754902393,3.6686582565307617
conf_prism8,5,"2,6,9,10,12",1911260805,global,-7.3307712348757095,0.003441072069108486,5.145060640643351e-05,0.00028780425447308704,2.309293031692505
conf_prism8,5,"2,6,9,10,12",1911260805,oracle_local,-7.3307712348757095,0.0037059166934341192,6.361771374940872e-05,0.00037320534839056687,3.353069543838501
conf_prism8,5,"2,14,15,20,30",1796839744,global,-8.126863225341221,0.02423393912613392,5.607472485280596e-05,0.0002442467299652641,1.5670684576034546
conf_prism8,5,"2,14,15,20,30",1796839744,oracle_local,-8.126863225341221,0.003728404873982072,5.8284706028643996e-05,0.0003709043423331241,3.598799467086792
conf_prism8,5,"2,16,17,20,22",1261123707,global,-7.32965821153571,0.003398807952180505,5.633978435071185e-05,0.0003022569055381789,2.369567632675171
conf_prism8,5,"2,16,17,20,22",1261123707,oracle_local,-7.32965821153571,0.003568922635167837,6.617554754484445e-05,0.0003680580574273822,3.162459373474121
conf_prism8,5,"1,10,16,17,25",1519717983,global,-7.278250812305572,0.0033083197195082903,5.9769925428554416e-05,0.0003146842681803377,2.4165847301483154
conf_prism8,5,"1,10,16,17,25",1519717983,oracle_local,-7.278250812305572,0.003448129864409566,6.819412374170497e-05,0.0003738988760123563,3.115487575531006
conf_prism8,5,"2,3,18,21,26",1028064713,global,-7.167595350816893,0.0030803820118308067,7.321611337829381e-05,0.00033640640459970967,2.3267717361450195
conf_prism8,5,"2,3,18,21,26",1028064713,oracle_local,-7.167595350816893,0.0031287262681871653,7.952067244332284e-05,0.0003725439456508576,2.697484016418457
conf_prism8,5,"6,8,19,23,25",1568605243,global,-7.1351591854490435,0.003253063652664423,6.543906056322157e-05,0.00032996932329188767,2.4577536582946777
conf_prism8,5,"6,8,19,23,25",1568605243,oracle_local,-7.1351591854490435,0.0033621108159422874,7.283324521267787e-05,0.000369889393906417,2.876894950866699
conf_prism8,5,"4,8,9,24,31",1747515893,global,-7.1528868714725835,0.0032628446351736784,6.533700070576742e-05,0.0003349806052014304,2.5650219917297363
conf_prism8,5,"4,8,9,24,31",1747515893,oracle_local,-7.1528868714725835,0.003328829538077116,7.049267878755927e-05,0.0003702869821122368,2.986238718032837
conf_prism8,5,"0,6,24,26,27",1209252601,global,-7.061001359701515,0.00317677715793252,7.392119732685387e-05,0.00034262152820114817,2.3886101245880127
conf_prism8,5,"0,6,24,26,27",1209252601,oracle_local,-7.061001359701515,0.0032337408047169447,7.846223888918757e-05,0.00037118067749387327,2.6937813758850098
conf_prism8,5,"10,14,23,26,29",41139415,global,-7.495167233544896,0.007754678372293711,6.865282921353355e-05,0.00031214263179246384,2.2952864170074463
conf_prism8,5,"10,14,23,26,29",41139415,oracle_local,-7.495167233544896,0.00318341888487339,7.15390415280126e-05,0.0003750697755282677,3.0202577114105225
conf_prism8,5,"2,5,7,9,20",12028345,global,-7.034552994725736,0.003442812943831086,6.0355960158631206e-05,0.0003127178510696889,2.3920164108276367
conf_prism8,5,"2,5,7,9,20",12028345,oracle_local,-7.034552994725736,0.003585181664675474,6.794647197239101e-05,0.00037406101140882947,3.11027455329895
conf_cylinder_r03_d12,3,"10,18,28",1721400203,global,-7.37551646323231,0.006114390213042498,9.966250217985362e-05,0.000428943323486697,2.083646535873413
conf_cylinder_r03_d12,3,"10,18,28",1721400203,oracle_local,-7.37551646323231,0.003428078256547451,8.78591017681174e-05,0.0005573495169386903,3.714174509048462
conf_cylinder_r03_d12,3,"8,17,31",1231273073,global,-7.12396246464286,0.004478619433939457,9.952753316611052e-05,0.00048799052067744614,2.5890352725982666
conf_cylinder_r03_d12,3,"8,17,31",1231273073,oracle_local,-7.12396246464286,0.00335330399684608,8.474213245790452e-05,0.0005596164214467889,3.8298211097717285
conf_cylinder_r03_d12,3,"10,18,24",497657971,global,-7.344660302752497,0.007855668663978577,0.00010883684444706887,0.00041504537281395273,1.8580087423324585
conf_cylinder_r03_d12,3,"10,18,24",497657971,oracle_local,-7.344660302752497,0.0037732890341430902,9.415325621375814e-05,0.0005336901623242029,3.3343465328216553
conf_cylinder_r03_d12,3,"6,9,11",438105898,global,-7.635460631186498,0.0035982418339699507,6.0527636378537863e-05,0.0004294025027090013,2.89933443069458
conf_cylinder_r03_d12,3,"6,9,11",438105898,oracle_local,-7.635460631186498,0.0038555264472961426,6.964713975321501e-05,0.0005696295150996343,4.7179484367370605
conf_cylinder_r03_d12,3,"1,15,21",1346701744,global,-7.289802897597687,0.004911697003990412,8.97667050594464e-05,0.0004621428974530961,2.557915687561035
conf_cylinder_r03_d12,3,"1,15,21",1346701744,oracle_local,-7.289802897597687,0.0035086669959127903,7.493450539186597e-05,0.0005704954046720203,4.397930145263672
conf_cylinder_r03_d12,3,"4,21,28",2091684747,global,-7.306641598454995,0.005078222136944532,9.176379535347223e-05,0.0004629373518930847,2.5353496074676514
conf_cylinder_r03_d12,3,"4,21,28",2091684747,oracle_local,-7.306641598454995,0.0035022145602852106,7.710653153480962e-05,0.0005644450693899598,4.192269325256348
conf_cylinder_r03_d12,3,"9,13,30",1062093051,global,-7.08826223233024,0.003907425329089165,8.712751150596887e-05,0.0005058980814363792,3.0398590564727783
conf_cylinder_r03_d12,3,"9,13,30",1062093051,oracle_local,-7.08826223233024,0.00356469489634037,7.607100997120142e-05,0.0005667027939151423,4.234647750854492
conf_cylinder_r03_d12,3,"12,20,27",1255115746,global,-9.157840962757927,0.05401241034269333,0.00011375657049939036,0.00034889010732040525,1.1415659189224243
conf_cylinder_r03_d12,3,"12,20,27",1255115746,oracle_local,-9.157840962757927,0.003827110631391406,6.663661042694002e-05,0.0005880058869224139,5.331264972686768
conf_cylinder_r03_d12,3,"5,11,21",1307997811,global,-7.092517587873998,0.007244305219501257,0.00011445261770859361,0.00045045310700377055,2.0905768871307373
conf_cylinder_r03_d12,3,"5,11,21",1307997811,oracle_local,-7.092517587873998,0.003237832337617874,8.694993448443711e-05,0.0005571863280043721,3.633789539337158
conf_cylinder_r03_d12,3,"0,4,15",691973399,global,-6.981682617213643,0.0037971935234963894,8.493430505041033e-05,0.0004963034018461235,3.042308807373047
conf_cylinder_r03_d12,3,"0,4,15",691973399,oracle_local,-6.981682617213643,0.003480401588603854,7.70529150031507e-05,0.0005726073009234726,4.288923740386963
conf_cylinder_r03_d12,5,"7,11,14,17,27",1176139539,global,-7.902691706765089,0.003670679172500968,5.911165499128401e-05,0.00044235320559404926,3.1701245307922363
conf_cylinder_r03_d12,5,"7,11,14,17,27",1176139539,oracle_local,-7.902691706765089,0.0038134115748107433,6.782828859286383e-05,0.0005658025271560232,4.7716827392578125
conf_cylinder_r03_d12,5,"7,11,20,22,29",2098893796,global,-7.739622179929044,0.0035024245735257864,7.08306542946957e-05,0.0004628223037518171,2.957094669342041
conf_cylinder_r03_d12,5,"7,11,20,22,29",2098893796,oracle_local,-7.739622179929044,0.0035521218087524176,7.694002124480903e-05,0.0005650717568536239,4.2495198249816895
conf_cylinder_r03_d12,5,"3,6,19,27,29",1194129727,global,-7.343591682895896,0.0034211520105600357,7.824109343346208e-05,0.0004838396304301681,2.9905457496643066
conf_cylinder_r03_d12,5,"3,6,19,27,29",1194129727,oracle_local,-7.343591682895896,0.003390312660485506,8.147110929712653e-05,0.0005784314689006095,4.234691143035889
conf_cylinder_r03_d12,5,"1,8,12,26,29",2076345851,global,-7.169195410880437,0.0037210748996585608,8.659283048473299e-05,0.0004993009488729805,2.996206760406494
conf_cylinder_r03_d12,5,"1,8,12,26,29",2076345851,oracle_local,-7.169195410880437,0.003378946101292968,8.189177606254816e-05,0.0005547040297865164,3.843752145767212
conf_cylinder_r03_d12,5,"4,9,14,15,25",1290072192,global,-8.536422822643921,0.0038007497787475586,4.7325014747912064e-05,0.00040000609943490584,3.1270785331726074
conf_cylinder_r03_d12,5,"4,9,14,15,25",1290072192,oracle_local,-8.536422822643921,0.003988818731158972,5.9642698033712804e-05,0.0005700606944133027,5.436586380004883
conf_cylinder_r03_d12,5,"0,2,17,21,24",1904653433,global,-7.0328234595291645,0.003458340186625719,8.488587627653033e-05,0.0005151159840938252,3.200939178466797
conf_cylinder_r03_d12,5,"0,2,17,21,24",1904653433,oracle_local,-7.0328234595291645,0.003310378873720765,8.272944978671148e-05,0.0005735449673807979,3.998945951461792
conf_cylinder_r03_d12,5,"1,11,14,18,29",1733665728,global,-7.51154215772098,0.003673768602311611,7.834778807591647e-05,0.0004611051342224012,2.8151674270629883
conf_cylinder_r03_d12,5,"1,11,14,18,29",1733665728,oracle_local,-7.51154215772098,0.003407473675906658,7.949230348458514e-05,0.0005531295018381402,3.969775915145874
conf_cylinder_r03_d12,5,"1,9,13,28,30",2114126044,global,-7.190062936004253,0.003589335596188903,6.857957487227395e-05,0.0005091355152712572,3.704829216003418
conf_cylinder_r03_d12,5,"1,9,13,28,30",2114126044,oracle_local,-7.190062936004253,0.003681526053696871,7.228901813505217e-05,0.0005613580735850859,4.383533477783203
conf_cylinder_r03_d12,5,"0,10,12,15,26",92798745,global,-7.038589212328268,0.0034736108500510454,8.423162944382057e-05,0.000508592329870264,3.130284070968628
conf_cylinder_r03_d12,5,"0,10,12,15,26",92798745,oracle_local,-7.038589212328268,0.003307355334982276,8.326119859702885e-05,0.0005778359978616845,4.130307674407959
conf_cylinder_r03_d12,5,"3,11,12,13,27",402152389,global,-7.119259479043636,0.0033262050710618496,7.992561586434022e-05,0.0005199398756385146,3.373143196105957
conf_cylinder_r03_d12,5,"3,11,12,13,27",402152389,oracle_local,-7.119259479043636,0.003339193295687437,8.214970875997096e-05,0.0005744254012310442,4.046866416931152
conf_cone_r04_d12,3,"9,16,25",749076469,global,-7.555450655877678,0.007099294103682041,0.00012145390792284161,0.0005063167192159414,1.9685755968093872
conf_cone_r04_d12,3,"9,16,25",749076469,oracle_local,-7.555450655877678,0.007289206609129906,0.00012433883966878057,0.000650360802880647,3.026174306869507
conf_cone_r04_d12,3,"1,9,20",1213028355,global,-8.820750410775542,0.009110034443438053,9.263376705348492e-05,0.00041778322093347276,1.6267081499099731
conf_cone_r04_d12,3,"1,9,20",1213028355,oracle_local,-8.820750410775542,0.007854637689888477,0.00010803477925946936,0.0006373873797677643,3.284022092819214
conf_cone_r04_d12,3,"14,15,31",572085614,global,-7.93146537150264,0.006721725687384605,0.00012443953892216086,0.0004945321487195046,1.7540898323059082
conf_cone_r04_d12,3,"14,15,31",572085614,oracle_local,-7.93146537150264,0.006886601913720369,0.00012747655273415148,0.0006258071800693185,2.748544692993164
conf_cone_r04_d12,3,"7,26,29",1759562668,global,-7.68169788391065,0.007873720489442348,0.00014731570263393223,0.000492939978183065,1.5580675601959229
conf_cone_r04_d12,3,"7,26,29",1759562668,oracle_local,-7.68169788391065,0.006707505788654089,0.00013852922711521387,0.0006525191476238357,2.807732105255127
conf_cone_r04_d12,3,"10,15,23",885301637,global,-7.433632252925435,0.006386324297636747,0.00014351779827848077,0.0005350760931590784,1.7789759635925293
conf_cone_r04_d12,3,"10,15,23",885301637,oracle_local,-7.433632252925435,0.006626132410019636,0.0001436742313671857,0.0006421278260460411,2.529020309448242
conf_cone_r04_d12,3,"23,25,27",1480195778,global,-8.095454212080035,0.006420960649847984,0.00011929540778510273,0.0005191202805019023,1.943793535232544
conf_cone_r04_d12,3,"23,25,27",1480195778,oracle_local,-8.095454212080035,0.0068189287558197975,0.00013006043445784599,0.0006586116516741731,2.983273983001709
conf_cone_r04_d12,3,"0,14,30",1158488926,global,-7.000751562812194,0.0074745286256074905,0.00014759995974600315,0.0005505929299354628,1.8354839086532593
conf_cone_r04_d12,3,"0,14,30",1158488926,oracle_local,-7.000751562812194,0.007470874581485987,0.00014827449922449887,0.000623824034965042,2.3753554821014404
conf_cone_r04_d12,3,"1,2,31",1454053372,global,-7.401672176113336,0.0067483228631317616,0.00012664005043916404,0.0005220290374384644,1.871161937713623
conf_cone_r04_d12,3,"1,2,31",1454053372,oracle_local,-7.401672176113336,0.007195015903562307,0.0001268130145035684,0.0006393253779932785,2.8990817070007324
conf_cone_r04_d12,3,"7,22,29",483066236,global,-7.923616877245594,0.006689156871289015,0.00012324405543040484,0.0005016913578899682,1.7606600522994995
conf_cone_r04_d12,3,"7,22,29",483066236,oracle_local,-7.923616877245594,0.00693895947188139,0.00012875832908321172,0.0006318935538991011,2.7475860118865967
conf_cone_r04_d12,3,"5,13,28",1611935818,global,-7.092769679856568,0.007184700109064579,0.0001838382740970701,0.0005563458265873735,1.5391128063201904
conf_cone_r04_d12,3,"5,13,28",1611935818,oracle_local,-7.092769679856568,0.0068046231754124165,0.00017250781820621341,0.0005989120334781755,1.9432079792022705
conf_cone_r04_d12,5,"4,5,20,21,22",1113461860,global,-7.103684817226524,0.006889175157994032,0.0001367441436741501,0.0005664739872235857,2.028630256652832
conf_cone_r04_d12,5,"4,5,20,21,22",1113461860,oracle_local,-7.103684817226524,0.007161243353039026,0.00014305245713330805,0.0006229470025159141,2.4266669750213623
conf_cone_r04_d12,5,"0,9,16,20,25",1195785055,global,-7.0561794896627275,0.00703353201970458,0.00013424901408143342,0.0005494902665735851,2.0362706184387207
conf_cone_r04_d12,5,"0,9,16,20,25",1195785055,oracle_local,-7.0561794896627275,0.007323225028812885,0.00014223289326764643,0.0006294137224459439,2.4829177856445312
conf_cone_r04_d12,5,"9,13,16,17,24",1043813799,global,-7.1969605215996015,0.006913534831255674,0.00013022826169617474,0.0005506479469232848,2.0494332313537598
conf_cone_r04_d12,5,"9,13,16,17,24",1043813799,oracle_local,-7.1969605215996015,0.00726810097694397,0.00013607711298391223,0.0006357923974654844,2.640087604522705
conf_cone_r04_d12,5,"0,5,7,9,10",1812025864,global,-7.02986334796089,0.007039863150566816,0.0001493987365392968,0.0005589251640033332,1.860146403312683
conf_cone_r04_d12,5,"0,5,7,9,10",1812025864,oracle_local,-7.02986334796089,0.007191898766905069,0.00015704578254371881,0.0006061434008052764,2.1504194736480713
conf_cone_r04_d12,5,"0,4,6,18,25",1181035725,global,-7.066498351264579,0.007282128557562828,0.00012693353346548975,0.0005547358192524949,2.1283962726593018
conf_cone_r04_d12,5,"0,4,6,18,25",1181035725,oracle_local,-7.066498351264579,0.007470350246876478,0.00013316216063685715,0.0006224980551588718,2.610795736312866
conf_cone_r04_d12,5,"5,11,21,26,30",207025684,global,-7.192837364763594,0.006715215276926756,0.00014401235966943204,0.0005736209645260832,1.9638893604278564
conf_cone_r04_d12,5,"5,11,21,26,30",207025684,oracle_local,-7.192837364763594,0.007060691714286804,0.00014793657464906573,0.0006213602441444286,2.3504855632781982
conf_cone_r04_d12,5,"0,3,10,16,30",765167931,global,-7.064326678358617,0.007175672799348831,0.00013760465662926435,0.000553114092338139,1.9431918859481812
conf_cone_r04_d12,5,"0,3,10,16,30",765167931,oracle_local,-7.064326678358617,0.0073561775498092175,0.00014499181997962296,0.0006272517080798411,2.4615511894226074
conf_cone_r04_d12,5,"5,10,13,19,22",1363054117,global,-7.086657604316368,0.006837969645857811,0.0001494654279667884,0.0005561160741230955,1.86907160282135
conf_cone_r04_d12,5,"5,10,13,19,22",1363054117,oracle_local,-7.086657604316368,0.007101847790181637,0.0001557031209813431,0.0005953092630810353,2.1197032928466797
conf_cone_r04_d12,5,"3,4,8,14,16",1524796852,global,-7.127650605025241,0.0074628060683608055,0.00011241019092267379,0.000531575648775767,2.1810104846954346
conf_cone_r04_d12,5,"3,4,8,14,16",1524796852,oracle_local,-7.127650605025241,0.007679666858166456,0.00012163115025032312,0.0006462511294804866,3.045773983001709
conf_cone_r04_d12,5,"5,17,26,27,28",1607972230,global,-7.158704923583008,0.0066431136801838875,0.00013923458755016327,0.0005632382849580681,2.011881113052368
conf_cone_r04_d12,5,"5,17,26,27,28",1607972230,oracle_local,-7.158704923583008,0.006970237009227276,0.00014521341654472053,0.0006277430733997355,2.4024925231933594
conf_egg,3,"5,22,23",1911755120,global,-7.203863470813362,0.010379630140960217,0.00014591580838896334,0.00044850424451124715,1.631666898727417
conf_egg,3,"5,22,23",1911755120,oracle_local,-7.203863470813362,0.006700458936393261,0.0001200824772240594,0.000540975857957917,2.7057077884674072
conf_egg,3,"15,18,21",1761114001,global,-7.275398519391395,0.015177261084318161,0.0001584721903782338,0.00042955808737327596,1.4870672225952148
conf_egg,3,"15,18,21",1761114001,oracle_local,-7.275398519391395,0.007235435303300619,0.00012211062130518258,0.0005384352704327196,2.614654064178467
conf_egg,3,"5,21,23",1693859239,global,-7.162510005866612,0.013650033622980118,0.0001763067557476461,0.0004237240173649647,1.329063057899475
conf_egg,3,"5,21,23",1693859239,oracle_local,-7.162510005866612,0.006630185525864363,0.0001256931573152542,0.0005280213754628913,2.4002795219421387
conf_egg,3,"2,17,31",1543874381,global,-7.850175092562403,0.012676108628511429,0.00011635180271696299,0.00041523337189827773,1.6771560907363892
conf_egg,3,"2,17,31",1543874381,oracle_local,-7.850175092562403,0.007512398064136505,0.0001108870783355087,0.0005269127210482197,2.713407278060913
conf_egg,3,"7,22,26",979404881,global,-7.53223075250732,0.009438639506697655,0.00011940185504499823,0.0004507113012535495,1.8917362689971924
conf_egg,3,"7,22,26",979404881,oracle_local,-7.53223075250732,0.0055707897990942,0.00010402290354249999,0.0005554483921998004,3.067965030670166
conf_egg,3,"22,27,30",295193779,global,-8.479182525132142,0.057299815118312836,0.00014980265405029058,0.00028874098539936785,0.7588650584220886
conf_egg,3,"22,27,30",295193779,oracle_local,-8.479182525132142,0.006897382903844118,0.00010066021786769852,0.000506294019113353,2.820220947265625
conf_egg,3,"17,29,31",1210202928,global,-7.593305379710141,0.012981880456209183,0.00013192104233894497,0.00041744096574481305,1.5843572616577148
conf_egg,3,"17,29,31",1210202928,oracle_local,-7.593305379710141,0.007101983763277531,0.00011646441998891532,0.0005219593985437477,2.560936212539673
conf_egg,3,"0,7,22",1551897398,global,-6.981440445343654,0.007026337552815676,0.00014316156739369035,0.0005054968585809297,2.0041215419769287
conf_egg,3,"0,7,22",1551897398,oracle_local,-6.981440445343654,0.005621815100312233,0.0001139817904913798,0.0005500299964868275,2.7763946056365967
conf_egg,3,"15,21,22",1318154442,global,-7.29858143218521,0.010254099033772945,0.0001351926039205864,0.00045911384475231035,1.7933638095855713
conf_egg,3,"15,21,22",1318154442,oracle_local,-7.29858143218521,0.005561382509768009,0.00010929016571026295,0.0005453393318563974,2.8332912921905518
conf_egg,3,"5,23,25",1381009978,global,-7.240025203172797,0.011202216148376465,0.00014452257892116904,0.000454170500775317,1.6958502531051636
conf_egg,3,"5,23,25",1381009978,oracle_local,-7.240025203172797,0.006864204537123442,0.00011616971460171044,0.0005342100216664224,2.6360700130462646
conf_egg,5,"17,21,22,26,28",430706486,global,-7.359432064713496,0.006255475804209709,0.00010759102588053793,0.0005071123429404087,2.4756321907043457
conf_egg,5,"17,21,22,26,28",430706486,oracle_local,-7.359432064713496,0.005426546558737755,0.00010291415674146265,0.0005504952375567626,3.0494375228881836
conf_egg,5,"7,12,21,27,29",1120423330,global,-7.361807012014261,0.006219328381121159,0.00010526692494750023,0.0004962875891760547,2.4216690063476562
conf_egg,5,"7,12,21,27,29",1120423330,oracle_local,-7.361807012014261,0.005499932449311018,0.00010084986570291221,0.0005503427282199138,3.1252198219299316
conf_egg,5,"4,6,18,27,31",2116436750,global,-7.469256896445232,0.007063948083668947,0.00010567715798970312,0.00045910840859154077,2.1142759323120117
conf_egg,5,"4,6,18,27,31",2116436750,oracle_local,-7.469256896445232,0.005937846377491951,0.00010558620851952583,0.0005385225699811214,2.9162893295288086
conf_egg,5,"8,10,19,25,31",1016395798,global,-7.133503692737884,0.006807086989283562,0.00012604416406247765,0.0004978654116471519,2.079691171646118
conf_egg,5,"8,10,19,25,31",1016395798,oracle_local,-7.133503692737884,0.005780783481895924,0.00011971539061050862,0.0005441276143254186,2.667612314224243
conf_egg,5,"7,12,19,24,30",332277863,global,-7.897668097044661,0.0068272314965724945,9.555296855978668e-05,0.0004384490917105651,2.068028688430786
conf_egg,5,"7,12,19,24,30",332277863,oracle_local,-7.897668097044661,0.005861461162567139,0.00010322980233468115,0.0005352234193516342,2.9555118083953857
conf_egg,5,"10,12,13,18,24",605228399,global,-7.180819705093659,0.0073219360783696175,0.0001246321917278692,0.0004973704756741512,2.146728754043579
conf_egg,5,"10,12,13,18,24",605228399,oracle_local,-7.180819705093659,0.005762426182627678,0.00011445745622040704,0.0005466264490033355,2.692167282104492
conf_egg,5,"4,5,8,11,21",1794186810,global,-7.057724568952006,0.006427450105547905,0.0001253227237612009,0.0005225195395671059,2.309743642807007
conf_egg,5,"4,5,8,11,21",1794186810,oracle_local,-7.057724568952006,0.005839422345161438,0.00011268442176515236,0.0005446344662342337,2.790249824523926
conf_egg,5,"8,17,18,26,27",1309423163,global,-7.134403006598227,0.00662287138402462,0.00012312852777540684,0.0005136154182046165,2.3517117500305176
conf_egg,5,"8,17,18,26,27",1309423163,oracle_local,-7.134403006598227,0.005559215322136879,0.00011278143210802227,0.0005550822807485541,2.9276373386383057
conf_egg,5,"1,5,12,29,31",996691018,global,-7.1986749990789605,0.006544205825775862,0.00011342759535182267,0.0004975131750584986,2.316624879837036
conf_egg,5,"1,5,12,29,31",996691018,oracle_local,-7.1986749990789605,0.005566803738474846,0.00010472825670149177,0.0005551709874154968,3.007880926132202
conf_egg,5,"0,9,18,19,20",1569756748,global,-7.018758140616794,0.005943232215940952,0.00011773486767197028,0.0005169815156705323,2.3768301010131836
conf_egg,5,"0,9,18,19,20",1569756748,oracle_local,-7.018758140616794,0.0057480246759951115,0.0001132528850575909,0.0005446548211978806,2.7844347953796387
conf_icosphere_sub3,3,"9,16,30",1535327495,global,-7.410829697373754,0.011113002896308899,0.0001110811426769942,0.0003717385283675425,1.700331687927246
conf_icosphere_sub3,3,"9,16,30",1535327495,oracle_local,-7.410829697373754,0.006886489689350128,9.835632226895541e-05,0.00044647912368457957,2.6019248962402344
conf_icosphere_sub3,3,"10,16,31",2108933185,global,-7.201470836859087,0.014401433989405632,0.00015026074834167957,0.0003510315438659813,1.2301247119903564
conf_icosphere_sub3,3,"10,16,31",2108933185,oracle_local,-7.201470836859087,0.007999629713594913,0.00012985517969354987,0.00042362375764114376,1.8868709802627563
conf_icosphere_sub3,3,"3,11,13",108125044,global,-7.112178589031415,0.018352242186665535,0.0001608412858331576,0.00036979053240122645,1.2924201488494873
conf_icosphere_sub3,3,"3,11,13",108125044,oracle_local,-7.112178589031415,0.008184036239981651,0.0001282219309359789,0.00043077602732511527,1.9789340496063232
conf_icosphere_sub3,3,"12,19,27",1188728645,global,-8.19319686145656,0.021477114409208298,0.00010390447278041393,0.00028059410243736583,1.208746075630188
conf_icosphere_sub3,3,"12,19,27",1188728645,oracle_local,-8.19319686145656,0.009648856706917286,9.725573909236118e-05,0.0004313930076802221,2.6071927547454834
conf_icosphere_sub3,3,"4,18,29",476553031,global,-7.287353098073726,0.01250738650560379,0.00012912227248307317,0.0003595417521696331,1.4671248197555542
conf_icosphere_sub3,3,"4,18,29",476553031,oracle_local,-7.287353098073726,0.007865967229008675,0.00010851294791791588,0.00043528043021995294,2.313117027282715
scene,N,subset,pixel_seed,init_mode,information,reconstruction_error,final_objective,grad_norm,proj_grad_norm
conf_icosphere_sub3,3,"9,16,30",1535327495,global,-7.410829697373754,0.011113002896308899,0.0001110811426769942,0.0003717385283675425,1.700331687927246
conf_icosphere_sub3,3,"9,16,30",1535327495,oracle_local,-7.410829697373754,0.006886489689350128,9.835632226895541e-05,0.00044647912368457957,2.6019248962402344
conf_icosphere_sub3,3,"3,9,18",143306695,global,-7.045599134772216,0.012408720329403877,0.00013429176760837436,0.0003574984537994554,1.400682806968689
conf_icosphere_sub3,3,"3,9,18",143306695,oracle_local,-7.045599134772216,0.007660794071853161,0.00011425898992456496,0.00043613287420193636,2.36055064201355
conf_icosphere_sub3,3,"10,16,31",2108933185,global,-7.201470836859087,0.014401433989405632,0.00015026074834167957,0.0003510315438659813,1.2301247119903564
conf_icosphere_sub3,3,"10,16,31",2108933185,oracle_local,-7.201470836859087,0.007999629713594913,0.00012985517969354987,0.00042362375764114376,1.8868709802627563
conf_icosphere_sub3,3,"0,3,10",1052344058,global,-6.973767475219269,0.010475472547113895,0.00016909698024392128,0.00037589655427347154,1.2541415691375732
conf_icosphere_sub3,3,"0,3,10",1052344058,oracle_local,-6.973767475219269,0.006464432459324598,0.0001398921012878418,0.00042738335453506074,1.768552541732788
conf_icosphere_sub3,3,"3,11,13",108125044,global,-7.112178589031415,0.018352242186665535,0.0001608412858331576,0.00036979053240122645,1.2924201488494873
conf_icosphere_sub3,3,"3,11,13",108125044,oracle_local,-7.112178589031415,0.008184036239981651,0.0001282219309359789,0.00043077602732511527,1.9789340496063232
conf_icosphere_sub3,3,"2,17,26",836633298,global,-7.410730641666356,0.011741104535758495,0.00011814799654530361,0.0003739959018206123,1.64872407913208
conf_icosphere_sub3,3,"2,17,26",836633298,oracle_local,-7.410730641666356,0.007290831301361322,0.00010462728096172214,0.00045061281742664783,2.624997138977051
conf_icosphere_sub3,3,"12,19,27",1188728645,global,-8.19319686145656,0.021477114409208298,0.00010390447278041393,0.00028059410243736583,1.208746075630188
conf_icosphere_sub3,3,"12,19,27",1188728645,oracle_local,-8.19319686145656,0.009648856706917286,9.725573909236118e-05,0.0004313930076802221,2.6071927547454834
conf_icosphere_sub3,3,"1,20,31",83508201,global,-7.826572231084163,0.008456042036414146,9.556917939335108e-05,0.0003528103645860434,1.684045433998108
conf_icosphere_sub3,3,"1,20,31",83508201,oracle_local,-7.826572231084163,0.007656348869204521,9.57670999923721e-05,0.0004401742349485139,2.632434606552124
conf_icosphere_sub3,3,"4,18,29",476553031,global,-7.287353098073726,0.01250738650560379,0.00012912227248307317,0.0003595417521696331,1.4671248197555542
conf_icosphere_sub3,3,"4,18,29",476553031,oracle_local,-7.287353098073726,0.007865967229008675,0.00010851294791791588,0.00043528043021995294,2.313117027282715
conf_icosphere_sub3,3,"5,11,13",1530942788,global,-7.031767192802501,0.011839195154607296,0.0001698593987384811,0.00037524263416494844,1.2552484273910522
conf_icosphere_sub3,3,"5,11,13",1530942788,oracle_local,-7.031767192802501,0.0060509550385177135,0.000131380365928635,0.00044078553674129807,1.982865810394287
conf_icosphere_sub3,3,"3,9,18",143306695,global,-7.045599134772216,0.012408720329403877,0.00013429176760837436,0.0003574984537994554,1.400682806968689
conf_icosphere_sub3,3,"3,9,18",143306695,oracle_local,-7.045599134772216,0.007660794071853161,0.00011425898992456496,0.00043613287420193636,2.36055064201355
conf_icosphere_sub3,5,"3,11,22,27,30",302903877,global,-7.7309903117237,0.010255455039441586,0.00010092651064042002,0.000366041848013581,1.7549197673797607
conf_icosphere_sub3,5,"3,11,22,27,30",302903877,oracle_local,-7.7309903117237,0.008020203560590744,0.00010437282617203891,0.00043813810496373575,2.37837553024292
conf_icosphere_sub3,3,"0,3,10",1052344058,global,-6.973767475219269,0.010475472547113895,0.00016909698024392128,0.00037589655427347154,1.2541415691375732
conf_icosphere_sub3,3,"0,3,10",1052344058,oracle_local,-6.973767475219269,0.006464432459324598,0.0001398921012878418,0.00042738335453506074,1.768552541732788
conf_icosphere_sub3,3,"2,17,26",836633298,global,-7.410730641666356,0.011741104535758495,0.00011814799654530361,0.0003739959018206123,1.64872407913208
conf_icosphere_sub3,3,"2,17,26",836633298,oracle_local,-7.410730641666356,0.007290831301361322,0.00010462728096172214,0.00045061281742664783,2.624997138977051
conf_icosphere_sub3,5,"2,20,24,26,29",1729151043,global,-7.336262617497835,0.009159209206700325,0.00011662216274999082,0.0003953154079377487,1.7559340000152588
conf_icosphere_sub3,5,"2,20,24,26,29",1729151043,oracle_local,-7.336262617497835,0.006792229134589434,0.00011161761358380318,0.0004490992809642348,2.319488525390625
conf_icosphere_sub3,3,"1,20,31",83508201,global,-7.826572231084163,0.008456042036414146,9.556917939335108e-05,0.0003528103645860434,1.684045433998108
conf_icosphere_sub3,3,"1,20,31",83508201,oracle_local,-7.826572231084163,0.007656348869204521,9.57670999923721e-05,0.0004401742349485139,2.632434606552124
conf_icosphere_sub3,5,"11,19,22,25,26",801498552,global,-7.4356043036020365,0.008748787455260754,0.00010380370076745749,0.00038599834678647077,1.8385764360427856
conf_icosphere_sub3,5,"11,19,22,25,26",801498552,oracle_local,-7.4356043036020365,0.006510942708700895,0.00010451285197632387,0.00045332946736075576,2.6274890899658203
conf_icosphere_sub3,3,"5,11,13",1530942788,global,-7.031767192802501,0.011839195154607296,0.0001698593987384811,0.00037524263416494844,1.2552484273910522
conf_icosphere_sub3,3,"5,11,13",1530942788,oracle_local,-7.031767192802501,0.0060509550385177135,0.000131380365928635,0.00044078553674129807,1.982865810394287
conf_icosphere_sub3,5,"4,7,18,26,28",1067894177,global,-7.446301522691084,0.008878500200808048,9.91885899566114e-05,0.00039394437037388273,2.00595760345459
conf_icosphere_sub3,5,"4,7,18,26,28",1067894177,oracle_local,-7.446301522691084,0.0064168162643909454,9.62101694312878e-05,0.00044888018099370713,2.6485087871551514
conf_icosphere_sub3,5,"3,11,22,27,30",302903877,global,-7.7309903117237,0.010255455039441586,0.00010092651064042002,0.000366041848013581,1.7549197673797607
conf_icosphere_sub3,5,"3,11,22,27,30",302903877,oracle_local,-7.7309903117237,0.008020203560590744,0.00010437282617203891,0.00043813810496373575,2.37837553024292
conf_icosphere_sub3,5,"4,8,15,23,24",225037800,global,-7.107602145078382,0.007838680408895016,0.00011463148985058069,0.0004057223951474542,1.8682091236114502
conf_icosphere_sub3,5,"4,8,15,23,24",225037800,oracle_local,-7.107602145078382,0.005963405128568411,0.00011008238652721047,0.00045366784079711026,2.373889207839966
conf_icosphere_sub3,5,"2,20,24,26,29",1729151043,global,-7.336262617497835,0.009159209206700325,0.00011662216274999082,0.0003953154079377487,1.7559340000152588
conf_icosphere_sub3,5,"2,20,24,26,29",1729151043,oracle_local,-7.336262617497835,0.006792229134589434,0.00011161761358380318,0.0004490992809642348,2.319488525390625
conf_icosphere_sub3,5,"5,9,10,16,19",470087968,global,-7.055308155195797,0.007403093855828047,0.00011662996985251084,0.00040518967815619106,1.8481298685073853
conf_icosphere_sub3,5,"5,9,10,16,19",470087968,oracle_local,-7.055308155195797,0.005634606815874577,0.00010888509859796613,0.00044616061143575497,2.32234787940979
conf_icosphere_sub3,5,"11,19,22,25,26",801498552,global,-7.4356043036020365,0.008748787455260754,0.00010380370076745749,0.00038599834678647077,1.8385764360427856
conf_icosphere_sub3,5,"11,19,22,25,26",801498552,oracle_local,-7.4356043036020365,0.006510942708700895,0.00010451285197632387,0.00045332946736075576,2.6274890899658203
conf_icosphere_sub3,5,"13,24,26,27,28",2062600224,global,-7.195175684161375,0.008938194252550602,0.0001246278261533007,0.00040764844390325436,1.7672268152236938
conf_icosphere_sub3,5,"13,24,26,27,28",2062600224,oracle_local,-7.195175684161375,0.006354912184178829,0.00011631949746515602,0.00045211451258552203,2.2308268547058105
conf_icosphere_sub3,5,"4,7,18,26,28",1067894177,global,-7.446301522691084,0.008878500200808048,9.91885899566114e-05,0.00039394437037388273,2.00595760345459
conf_icosphere_sub3,5,"4,7,18,26,28",1067894177,oracle_local,-7.446301522691084,0.0064168162643909454,9.62101694312878e-05,0.00044888018099370713,2.6485087871551514
conf_icosphere_sub3,5,"6,8,10,14,21",1276241104,global,-7.0419772823953215,0.00626967940479517,0.00011829692812170833,0.00043302747711980693,2.0528414249420166
conf_icosphere_sub3,5,"6,8,10,14,21",1276241104,oracle_local,-7.0419772823953215,0.005130863282829523,0.00010997830395353958,0.00046034588039049594,2.410123109817505
conf_icosphere_sub3,5,"4,8,15,23,24",225037800,global,-7.107602145078382,0.007838680408895016,0.00011463148985058069,0.0004057223951474542,1.8682091236114502
conf_icosphere_sub3,5,"4,8,15,23,24",225037800,oracle_local,-7.107602145078382,0.005963405128568411,0.00011008238652721047,0.00045366784079711026,2.373889207839966
conf_icosphere_sub3,5,"10,12,20,21,23",1516262622,global,-7.2857575490637485,0.008851336315274239,0.0001043512747855857,0.00039663663082815714,1.9782679080963135
conf_icosphere_sub3,5,"10,12,20,21,23",1516262622,oracle_local,-7.2857575490637485,0.006206338293850422,0.00010073378507513553,0.00045164069651744214,2.5562469959259033
conf_icosphere_sub3,5,"5,9,10,16,19",470087968,global,-7.055308155195797,0.007403093855828047,0.00011662996985251084,0.00040518967815619106,1.8481298685073853
conf_icosphere_sub3,5,"5,9,10,16,19",470087968,oracle_local,-7.055308155195797,0.005634606815874577,0.00010888509859796613,0.00044616061143575497,2.32234787940979
conf_icosphere_sub3,5,"2,18,19,26,28",1759887673,global,-7.342024542804224,0.009575569070875645,0.00011629567597992718,0.0003928368076152373,1.7456868886947632
conf_icosphere_sub3,5,"2,18,19,26,28",1759887673,oracle_local,-7.342024542804224,0.0069337566383183,0.00011261591862421483,0.00044679480604000105,2.297795295715332
conf_icosphere_sub3,5,"13,24,26,27,28",2062600224,global,-7.195175684161375,0.008938194252550602,0.0001246278261533007,0.00040764844390325436,1.7672268152236938
conf_icosphere_sub3,5,"13,24,26,27,28",2062600224,oracle_local,-7.195175684161375,0.006354912184178829,0.00011631949746515602,0.00045211451258552203,2.2308268547058105
conf_icosphere_sub3,5,"6,8,10,14,21",1276241104,global,-7.0419772823953215,0.00626967940479517,0.00011829692812170833,0.00043302747711980693,2.0528414249420166
conf_icosphere_sub3,5,"6,8,10,14,21",1276241104,oracle_local,-7.0419772823953215,0.005130863282829523,0.00010997830395353958,0.00046034588039049594,2.410123109817505
conf_icosphere_sub3,5,"10,12,20,21,23",1516262622,global,-7.2857575490637485,0.008851336315274239,0.0001043512747855857,0.00039663663082815714,1.9782679080963135
conf_icosphere_sub3,5,"10,12,20,21,23",1516262622,oracle_local,-7.2857575490637485,0.006206338293850422,0.00010073378507513553,0.00045164069651744214,2.5562469959259033
conf_icosphere_sub3,5,"2,18,19,26,28",1759887673,global,-7.342024542804224,0.009575569070875645,0.00011629567597992718,0.0003928368076152373,1.7456868886947632
conf_icosphere_sub3,5,"2,18,19,26,28",1759887673,oracle_local,-7.342024542804224,0.0069337566383183,0.00011261591862421483,0.00044679480604000105,2.297795295715332
